2025-04-22 13:04:40-998 [main] INFO  o.s.t.c.s.AnnotationConfigContextLoaderUtils - Could not detect default configuration classes for test class [com.yanki.users.service.api.service.UserServiceImplTest]: UserServiceImplTest does not declare any static, non-private, non-final, nested classes annotated with @Configuration. 
2025-04-22 13:04:41-251 [main] INFO  o.s.b.t.c.SpringBootTestContextBootstrapper - Found @SpringBootConfiguration com.yanki.users.service.api.UsersServiceApiApplication for test class com.yanki.users.service.api.service.UserServiceImplTest 
2025-04-22 13:04:44-581 [main] INFO  c.y.u.s.a.s.UserServiceImplTest - Starting UserServiceImplTest using Java 17.0.12 with PID 19140 (started by mgarcsar in C:\Users\mgarcsar\Documents\Bootcamp\etregables\Yanki\users-service-api) 
2025-04-22 13:04:44-582 [main] INFO  c.y.u.s.a.s.UserServiceImplTest - The following 1 profile is active: "local" 
2025-04-22 13:04:44-634 [main] INFO  o.s.c.c.c.ConfigServerConfigDataLoader - Fetching config from server at : http://config-server-bc:8888 
2025-04-22 13:04:44-635 [main] INFO  o.s.c.c.c.ConfigServerConfigDataLoader - Exception on Url - http://config-server-bc:8888:org.springframework.web.client.ResourceAccessException: I/O error on GET request for "http://config-server-bc:8888/users-service-api/default": config-server-bc. Will be trying the next url if available 
2025-04-22 13:04:44-635 [main] WARN  o.s.c.c.c.ConfigServerConfigDataLoader - Could not locate PropertySource ([ConfigServerConfigDataResource@12a9e864 uris = array<String>['http://config-server-bc:8888'], optional = true, profiles = 'default']): I/O error on GET request for "http://config-server-bc:8888/users-service-api/default": config-server-bc 
2025-04-22 13:04:44-635 [main] INFO  o.s.c.c.c.ConfigServerConfigDataLoader - Fetching config from server at : http://config-server-bc:8888 
2025-04-22 13:04:44-635 [main] INFO  o.s.c.c.c.ConfigServerConfigDataLoader - Exception on Url - http://config-server-bc:8888:org.springframework.web.client.ResourceAccessException: I/O error on GET request for "http://config-server-bc:8888/users-service-api/local": config-server-bc. Will be trying the next url if available 
2025-04-22 13:04:44-635 [main] WARN  o.s.c.c.c.ConfigServerConfigDataLoader - Could not locate PropertySource ([ConfigServerConfigDataResource@18ff753c uris = array<String>['http://config-server-bc:8888'], optional = true, profiles = 'local']): I/O error on GET request for "http://config-server-bc:8888/users-service-api/local": config-server-bc 
2025-04-22 13:04:44-635 [main] INFO  o.s.c.c.c.ConfigServerConfigDataLoader - Fetching config from server at : http://config-server-bc:8888 
2025-04-22 13:04:44-636 [main] INFO  o.s.c.c.c.ConfigServerConfigDataLoader - Exception on Url - http://config-server-bc:8888:org.springframework.web.client.ResourceAccessException: I/O error on GET request for "http://config-server-bc:8888/users-service-api/default": config-server-bc. Will be trying the next url if available 
2025-04-22 13:04:44-636 [main] WARN  o.s.c.c.c.ConfigServerConfigDataLoader - Could not locate PropertySource ([ConfigServerConfigDataResource@2ff62720 uris = array<String>['http://config-server-bc:8888'], optional = true, profiles = 'default']): I/O error on GET request for "http://config-server-bc:8888/users-service-api/default": config-server-bc 
2025-04-22 13:04:46-359 [main] INFO  o.s.d.r.c.RepositoryConfigurationDelegate - Bootstrapping Spring Data Reactive MongoDB repositories in DEFAULT mode. 
2025-04-22 13:04:46-870 [main] INFO  o.s.d.r.c.RepositoryConfigurationDelegate - Finished Spring Data repository scanning in 493 ms. Found 1 Reactive MongoDB repository interface. 
2025-04-22 13:04:47-292 [main] INFO  o.s.cloud.context.scope.GenericScope - BeanFactory id=e86b576e-4c09-3c35-8c50-12c4f596ec28 
2025-04-22 13:04:48-489 [main] INFO  org.mongodb.driver.client - MongoClient with metadata {"driver": {"name": "mongo-java-driver|reactive-streams|spring-boot", "version": "5.2.1"}, "os": {"type": "Windows", "name": "Windows 10", "architecture": "amd64", "version": "10.0"}, "platform": "Java/Oracle Corporation/17.0.12+8-LTS-286"} created with settings MongoClientSettings{readPreference=primary, writeConcern=WriteConcern{w=null, wTimeout=null ms, journal=null}, retryWrites=true, retryReads=true, readConcern=ReadConcern{level=null}, credential=null, transportSettings=NettyTransportSettings{eventLoopGroup=io.netty.channel.nio.NioEventLoopGroup@77aa1e4, socketChannelClass=null, allocator=null, sslContext=null}, commandListeners=[io.micrometer.core.instrument.binder.mongodb.MongoMetricsCommandListener@5e454172], codecRegistry=ProvidersCodecRegistry{codecProviders=[ValueCodecProvider{}, BsonValueCodecProvider{}, DBRefCodecProvider{}, DBObjectCodecProvider{}, DocumentCodecProvider{}, CollectionCodecProvider{}, IterableCodecProvider{}, MapCodecProvider{}, GeoJsonCodecProvider{}, GridFSFileCodecProvider{}, Jsr310CodecProvider{}, JsonObjectCodecProvider{}, BsonCodecProvider{}, EnumCodecProvider{}, com.mongodb.client.model.mql.ExpressionCodecProvider@2e3e587, com.mongodb.Jep395RecordCodecProvider@65514a3d, com.mongodb.KotlinCodecProvider@3776a2f2]}, loggerSettings=LoggerSettings{maxDocumentLength=1000}, clusterSettings={hosts=[localhost:27017], srvServiceName=mongodb, mode=SINGLE, requiredClusterType=UNKNOWN, requiredReplicaSetName='null', serverSelector='null', clusterListeners='[]', serverSelectionTimeout='30000 ms', localThreshold='15 ms'}, socketSettings=SocketSettings{connectTimeoutMS=10000, readTimeoutMS=0, receiveBufferSize=0, proxySettings=ProxySettings{host=null, port=null, username=null, password=null}}, heartbeatSocketSettings=SocketSettings{connectTimeoutMS=10000, readTimeoutMS=10000, receiveBufferSize=0, proxySettings=ProxySettings{host=null, port=null, username=null, password=null}}, connectionPoolSettings=ConnectionPoolSettings{maxSize=100, minSize=0, maxWaitTimeMS=120000, maxConnectionLifeTimeMS=0, maxConnectionIdleTimeMS=0, maintenanceInitialDelayMS=0, maintenanceFrequencyMS=60000, connectionPoolListeners=[io.micrometer.core.instrument.binder.mongodb.MongoMetricsConnectionPoolListener@434c2bbf], maxConnecting=2}, serverSettings=ServerSettings{heartbeatFrequencyMS=10000, minHeartbeatFrequencyMS=500, serverMonitoringMode=AUTO, serverListeners='[]', serverMonitorListeners='[]'}, sslSettings=SslSettings{enabled=false, invalidHostNameAllowed=false, context=null}, applicationName='null', compressorList=[], uuidRepresentation=JAVA_LEGACY, serverApi=null, autoEncryptionSettings=null, dnsClient=null, inetAddressResolver=null, contextProvider=null, timeoutMS=null} 
2025-04-22 13:04:48-701 [cluster-ClusterId{value='6807da400047644519a330be', description='null'}-localhost:27017] INFO  org.mongodb.driver.cluster - Monitor thread successfully connected to server with description ServerDescription{address=localhost:27017, type=STANDALONE, cryptd=false, state=CONNECTED, ok=true, minWireVersion=0, maxWireVersion=25, maxDocumentSize=16777216, logicalSessionTimeoutMinutes=30, roundTripTimeNanos=106151200, minRoundTripTimeNanos=0} 
2025-04-22 13:04:50-215 [main] INFO  o.s.v.b.OptionalValidatorFactoryBean - Failed to set up a Bean Validation provider: jakarta.validation.NoProviderFoundException: Unable to create a Configuration, because no Jakarta Bean Validation provider could be found. Add a provider like Hibernate Validator (RI) to your classpath. 
2025-04-22 13:04:51-838 [main] INFO  o.s.b.a.e.web.EndpointLinksResolver - Exposing 2 endpoints beneath base path '/actuator' 
2025-04-22 13:04:52-772 [main] INFO  o.s.c.n.e.c.DiscoveryClientOptionalArgsConfiguration - Eureka HTTP Client uses RestTemplate. 
2025-04-22 13:04:52-839 [main] WARN  o.s.c.l.c.LoadBalancerCacheAutoConfiguration$LoadBalancerCaffeineWarnLogger - Spring Cloud LoadBalancer is currently working with the default cache. While this cache implementation is useful for development and tests, it's recommended to use Caffeine cache in production.You can switch to using Caffeine cache, by adding it and org.springframework.cache.caffeine.CaffeineCacheManager to the classpath. 
2025-04-22 13:04:53-009 [main] INFO  o.s.c.n.eureka.InstanceInfoFactory - Setting initial instance status as: STARTING 
2025-04-22 13:04:53-044 [main] INFO  c.netflix.discovery.DiscoveryClient - Initializing Eureka in region us-east-1 
2025-04-22 13:04:53-051 [main] INFO  c.n.d.s.r.aws.ConfigClusterResolver - Resolving eureka endpoints via configuration 
2025-04-22 13:04:53-062 [main] INFO  c.netflix.discovery.DiscoveryClient - Disable delta property : false 
2025-04-22 13:04:53-062 [main] INFO  c.netflix.discovery.DiscoveryClient - Single vip registry refresh property : null 
2025-04-22 13:04:53-062 [main] INFO  c.netflix.discovery.DiscoveryClient - Force full registry fetch : false 
2025-04-22 13:04:53-062 [main] INFO  c.netflix.discovery.DiscoveryClient - Application is null : false 
2025-04-22 13:04:53-062 [main] INFO  c.netflix.discovery.DiscoveryClient - Registered Applications size is zero : true 
2025-04-22 13:04:53-062 [main] INFO  c.netflix.discovery.DiscoveryClient - Application version is -1: true 
2025-04-22 13:04:53-062 [main] INFO  c.netflix.discovery.DiscoveryClient - Getting all instance registry info from the eureka server 
2025-04-22 13:04:53-471 [main] INFO  c.netflix.discovery.DiscoveryClient - The response status is 200 
2025-04-22 13:04:53-474 [main] INFO  c.netflix.discovery.DiscoveryClient - Starting heartbeat executor: renew interval is: 30 
2025-04-22 13:04:53-477 [main] INFO  c.n.discovery.InstanceInfoReplicator - InstanceInfoReplicator onDemand update allowed rate per min is 4 
2025-04-22 13:04:53-479 [main] INFO  c.netflix.discovery.DiscoveryClient - Discovery Client initialized at timestamp 1745345093478 with initial instances count: 8 
2025-04-22 13:04:53-481 [main] INFO  o.s.c.n.e.s.EurekaServiceRegistry - Registering application USERS-SERVICE-API with eureka with status UP 
2025-04-22 13:04:53-482 [main] INFO  c.netflix.discovery.DiscoveryClient - Saw local status change event StatusChangeEvent [timestamp=1745345093482, current=UP, previous=STARTING] 
2025-04-22 13:04:53-485 [DiscoveryClient-InstanceInfoReplicator-%d] INFO  c.netflix.discovery.DiscoveryClient - DiscoveryClient_USERS-SERVICE-API/users-service-api:9191: registering service... 
2025-04-22 13:04:53-538 [DiscoveryClient-InstanceInfoReplicator-%d] INFO  c.netflix.discovery.DiscoveryClient - DiscoveryClient_USERS-SERVICE-API/users-service-api:9191 - registration status: 204 
2025-04-22 13:04:53-559 [main] INFO  o.a.k.c.consumer.ConsumerConfig - ConsumerConfig values: 
	allow.auto.create.topics = true
	auto.commit.interval.ms = 5000
	auto.include.jmx.reporter = true
	auto.offset.reset = latest
	bootstrap.servers = [localhost:9092]
	check.crcs = true
	client.dns.lookup = use_all_dns_ips
	client.id = consumer-user_group-1
	client.rack = 
	connections.max.idle.ms = 540000
	default.api.timeout.ms = 60000
	enable.auto.commit = false
	enable.metrics.push = true
	exclude.internal.topics = true
	fetch.max.bytes = 52428800
	fetch.max.wait.ms = 500
	fetch.min.bytes = 1
	group.id = user_group
	group.instance.id = null
	group.protocol = classic
	group.remote.assignor = null
	heartbeat.interval.ms = 3000
	interceptor.classes = []
	internal.leave.group.on.close = true
	internal.throw.on.fetch.stable.offset.unsupported = false
	isolation.level = read_uncommitted
	key.deserializer = class org.apache.kafka.common.serialization.StringDeserializer
	max.partition.fetch.bytes = 1048576
	max.poll.interval.ms = 300000
	max.poll.records = 500
	metadata.max.age.ms = 300000
	metadata.recovery.strategy = none
	metric.reporters = []
	metrics.num.samples = 2
	metrics.recording.level = INFO
	metrics.sample.window.ms = 30000
	partition.assignment.strategy = [class org.apache.kafka.clients.consumer.RangeAssignor, class org.apache.kafka.clients.consumer.CooperativeStickyAssignor]
	receive.buffer.bytes = 65536
	reconnect.backoff.max.ms = 1000
	reconnect.backoff.ms = 50
	request.timeout.ms = 30000
	retry.backoff.max.ms = 1000
	retry.backoff.ms = 100
	sasl.client.callback.handler.class = null
	sasl.jaas.config = null
	sasl.kerberos.kinit.cmd = /usr/bin/kinit
	sasl.kerberos.min.time.before.relogin = 60000
	sasl.kerberos.service.name = null
	sasl.kerberos.ticket.renew.jitter = 0.05
	sasl.kerberos.ticket.renew.window.factor = 0.8
	sasl.login.callback.handler.class = null
	sasl.login.class = null
	sasl.login.connect.timeout.ms = null
	sasl.login.read.timeout.ms = null
	sasl.login.refresh.buffer.seconds = 300
	sasl.login.refresh.min.period.seconds = 60
	sasl.login.refresh.window.factor = 0.8
	sasl.login.refresh.window.jitter = 0.05
	sasl.login.retry.backoff.max.ms = 10000
	sasl.login.retry.backoff.ms = 100
	sasl.mechanism = GSSAPI
	sasl.oauthbearer.clock.skew.seconds = 30
	sasl.oauthbearer.expected.audience = null
	sasl.oauthbearer.expected.issuer = null
	sasl.oauthbearer.jwks.endpoint.refresh.ms = 3600000
	sasl.oauthbearer.jwks.endpoint.retry.backoff.max.ms = 10000
	sasl.oauthbearer.jwks.endpoint.retry.backoff.ms = 100
	sasl.oauthbearer.jwks.endpoint.url = null
	sasl.oauthbearer.scope.claim.name = scope
	sasl.oauthbearer.sub.claim.name = sub
	sasl.oauthbearer.token.endpoint.url = null
	security.protocol = PLAINTEXT
	security.providers = null
	send.buffer.bytes = 131072
	session.timeout.ms = 45000
	socket.connection.setup.timeout.max.ms = 30000
	socket.connection.setup.timeout.ms = 10000
	ssl.cipher.suites = null
	ssl.enabled.protocols = [TLSv1.2, TLSv1.3]
	ssl.endpoint.identification.algorithm = https
	ssl.engine.factory.class = null
	ssl.key.password = null
	ssl.keymanager.algorithm = SunX509
	ssl.keystore.certificate.chain = null
	ssl.keystore.key = null
	ssl.keystore.location = null
	ssl.keystore.password = null
	ssl.keystore.type = JKS
	ssl.protocol = TLSv1.3
	ssl.provider = null
	ssl.secure.random.implementation = null
	ssl.trustmanager.algorithm = PKIX
	ssl.truststore.certificates = null
	ssl.truststore.location = null
	ssl.truststore.password = null
	ssl.truststore.type = JKS
	value.deserializer = class org.apache.kafka.common.serialization.StringDeserializer
 
2025-04-22 13:04:53-647 [main] INFO  o.a.k.c.t.i.KafkaMetricsCollector - initializing Kafka metrics collector 
2025-04-22 13:04:53-860 [main] INFO  o.a.kafka.common.utils.AppInfoParser - Kafka version: 3.8.1 
2025-04-22 13:04:53-860 [main] INFO  o.a.kafka.common.utils.AppInfoParser - Kafka commitId: 70d6ff42debf7e17 
2025-04-22 13:04:53-860 [main] INFO  o.a.kafka.common.utils.AppInfoParser - Kafka startTimeMs: 1745345093855 
2025-04-22 13:04:53-880 [main] INFO  o.a.k.c.c.i.LegacyKafkaConsumer - [Consumer clientId=consumer-user_group-1, groupId=user_group] Subscribed to topic(s): example-topic 
2025-04-22 13:04:53-924 [main] INFO  c.y.u.s.a.s.UserServiceImplTest - Started UserServiceImplTest in 11.977 seconds (process running for 14.727) 
2025-04-22 13:04:54-368 [org.springframework.kafka.KafkaListenerEndpointContainer#0-0-C-1] INFO  o.apache.kafka.clients.NetworkClient - [Consumer clientId=consumer-user_group-1, groupId=user_group] Node -1 disconnected. 
2025-04-22 13:04:54-370 [org.springframework.kafka.KafkaListenerEndpointContainer#0-0-C-1] WARN  o.apache.kafka.clients.NetworkClient - [Consumer clientId=consumer-user_group-1, groupId=user_group] Connection to node -1 (localhost/127.0.0.1:9092) could not be established. Node may not be available. 
2025-04-22 13:04:54-370 [org.springframework.kafka.KafkaListenerEndpointContainer#0-0-C-1] WARN  o.apache.kafka.clients.NetworkClient - [Consumer clientId=consumer-user_group-1, groupId=user_group] Bootstrap broker localhost:9092 (id: -1 rack: null) disconnected 
2025-04-22 13:04:54-482 [org.springframework.kafka.KafkaListenerEndpointContainer#0-0-C-1] INFO  o.apache.kafka.clients.NetworkClient - [Consumer clientId=consumer-user_group-1, groupId=user_group] Node -1 disconnected. 
2025-04-22 13:04:54-483 [org.springframework.kafka.KafkaListenerEndpointContainer#0-0-C-1] WARN  o.apache.kafka.clients.NetworkClient - [Consumer clientId=consumer-user_group-1, groupId=user_group] Connection to node -1 (localhost/127.0.0.1:9092) could not be established. Node may not be available. 
2025-04-22 13:04:54-483 [org.springframework.kafka.KafkaListenerEndpointContainer#0-0-C-1] WARN  o.apache.kafka.clients.NetworkClient - [Consumer clientId=consumer-user_group-1, groupId=user_group] Bootstrap broker localhost:9092 (id: -1 rack: null) disconnected 
2025-04-22 13:04:54-607 [org.springframework.kafka.KafkaListenerEndpointContainer#0-0-C-1] INFO  o.apache.kafka.clients.NetworkClient - [Consumer clientId=consumer-user_group-1, groupId=user_group] Node -1 disconnected. 
2025-04-22 13:04:54-607 [org.springframework.kafka.KafkaListenerEndpointContainer#0-0-C-1] WARN  o.apache.kafka.clients.NetworkClient - [Consumer clientId=consumer-user_group-1, groupId=user_group] Connection to node -1 (localhost/127.0.0.1:9092) could not be established. Node may not be available. 
2025-04-22 13:04:54-608 [org.springframework.kafka.KafkaListenerEndpointContainer#0-0-C-1] WARN  o.apache.kafka.clients.NetworkClient - [Consumer clientId=consumer-user_group-1, groupId=user_group] Bootstrap broker localhost:9092 (id: -1 rack: null) disconnected 
2025-04-22 13:04:54-854 [org.springframework.kafka.KafkaListenerEndpointContainer#0-0-C-1] INFO  o.apache.kafka.clients.NetworkClient - [Consumer clientId=consumer-user_group-1, groupId=user_group] Node -1 disconnected. 
2025-04-22 13:04:54-855 [org.springframework.kafka.KafkaListenerEndpointContainer#0-0-C-1] WARN  o.apache.kafka.clients.NetworkClient - [Consumer clientId=consumer-user_group-1, groupId=user_group] Connection to node -1 (localhost/127.0.0.1:9092) could not be established. Node may not be available. 
2025-04-22 13:04:54-855 [org.springframework.kafka.KafkaListenerEndpointContainer#0-0-C-1] WARN  o.apache.kafka.clients.NetworkClient - [Consumer clientId=consumer-user_group-1, groupId=user_group] Bootstrap broker localhost:9092 (id: -1 rack: null) disconnected 
2025-04-22 13:04:54-973 [main] INFO  c.y.u.s.api.service.UserServiceImpl - Subscribed to yanki user request 
2025-04-22 13:04:55-038 [main] INFO  c.y.u.s.api.service.UserServiceImpl - Subscribed to yanki user respose 
2025-04-22 13:04:55-237 [SpringApplicationShutdownHook] INFO  o.s.c.n.e.s.EurekaServiceRegistry - Unregistering application USERS-SERVICE-API with eureka with status DOWN 
2025-04-22 13:04:55-237 [SpringApplicationShutdownHook] INFO  c.netflix.discovery.DiscoveryClient - Saw local status change event StatusChangeEvent [timestamp=1745345095237, current=DOWN, previous=UP] 
2025-04-22 13:04:55-238 [DiscoveryClient-InstanceInfoReplicator-%d] INFO  c.netflix.discovery.DiscoveryClient - DiscoveryClient_USERS-SERVICE-API/users-service-api:9191: registering service... 
2025-04-22 13:04:55-249 [DiscoveryClient-InstanceInfoReplicator-%d] INFO  c.netflix.discovery.DiscoveryClient - DiscoveryClient_USERS-SERVICE-API/users-service-api:9191 - registration status: 204 
2025-04-22 13:04:55-344 [org.springframework.kafka.KafkaListenerEndpointContainer#0-0-C-1] INFO  o.apache.kafka.clients.NetworkClient - [Consumer clientId=consumer-user_group-1, groupId=user_group] Node -1 disconnected. 
2025-04-22 13:04:55-344 [org.springframework.kafka.KafkaListenerEndpointContainer#0-0-C-1] WARN  o.apache.kafka.clients.NetworkClient - [Consumer clientId=consumer-user_group-1, groupId=user_group] Connection to node -1 (localhost/127.0.0.1:9092) could not be established. Node may not be available. 
2025-04-22 13:04:55-344 [org.springframework.kafka.KafkaListenerEndpointContainer#0-0-C-1] WARN  o.apache.kafka.clients.NetworkClient - [Consumer clientId=consumer-user_group-1, groupId=user_group] Bootstrap broker localhost:9092 (id: -1 rack: null) disconnected 
2025-04-22 13:04:55-703 [org.springframework.kafka.KafkaListenerEndpointContainer#0-0-C-1] INFO  o.a.k.c.c.i.ConsumerCoordinator - [Consumer clientId=consumer-user_group-1, groupId=user_group] Resetting generation and member id due to: consumer pro-actively leaving the group 
2025-04-22 13:04:55-704 [org.springframework.kafka.KafkaListenerEndpointContainer#0-0-C-1] INFO  o.a.k.c.c.i.ConsumerCoordinator - [Consumer clientId=consumer-user_group-1, groupId=user_group] Request joining group due to: consumer pro-actively leaving the group 
2025-04-22 13:04:55-704 [org.springframework.kafka.KafkaListenerEndpointContainer#0-0-C-1] INFO  o.a.k.c.c.i.LegacyKafkaConsumer - [Consumer clientId=consumer-user_group-1, groupId=user_group] Unsubscribed all topics or patterns and assigned partitions 
2025-04-22 13:04:55-706 [org.springframework.kafka.KafkaListenerEndpointContainer#0-0-C-1] INFO  o.a.k.c.c.i.ConsumerCoordinator - [Consumer clientId=consumer-user_group-1, groupId=user_group] Resetting generation and member id due to: consumer pro-actively leaving the group 
2025-04-22 13:04:55-706 [org.springframework.kafka.KafkaListenerEndpointContainer#0-0-C-1] INFO  o.a.k.c.c.i.ConsumerCoordinator - [Consumer clientId=consumer-user_group-1, groupId=user_group] Request joining group due to: consumer pro-actively leaving the group 
2025-04-22 13:04:55-713 [org.springframework.kafka.KafkaListenerEndpointContainer#0-0-C-1] INFO  o.a.kafka.common.metrics.Metrics - Metrics scheduler closed 
2025-04-22 13:04:55-713 [org.springframework.kafka.KafkaListenerEndpointContainer#0-0-C-1] INFO  o.a.kafka.common.metrics.Metrics - Closing reporter org.apache.kafka.common.metrics.JmxReporter 
2025-04-22 13:04:55-713 [org.springframework.kafka.KafkaListenerEndpointContainer#0-0-C-1] INFO  o.a.kafka.common.metrics.Metrics - Closing reporter org.apache.kafka.common.telemetry.internals.ClientTelemetryReporter 
2025-04-22 13:04:55-713 [org.springframework.kafka.KafkaListenerEndpointContainer#0-0-C-1] INFO  o.a.kafka.common.metrics.Metrics - Metrics reporters closed 
2025-04-22 13:04:55-719 [org.springframework.kafka.KafkaListenerEndpointContainer#0-0-C-1] INFO  o.a.kafka.common.utils.AppInfoParser - App info kafka.consumer for consumer-user_group-1 unregistered 
2025-04-22 13:04:55-722 [nioEventLoopGroup-2-3] INFO  c.y.u.s.api.service.UserServiceImpl - Yanki User Response: com.yanki.users.service.api.bean.YankiUserResponse@33740e18 
2025-04-22 13:04:55-722 [org.springframework.kafka.KafkaListenerEndpointContainer#0-0-C-1] INFO  o.s.k.l.KafkaMessageListenerContainer - user_group: Consumer stopped 
2025-04-22 13:04:57-834 [SpringApplicationShutdownHook] INFO  c.netflix.discovery.DiscoveryClient - Shutting down DiscoveryClient ... 
2025-04-22 13:05:00-841 [SpringApplicationShutdownHook] INFO  c.netflix.discovery.DiscoveryClient - Unregistering ... 
2025-04-22 13:05:00-859 [SpringApplicationShutdownHook] INFO  c.netflix.discovery.DiscoveryClient - DiscoveryClient_USERS-SERVICE-API/users-service-api:9191 - deregister  status: 200 
2025-04-22 13:05:00-860 [SpringApplicationShutdownHook] INFO  c.netflix.discovery.DiscoveryClient - Completed shut down of DiscoveryClient 
2025-04-22 14:33:02-080 [main] INFO  o.s.t.c.s.AnnotationConfigContextLoaderUtils - Could not detect default configuration classes for test class [com.yanki.users.service.api.service.UserServiceImplTest]: UserServiceImplTest does not declare any static, non-private, non-final, nested classes annotated with @Configuration. 
2025-04-22 14:33:02-449 [main] INFO  o.s.b.t.c.SpringBootTestContextBootstrapper - Found @SpringBootConfiguration com.yanki.users.service.api.UsersServiceApiApplication for test class com.yanki.users.service.api.service.UserServiceImplTest 
2025-04-22 14:33:07-722 [main] INFO  c.y.u.s.a.s.UserServiceImplTest - Starting UserServiceImplTest using Java 17.0.12 with PID 4028 (started by mgarcsar in C:\Users\mgarcsar\Documents\Bootcamp\etregables\Yanki\users-service-api) 
2025-04-22 14:33:07-723 [main] INFO  c.y.u.s.a.s.UserServiceImplTest - The following 1 profile is active: "local" 
2025-04-22 14:33:07-770 [main] INFO  o.s.c.c.c.ConfigServerConfigDataLoader - Fetching config from server at : http://config-server-bc:8888 
2025-04-22 14:33:07-770 [main] INFO  o.s.c.c.c.ConfigServerConfigDataLoader - Exception on Url - http://config-server-bc:8888:org.springframework.web.client.ResourceAccessException: I/O error on GET request for "http://config-server-bc:8888/users-service-api/default": config-server-bc. Will be trying the next url if available 
2025-04-22 14:33:07-770 [main] WARN  o.s.c.c.c.ConfigServerConfigDataLoader - Could not locate PropertySource ([ConfigServerConfigDataResource@2079fcfc uris = array<String>['http://config-server-bc:8888'], optional = true, profiles = 'default']): I/O error on GET request for "http://config-server-bc:8888/users-service-api/default": config-server-bc 
2025-04-22 14:33:07-770 [main] INFO  o.s.c.c.c.ConfigServerConfigDataLoader - Fetching config from server at : http://config-server-bc:8888 
2025-04-22 14:33:07-771 [main] INFO  o.s.c.c.c.ConfigServerConfigDataLoader - Exception on Url - http://config-server-bc:8888:org.springframework.web.client.ResourceAccessException: I/O error on GET request for "http://config-server-bc:8888/users-service-api/local": config-server-bc. Will be trying the next url if available 
2025-04-22 14:33:07-771 [main] WARN  o.s.c.c.c.ConfigServerConfigDataLoader - Could not locate PropertySource ([ConfigServerConfigDataResource@14d36bb2 uris = array<String>['http://config-server-bc:8888'], optional = true, profiles = 'local']): I/O error on GET request for "http://config-server-bc:8888/users-service-api/local": config-server-bc 
2025-04-22 14:33:07-771 [main] INFO  o.s.c.c.c.ConfigServerConfigDataLoader - Fetching config from server at : http://config-server-bc:8888 
2025-04-22 14:33:07-771 [main] INFO  o.s.c.c.c.ConfigServerConfigDataLoader - Exception on Url - http://config-server-bc:8888:org.springframework.web.client.ResourceAccessException: I/O error on GET request for "http://config-server-bc:8888/users-service-api/default": config-server-bc. Will be trying the next url if available 
2025-04-22 14:33:07-771 [main] WARN  o.s.c.c.c.ConfigServerConfigDataLoader - Could not locate PropertySource ([ConfigServerConfigDataResource@432448 uris = array<String>['http://config-server-bc:8888'], optional = true, profiles = 'default']): I/O error on GET request for "http://config-server-bc:8888/users-service-api/default": config-server-bc 
2025-04-22 14:33:09-267 [main] INFO  o.s.d.r.c.RepositoryConfigurationDelegate - Bootstrapping Spring Data Reactive MongoDB repositories in DEFAULT mode. 
2025-04-22 14:33:09-880 [main] INFO  o.s.d.r.c.RepositoryConfigurationDelegate - Finished Spring Data repository scanning in 603 ms. Found 1 Reactive MongoDB repository interface. 
2025-04-22 14:33:10-546 [main] INFO  o.s.cloud.context.scope.GenericScope - BeanFactory id=e86b576e-4c09-3c35-8c50-12c4f596ec28 
2025-04-22 14:33:11-950 [main] INFO  org.mongodb.driver.client - MongoClient with metadata {"driver": {"name": "mongo-java-driver|reactive-streams|spring-boot", "version": "5.2.1"}, "os": {"type": "Windows", "name": "Windows 10", "architecture": "amd64", "version": "10.0"}, "platform": "Java/Oracle Corporation/17.0.12+8-LTS-286"} created with settings MongoClientSettings{readPreference=primary, writeConcern=WriteConcern{w=null, wTimeout=null ms, journal=null}, retryWrites=true, retryReads=true, readConcern=ReadConcern{level=null}, credential=null, transportSettings=NettyTransportSettings{eventLoopGroup=io.netty.channel.nio.NioEventLoopGroup@2e3e587, socketChannelClass=null, allocator=null, sslContext=null}, commandListeners=[io.micrometer.core.instrument.binder.mongodb.MongoMetricsCommandListener@65514a3d], codecRegistry=ProvidersCodecRegistry{codecProviders=[ValueCodecProvider{}, BsonValueCodecProvider{}, DBRefCodecProvider{}, DBObjectCodecProvider{}, DocumentCodecProvider{}, CollectionCodecProvider{}, IterableCodecProvider{}, MapCodecProvider{}, GeoJsonCodecProvider{}, GridFSFileCodecProvider{}, Jsr310CodecProvider{}, JsonObjectCodecProvider{}, BsonCodecProvider{}, EnumCodecProvider{}, com.mongodb.client.model.mql.ExpressionCodecProvider@3776a2f2, com.mongodb.Jep395RecordCodecProvider@434c2bbf, com.mongodb.KotlinCodecProvider@5e1e218c]}, loggerSettings=LoggerSettings{maxDocumentLength=1000}, clusterSettings={hosts=[localhost:27017], srvServiceName=mongodb, mode=SINGLE, requiredClusterType=UNKNOWN, requiredReplicaSetName='null', serverSelector='null', clusterListeners='[]', serverSelectionTimeout='30000 ms', localThreshold='15 ms'}, socketSettings=SocketSettings{connectTimeoutMS=10000, readTimeoutMS=0, receiveBufferSize=0, proxySettings=ProxySettings{host=null, port=null, username=null, password=null}}, heartbeatSocketSettings=SocketSettings{connectTimeoutMS=10000, readTimeoutMS=10000, receiveBufferSize=0, proxySettings=ProxySettings{host=null, port=null, username=null, password=null}}, connectionPoolSettings=ConnectionPoolSettings{maxSize=100, minSize=0, maxWaitTimeMS=120000, maxConnectionLifeTimeMS=0, maxConnectionIdleTimeMS=0, maintenanceInitialDelayMS=0, maintenanceFrequencyMS=60000, connectionPoolListeners=[io.micrometer.core.instrument.binder.mongodb.MongoMetricsConnectionPoolListener@317188d0], maxConnecting=2}, serverSettings=ServerSettings{heartbeatFrequencyMS=10000, minHeartbeatFrequencyMS=500, serverMonitoringMode=AUTO, serverListeners='[]', serverMonitorListeners='[]'}, sslSettings=SslSettings{enabled=false, invalidHostNameAllowed=false, context=null}, applicationName='null', compressorList=[], uuidRepresentation=JAVA_LEGACY, serverApi=null, autoEncryptionSettings=null, dnsClient=null, inetAddressResolver=null, contextProvider=null, timeoutMS=null} 
2025-04-22 14:33:12-204 [cluster-ClusterId{value='6807eef78ae2c86b256cc380', description='null'}-localhost:27017] INFO  org.mongodb.driver.cluster - Monitor thread successfully connected to server with description ServerDescription{address=localhost:27017, type=STANDALONE, cryptd=false, state=CONNECTED, ok=true, minWireVersion=0, maxWireVersion=25, maxDocumentSize=16777216, logicalSessionTimeoutMinutes=30, roundTripTimeNanos=125395700, minRoundTripTimeNanos=0} 
2025-04-22 14:33:13-573 [main] INFO  o.s.v.b.OptionalValidatorFactoryBean - Failed to set up a Bean Validation provider: jakarta.validation.NoProviderFoundException: Unable to create a Configuration, because no Jakarta Bean Validation provider could be found. Add a provider like Hibernate Validator (RI) to your classpath. 
2025-04-22 14:33:15-696 [main] INFO  o.s.b.a.e.web.EndpointLinksResolver - Exposing 2 endpoints beneath base path '/actuator' 
2025-04-22 14:33:16-834 [main] INFO  o.s.c.n.e.c.DiscoveryClientOptionalArgsConfiguration - Eureka HTTP Client uses RestTemplate. 
2025-04-22 14:33:16-905 [main] WARN  o.s.c.l.c.LoadBalancerCacheAutoConfiguration$LoadBalancerCaffeineWarnLogger - Spring Cloud LoadBalancer is currently working with the default cache. While this cache implementation is useful for development and tests, it's recommended to use Caffeine cache in production.You can switch to using Caffeine cache, by adding it and org.springframework.cache.caffeine.CaffeineCacheManager to the classpath. 
2025-04-22 14:33:17-130 [main] INFO  o.s.c.n.eureka.InstanceInfoFactory - Setting initial instance status as: STARTING 
2025-04-22 14:33:17-188 [main] INFO  c.netflix.discovery.DiscoveryClient - Initializing Eureka in region us-east-1 
2025-04-22 14:33:17-200 [main] INFO  c.n.d.s.r.aws.ConfigClusterResolver - Resolving eureka endpoints via configuration 
2025-04-22 14:33:17-221 [main] INFO  c.netflix.discovery.DiscoveryClient - Disable delta property : false 
2025-04-22 14:33:17-222 [main] INFO  c.netflix.discovery.DiscoveryClient - Single vip registry refresh property : null 
2025-04-22 14:33:17-222 [main] INFO  c.netflix.discovery.DiscoveryClient - Force full registry fetch : false 
2025-04-22 14:33:17-222 [main] INFO  c.netflix.discovery.DiscoveryClient - Application is null : false 
2025-04-22 14:33:17-223 [main] INFO  c.netflix.discovery.DiscoveryClient - Registered Applications size is zero : true 
2025-04-22 14:33:17-223 [main] INFO  c.netflix.discovery.DiscoveryClient - Application version is -1: true 
2025-04-22 14:33:17-223 [main] INFO  c.netflix.discovery.DiscoveryClient - Getting all instance registry info from the eureka server 
2025-04-22 14:33:17-690 [main] INFO  c.netflix.discovery.DiscoveryClient - The response status is 200 
2025-04-22 14:33:17-695 [main] INFO  c.netflix.discovery.DiscoveryClient - Starting heartbeat executor: renew interval is: 30 
2025-04-22 14:33:17-699 [main] INFO  c.n.discovery.InstanceInfoReplicator - InstanceInfoReplicator onDemand update allowed rate per min is 4 
2025-04-22 14:33:17-701 [main] INFO  c.netflix.discovery.DiscoveryClient - Discovery Client initialized at timestamp 1745350397701 with initial instances count: 9 
2025-04-22 14:33:17-705 [main] INFO  o.s.c.n.e.s.EurekaServiceRegistry - Registering application USERS-SERVICE-API with eureka with status UP 
2025-04-22 14:33:17-706 [main] INFO  c.netflix.discovery.DiscoveryClient - Saw local status change event StatusChangeEvent [timestamp=1745350397706, current=UP, previous=STARTING] 
2025-04-22 14:33:17-708 [DiscoveryClient-InstanceInfoReplicator-%d] INFO  c.netflix.discovery.DiscoveryClient - DiscoveryClient_USERS-SERVICE-API/users-service-api:9191: registering service... 
2025-04-22 14:33:17-785 [DiscoveryClient-InstanceInfoReplicator-%d] INFO  c.netflix.discovery.DiscoveryClient - DiscoveryClient_USERS-SERVICE-API/users-service-api:9191 - registration status: 204 
2025-04-22 14:33:17-802 [main] INFO  o.a.k.c.consumer.ConsumerConfig - ConsumerConfig values: 
	allow.auto.create.topics = true
	auto.commit.interval.ms = 5000
	auto.include.jmx.reporter = true
	auto.offset.reset = latest
	bootstrap.servers = [localhost:9092]
	check.crcs = true
	client.dns.lookup = use_all_dns_ips
	client.id = consumer-user_group-1
	client.rack = 
	connections.max.idle.ms = 540000
	default.api.timeout.ms = 60000
	enable.auto.commit = false
	enable.metrics.push = true
	exclude.internal.topics = true
	fetch.max.bytes = 52428800
	fetch.max.wait.ms = 500
	fetch.min.bytes = 1
	group.id = user_group
	group.instance.id = null
	group.protocol = classic
	group.remote.assignor = null
	heartbeat.interval.ms = 3000
	interceptor.classes = []
	internal.leave.group.on.close = true
	internal.throw.on.fetch.stable.offset.unsupported = false
	isolation.level = read_uncommitted
	key.deserializer = class org.apache.kafka.common.serialization.StringDeserializer
	max.partition.fetch.bytes = 1048576
	max.poll.interval.ms = 300000
	max.poll.records = 500
	metadata.max.age.ms = 300000
	metadata.recovery.strategy = none
	metric.reporters = []
	metrics.num.samples = 2
	metrics.recording.level = INFO
	metrics.sample.window.ms = 30000
	partition.assignment.strategy = [class org.apache.kafka.clients.consumer.RangeAssignor, class org.apache.kafka.clients.consumer.CooperativeStickyAssignor]
	receive.buffer.bytes = 65536
	reconnect.backoff.max.ms = 1000
	reconnect.backoff.ms = 50
	request.timeout.ms = 30000
	retry.backoff.max.ms = 1000
	retry.backoff.ms = 100
	sasl.client.callback.handler.class = null
	sasl.jaas.config = null
	sasl.kerberos.kinit.cmd = /usr/bin/kinit
	sasl.kerberos.min.time.before.relogin = 60000
	sasl.kerberos.service.name = null
	sasl.kerberos.ticket.renew.jitter = 0.05
	sasl.kerberos.ticket.renew.window.factor = 0.8
	sasl.login.callback.handler.class = null
	sasl.login.class = null
	sasl.login.connect.timeout.ms = null
	sasl.login.read.timeout.ms = null
	sasl.login.refresh.buffer.seconds = 300
	sasl.login.refresh.min.period.seconds = 60
	sasl.login.refresh.window.factor = 0.8
	sasl.login.refresh.window.jitter = 0.05
	sasl.login.retry.backoff.max.ms = 10000
	sasl.login.retry.backoff.ms = 100
	sasl.mechanism = GSSAPI
	sasl.oauthbearer.clock.skew.seconds = 30
	sasl.oauthbearer.expected.audience = null
	sasl.oauthbearer.expected.issuer = null
	sasl.oauthbearer.jwks.endpoint.refresh.ms = 3600000
	sasl.oauthbearer.jwks.endpoint.retry.backoff.max.ms = 10000
	sasl.oauthbearer.jwks.endpoint.retry.backoff.ms = 100
	sasl.oauthbearer.jwks.endpoint.url = null
	sasl.oauthbearer.scope.claim.name = scope
	sasl.oauthbearer.sub.claim.name = sub
	sasl.oauthbearer.token.endpoint.url = null
	security.protocol = PLAINTEXT
	security.providers = null
	send.buffer.bytes = 131072
	session.timeout.ms = 45000
	socket.connection.setup.timeout.max.ms = 30000
	socket.connection.setup.timeout.ms = 10000
	ssl.cipher.suites = null
	ssl.enabled.protocols = [TLSv1.2, TLSv1.3]
	ssl.endpoint.identification.algorithm = https
	ssl.engine.factory.class = null
	ssl.key.password = null
	ssl.keymanager.algorithm = SunX509
	ssl.keystore.certificate.chain = null
	ssl.keystore.key = null
	ssl.keystore.location = null
	ssl.keystore.password = null
	ssl.keystore.type = JKS
	ssl.protocol = TLSv1.3
	ssl.provider = null
	ssl.secure.random.implementation = null
	ssl.trustmanager.algorithm = PKIX
	ssl.truststore.certificates = null
	ssl.truststore.location = null
	ssl.truststore.password = null
	ssl.truststore.type = JKS
	value.deserializer = class org.apache.kafka.common.serialization.StringDeserializer
 
2025-04-22 14:33:17-898 [main] INFO  o.a.k.c.t.i.KafkaMetricsCollector - initializing Kafka metrics collector 
2025-04-22 14:33:18-116 [main] INFO  o.a.kafka.common.utils.AppInfoParser - Kafka version: 3.8.1 
2025-04-22 14:33:18-116 [main] INFO  o.a.kafka.common.utils.AppInfoParser - Kafka commitId: 70d6ff42debf7e17 
2025-04-22 14:33:18-117 [main] INFO  o.a.kafka.common.utils.AppInfoParser - Kafka startTimeMs: 1745350398113 
2025-04-22 14:33:18-135 [main] INFO  o.a.k.c.c.i.LegacyKafkaConsumer - [Consumer clientId=consumer-user_group-1, groupId=user_group] Subscribed to topic(s): example-topic 
2025-04-22 14:33:18-177 [main] INFO  c.y.u.s.a.s.UserServiceImplTest - Started UserServiceImplTest in 14.786 seconds (process running for 18.151) 
2025-04-22 14:33:19-221 [org.springframework.kafka.KafkaListenerEndpointContainer#0-0-C-1] WARN  o.apache.kafka.clients.NetworkClient - [Consumer clientId=consumer-user_group-1, groupId=user_group] Error while fetching metadata with correlation id 2 : {example-topic=LEADER_NOT_AVAILABLE} 
2025-04-22 14:33:19-224 [org.springframework.kafka.KafkaListenerEndpointContainer#0-0-C-1] INFO  org.apache.kafka.clients.Metadata - [Consumer clientId=consumer-user_group-1, groupId=user_group] Cluster ID: R1XLCkdBR4O4KzE_70uX4A 
2025-04-22 14:33:19-834 [main] INFO  c.y.u.s.api.service.UserServiceImpl - Subscribed to yanki user request 
2025-04-22 14:33:20-018 [main] INFO  c.y.u.s.api.service.UserServiceImpl - Subscribed to yanki user respose 
2025-04-22 14:33:20-313 [SpringApplicationShutdownHook] INFO  o.s.c.n.e.s.EurekaServiceRegistry - Unregistering application USERS-SERVICE-API with eureka with status DOWN 
2025-04-22 14:33:20-314 [SpringApplicationShutdownHook] INFO  c.netflix.discovery.DiscoveryClient - Saw local status change event StatusChangeEvent [timestamp=1745350400314, current=DOWN, previous=UP] 
2025-04-22 14:33:20-315 [DiscoveryClient-InstanceInfoReplicator-%d] INFO  c.netflix.discovery.DiscoveryClient - DiscoveryClient_USERS-SERVICE-API/users-service-api:9191: registering service... 
2025-04-22 14:33:20-325 [DiscoveryClient-InstanceInfoReplicator-%d] INFO  c.netflix.discovery.DiscoveryClient - DiscoveryClient_USERS-SERVICE-API/users-service-api:9191 - registration status: 204 
2025-04-22 14:33:20-862 [nioEventLoopGroup-2-3] INFO  c.y.u.s.api.service.UserServiceImpl - Yanki User Response: com.yanki.users.service.api.bean.YankiUserResponse@c1d44c3 
2025-04-22 14:33:21-694 [org.springframework.kafka.KafkaListenerEndpointContainer#0-0-C-1] WARN  o.apache.kafka.clients.NetworkClient - [Consumer clientId=consumer-user_group-1, groupId=user_group] Error connecting to node kafka:9092 (id: 1001 rack: null) 
java.net.UnknownHostException: Host desconocido (kafka)
	at java.base/java.net.Inet6AddressImpl.lookupAllHostAddr(Native Method)
	at java.base/java.net.InetAddress$PlatformNameService.lookupAllHostAddr(InetAddress.java:933)
	at java.base/java.net.InetAddress.getAddressesFromNameService(InetAddress.java:1543)
	at java.base/java.net.InetAddress$NameServiceAddresses.get(InetAddress.java:852)
	at java.base/java.net.InetAddress.getAllByName0(InetAddress.java:1532)
	at java.base/java.net.InetAddress.getAllByName(InetAddress.java:1384)
	at java.base/java.net.InetAddress.getAllByName(InetAddress.java:1305)
	at org.apache.kafka.clients.DefaultHostResolver.resolve(DefaultHostResolver.java:27)
	at org.apache.kafka.clients.ClientUtils.resolve(ClientUtils.java:124)
	at org.apache.kafka.clients.ClusterConnectionStates$NodeConnectionState.resolveAddresses(ClusterConnectionStates.java:536)
	at org.apache.kafka.clients.ClusterConnectionStates$NodeConnectionState.currentAddress(ClusterConnectionStates.java:511)
	at org.apache.kafka.clients.ClusterConnectionStates$NodeConnectionState.access$200(ClusterConnectionStates.java:466)
	at org.apache.kafka.clients.ClusterConnectionStates.currentAddress(ClusterConnectionStates.java:173)
	at org.apache.kafka.clients.NetworkClient.initiateConnect(NetworkClient.java:1070)
	at org.apache.kafka.clients.NetworkClient.access$800(NetworkClient.java:76)
	at org.apache.kafka.clients.NetworkClient$DefaultMetadataUpdater.maybeUpdate(NetworkClient.java:1259)
	at org.apache.kafka.clients.NetworkClient$DefaultMetadataUpdater.maybeUpdate(NetworkClient.java:1159)
	at org.apache.kafka.clients.NetworkClient.poll(NetworkClient.java:592)
	at org.apache.kafka.clients.consumer.internals.ConsumerNetworkClient.poll(ConsumerNetworkClient.java:281)
	at org.apache.kafka.clients.consumer.internals.ConsumerNetworkClient.poll(ConsumerNetworkClient.java:252)
	at org.apache.kafka.clients.consumer.internals.ConsumerNetworkClient.poll(ConsumerNetworkClient.java:243)
	at org.apache.kafka.clients.consumer.internals.ConsumerNetworkClient.awaitMetadataUpdate(ConsumerNetworkClient.java:165)
	at org.apache.kafka.clients.consumer.internals.AbstractCoordinator.ensureCoordinatorReady(AbstractCoordinator.java:302)
	at org.apache.kafka.clients.consumer.internals.AbstractCoordinator.ensureCoordinatorReady(AbstractCoordinator.java:263)
	at org.apache.kafka.clients.consumer.internals.ConsumerCoordinator.coordinatorUnknownAndUnreadySync(ConsumerCoordinator.java:450)
	at org.apache.kafka.clients.consumer.internals.ConsumerCoordinator.poll(ConsumerCoordinator.java:482)
	at org.apache.kafka.clients.consumer.internals.LegacyKafkaConsumer.updateAssignmentMetadataIfNeeded(LegacyKafkaConsumer.java:652)
	at org.apache.kafka.clients.consumer.internals.LegacyKafkaConsumer.poll(LegacyKafkaConsumer.java:611)
	at org.apache.kafka.clients.consumer.internals.LegacyKafkaConsumer.poll(LegacyKafkaConsumer.java:591)
	at org.apache.kafka.clients.consumer.KafkaConsumer.poll(KafkaConsumer.java:874)
	at org.springframework.kafka.listener.KafkaMessageListenerContainer$ListenerConsumer.pollConsumer(KafkaMessageListenerContainer.java:1692)
	at org.springframework.kafka.listener.KafkaMessageListenerContainer$ListenerConsumer.doPoll(KafkaMessageListenerContainer.java:1667)
	at org.springframework.kafka.listener.KafkaMessageListenerContainer$ListenerConsumer.pollAndInvoke(KafkaMessageListenerContainer.java:1445)
	at org.springframework.kafka.listener.KafkaMessageListenerContainer$ListenerConsumer.run(KafkaMessageListenerContainer.java:1335)
	at java.base/java.util.concurrent.CompletableFuture$AsyncRun.run(CompletableFuture.java:1804)
	at java.base/java.lang.Thread.run(Thread.java:842)
2025-04-22 14:33:21-699 [org.springframework.kafka.KafkaListenerEndpointContainer#0-0-C-1] INFO  o.a.k.c.c.i.ConsumerCoordinator - [Consumer clientId=consumer-user_group-1, groupId=user_group] Resetting generation and member id due to: consumer pro-actively leaving the group 
2025-04-22 14:33:21-700 [org.springframework.kafka.KafkaListenerEndpointContainer#0-0-C-1] INFO  o.a.k.c.c.i.ConsumerCoordinator - [Consumer clientId=consumer-user_group-1, groupId=user_group] Request joining group due to: consumer pro-actively leaving the group 
2025-04-22 14:33:21-700 [org.springframework.kafka.KafkaListenerEndpointContainer#0-0-C-1] INFO  o.a.k.c.c.i.LegacyKafkaConsumer - [Consumer clientId=consumer-user_group-1, groupId=user_group] Unsubscribed all topics or patterns and assigned partitions 
2025-04-22 14:33:21-703 [org.springframework.kafka.KafkaListenerEndpointContainer#0-0-C-1] INFO  o.a.k.c.c.i.ConsumerCoordinator - [Consumer clientId=consumer-user_group-1, groupId=user_group] Resetting generation and member id due to: consumer pro-actively leaving the group 
2025-04-22 14:33:21-703 [org.springframework.kafka.KafkaListenerEndpointContainer#0-0-C-1] INFO  o.a.k.c.c.i.ConsumerCoordinator - [Consumer clientId=consumer-user_group-1, groupId=user_group] Request joining group due to: consumer pro-actively leaving the group 
2025-04-22 14:33:21-709 [org.springframework.kafka.KafkaListenerEndpointContainer#0-0-C-1] INFO  o.a.kafka.common.metrics.Metrics - Metrics scheduler closed 
2025-04-22 14:33:21-709 [org.springframework.kafka.KafkaListenerEndpointContainer#0-0-C-1] INFO  o.a.kafka.common.metrics.Metrics - Closing reporter org.apache.kafka.common.metrics.JmxReporter 
2025-04-22 14:33:21-710 [org.springframework.kafka.KafkaListenerEndpointContainer#0-0-C-1] INFO  o.a.kafka.common.metrics.Metrics - Closing reporter org.apache.kafka.common.telemetry.internals.ClientTelemetryReporter 
2025-04-22 14:33:21-710 [org.springframework.kafka.KafkaListenerEndpointContainer#0-0-C-1] INFO  o.a.kafka.common.metrics.Metrics - Metrics reporters closed 
2025-04-22 14:33:21-720 [org.springframework.kafka.KafkaListenerEndpointContainer#0-0-C-1] INFO  o.a.kafka.common.utils.AppInfoParser - App info kafka.consumer for consumer-user_group-1 unregistered 
2025-04-22 14:33:21-721 [org.springframework.kafka.KafkaListenerEndpointContainer#0-0-C-1] INFO  o.s.k.l.KafkaMessageListenerContainer - user_group: Consumer stopped 
2025-04-22 14:33:23-851 [SpringApplicationShutdownHook] INFO  c.netflix.discovery.DiscoveryClient - Shutting down DiscoveryClient ... 
2025-04-22 14:33:26-866 [SpringApplicationShutdownHook] INFO  c.netflix.discovery.DiscoveryClient - Unregistering ... 
2025-04-22 14:33:26-886 [SpringApplicationShutdownHook] INFO  c.netflix.discovery.DiscoveryClient - DiscoveryClient_USERS-SERVICE-API/users-service-api:9191 - deregister  status: 200 
2025-04-22 14:33:26-887 [SpringApplicationShutdownHook] INFO  c.netflix.discovery.DiscoveryClient - Completed shut down of DiscoveryClient 
2025-04-22 14:52:01-497 [main] INFO  o.s.t.c.s.AnnotationConfigContextLoaderUtils - Could not detect default configuration classes for test class [com.yanki.users.service.api.service.UserServiceImplTest]: UserServiceImplTest does not declare any static, non-private, non-final, nested classes annotated with @Configuration. 
2025-04-22 14:52:01-751 [main] INFO  o.s.b.t.c.SpringBootTestContextBootstrapper - Found @SpringBootConfiguration com.yanki.users.service.api.UsersServiceApiApplication for test class com.yanki.users.service.api.service.UserServiceImplTest 
2025-04-22 14:52:04-843 [main] INFO  c.y.u.s.a.s.UserServiceImplTest - Starting UserServiceImplTest using Java 17.0.12 with PID 8520 (started by mgarcsar in C:\Users\mgarcsar\Documents\Bootcamp\etregables\Yanki\users-service-api) 
2025-04-22 14:52:04-845 [main] INFO  c.y.u.s.a.s.UserServiceImplTest - The following 1 profile is active: "local" 
2025-04-22 14:52:04-905 [main] INFO  o.s.c.c.c.ConfigServerConfigDataLoader - Fetching config from server at : http://config-server-bc:8888 
2025-04-22 14:52:04-905 [main] INFO  o.s.c.c.c.ConfigServerConfigDataLoader - Exception on Url - http://config-server-bc:8888:org.springframework.web.client.ResourceAccessException: I/O error on GET request for "http://config-server-bc:8888/users-service-api/default": config-server-bc. Will be trying the next url if available 
2025-04-22 14:52:04-905 [main] WARN  o.s.c.c.c.ConfigServerConfigDataLoader - Could not locate PropertySource ([ConfigServerConfigDataResource@2079fcfc uris = array<String>['http://config-server-bc:8888'], optional = true, profiles = 'default']): I/O error on GET request for "http://config-server-bc:8888/users-service-api/default": config-server-bc 
2025-04-22 14:52:04-905 [main] INFO  o.s.c.c.c.ConfigServerConfigDataLoader - Fetching config from server at : http://config-server-bc:8888 
2025-04-22 14:52:04-906 [main] INFO  o.s.c.c.c.ConfigServerConfigDataLoader - Exception on Url - http://config-server-bc:8888:org.springframework.web.client.ResourceAccessException: I/O error on GET request for "http://config-server-bc:8888/users-service-api/local": config-server-bc. Will be trying the next url if available 
2025-04-22 14:52:04-906 [main] WARN  o.s.c.c.c.ConfigServerConfigDataLoader - Could not locate PropertySource ([ConfigServerConfigDataResource@14d36bb2 uris = array<String>['http://config-server-bc:8888'], optional = true, profiles = 'local']): I/O error on GET request for "http://config-server-bc:8888/users-service-api/local": config-server-bc 
2025-04-22 14:52:04-906 [main] INFO  o.s.c.c.c.ConfigServerConfigDataLoader - Fetching config from server at : http://config-server-bc:8888 
2025-04-22 14:52:04-906 [main] INFO  o.s.c.c.c.ConfigServerConfigDataLoader - Exception on Url - http://config-server-bc:8888:org.springframework.web.client.ResourceAccessException: I/O error on GET request for "http://config-server-bc:8888/users-service-api/default": config-server-bc. Will be trying the next url if available 
2025-04-22 14:52:04-906 [main] WARN  o.s.c.c.c.ConfigServerConfigDataLoader - Could not locate PropertySource ([ConfigServerConfigDataResource@432448 uris = array<String>['http://config-server-bc:8888'], optional = true, profiles = 'default']): I/O error on GET request for "http://config-server-bc:8888/users-service-api/default": config-server-bc 
2025-04-22 14:52:06-427 [main] INFO  o.s.d.r.c.RepositoryConfigurationDelegate - Bootstrapping Spring Data Reactive MongoDB repositories in DEFAULT mode. 
2025-04-22 14:52:06-985 [main] INFO  o.s.d.r.c.RepositoryConfigurationDelegate - Finished Spring Data repository scanning in 533 ms. Found 1 Reactive MongoDB repository interface. 
2025-04-22 14:52:07-435 [main] INFO  o.s.cloud.context.scope.GenericScope - BeanFactory id=611ef13d-e9cf-37e3-9654-11dd09564ea1 
2025-04-22 14:52:08-475 [main] INFO  org.mongodb.driver.client - MongoClient with metadata {"driver": {"name": "mongo-java-driver|reactive-streams|spring-boot", "version": "5.2.1"}, "os": {"type": "Windows", "name": "Windows 10", "architecture": "amd64", "version": "10.0"}, "platform": "Java/Oracle Corporation/17.0.12+8-LTS-286"} created with settings MongoClientSettings{readPreference=primary, writeConcern=WriteConcern{w=null, wTimeout=null ms, journal=null}, retryWrites=true, retryReads=true, readConcern=ReadConcern{level=null}, credential=null, transportSettings=NettyTransportSettings{eventLoopGroup=io.netty.channel.nio.NioEventLoopGroup@1a7186ef, socketChannelClass=null, allocator=null, sslContext=null}, commandListeners=[io.micrometer.core.instrument.binder.mongodb.MongoMetricsCommandListener@5f6da867], codecRegistry=ProvidersCodecRegistry{codecProviders=[ValueCodecProvider{}, BsonValueCodecProvider{}, DBRefCodecProvider{}, DBObjectCodecProvider{}, DocumentCodecProvider{}, CollectionCodecProvider{}, IterableCodecProvider{}, MapCodecProvider{}, GeoJsonCodecProvider{}, GridFSFileCodecProvider{}, Jsr310CodecProvider{}, JsonObjectCodecProvider{}, BsonCodecProvider{}, EnumCodecProvider{}, com.mongodb.client.model.mql.ExpressionCodecProvider@1227013b, com.mongodb.Jep395RecordCodecProvider@53a95744, com.mongodb.KotlinCodecProvider@45f9f520]}, loggerSettings=LoggerSettings{maxDocumentLength=1000}, clusterSettings={hosts=[localhost:27017], srvServiceName=mongodb, mode=SINGLE, requiredClusterType=UNKNOWN, requiredReplicaSetName='null', serverSelector='null', clusterListeners='[]', serverSelectionTimeout='30000 ms', localThreshold='15 ms'}, socketSettings=SocketSettings{connectTimeoutMS=10000, readTimeoutMS=0, receiveBufferSize=0, proxySettings=ProxySettings{host=null, port=null, username=null, password=null}}, heartbeatSocketSettings=SocketSettings{connectTimeoutMS=10000, readTimeoutMS=10000, receiveBufferSize=0, proxySettings=ProxySettings{host=null, port=null, username=null, password=null}}, connectionPoolSettings=ConnectionPoolSettings{maxSize=100, minSize=0, maxWaitTimeMS=120000, maxConnectionLifeTimeMS=0, maxConnectionIdleTimeMS=0, maintenanceInitialDelayMS=0, maintenanceFrequencyMS=60000, connectionPoolListeners=[io.micrometer.core.instrument.binder.mongodb.MongoMetricsConnectionPoolListener@77e55368], maxConnecting=2}, serverSettings=ServerSettings{heartbeatFrequencyMS=10000, minHeartbeatFrequencyMS=500, serverMonitoringMode=AUTO, serverListeners='[]', serverMonitorListeners='[]'}, sslSettings=SslSettings{enabled=false, invalidHostNameAllowed=false, context=null}, applicationName='null', compressorList=[], uuidRepresentation=JAVA_LEGACY, serverApi=null, autoEncryptionSettings=null, dnsClient=null, inetAddressResolver=null, contextProvider=null, timeoutMS=null} 
2025-04-22 14:52:08-702 [cluster-ClusterId{value='6807f3689456ae7713c6a294', description='null'}-localhost:27017] INFO  org.mongodb.driver.cluster - Monitor thread successfully connected to server with description ServerDescription{address=localhost:27017, type=STANDALONE, cryptd=false, state=CONNECTED, ok=true, minWireVersion=0, maxWireVersion=25, maxDocumentSize=16777216, logicalSessionTimeoutMinutes=30, roundTripTimeNanos=112012300, minRoundTripTimeNanos=0} 
2025-04-22 14:52:09-819 [main] INFO  o.s.v.b.OptionalValidatorFactoryBean - Failed to set up a Bean Validation provider: jakarta.validation.NoProviderFoundException: Unable to create a Configuration, because no Jakarta Bean Validation provider could be found. Add a provider like Hibernate Validator (RI) to your classpath. 
2025-04-22 14:52:11-704 [main] INFO  o.s.b.a.e.web.EndpointLinksResolver - Exposing 2 endpoints beneath base path '/actuator' 
2025-04-22 14:52:12-810 [main] INFO  o.s.c.n.e.c.DiscoveryClientOptionalArgsConfiguration - Eureka HTTP Client uses RestTemplate. 
2025-04-22 14:52:12-877 [main] WARN  o.s.c.l.c.LoadBalancerCacheAutoConfiguration$LoadBalancerCaffeineWarnLogger - Spring Cloud LoadBalancer is currently working with the default cache. While this cache implementation is useful for development and tests, it's recommended to use Caffeine cache in production.You can switch to using Caffeine cache, by adding it and org.springframework.cache.caffeine.CaffeineCacheManager to the classpath. 
2025-04-22 14:52:13-016 [main] INFO  o.s.c.n.eureka.InstanceInfoFactory - Setting initial instance status as: STARTING 
2025-04-22 14:52:13-061 [main] INFO  c.netflix.discovery.DiscoveryClient - Initializing Eureka in region us-east-1 
2025-04-22 14:52:13-074 [main] INFO  c.n.d.s.r.aws.ConfigClusterResolver - Resolving eureka endpoints via configuration 
2025-04-22 14:52:13-090 [main] INFO  c.netflix.discovery.DiscoveryClient - Disable delta property : false 
2025-04-22 14:52:13-090 [main] INFO  c.netflix.discovery.DiscoveryClient - Single vip registry refresh property : null 
2025-04-22 14:52:13-090 [main] INFO  c.netflix.discovery.DiscoveryClient - Force full registry fetch : false 
2025-04-22 14:52:13-090 [main] INFO  c.netflix.discovery.DiscoveryClient - Application is null : false 
2025-04-22 14:52:13-090 [main] INFO  c.netflix.discovery.DiscoveryClient - Registered Applications size is zero : true 
2025-04-22 14:52:13-090 [main] INFO  c.netflix.discovery.DiscoveryClient - Application version is -1: true 
2025-04-22 14:52:13-091 [main] INFO  c.netflix.discovery.DiscoveryClient - Getting all instance registry info from the eureka server 
2025-04-22 14:52:13-614 [main] INFO  c.netflix.discovery.DiscoveryClient - The response status is 200 
2025-04-22 14:52:13-618 [main] INFO  c.netflix.discovery.DiscoveryClient - Starting heartbeat executor: renew interval is: 30 
2025-04-22 14:52:13-621 [main] INFO  c.n.discovery.InstanceInfoReplicator - InstanceInfoReplicator onDemand update allowed rate per min is 4 
2025-04-22 14:52:13-623 [main] INFO  c.netflix.discovery.DiscoveryClient - Discovery Client initialized at timestamp 1745351533623 with initial instances count: 8 
2025-04-22 14:52:13-626 [main] INFO  o.s.c.n.e.s.EurekaServiceRegistry - Registering application USERS-SERVICE-API with eureka with status UP 
2025-04-22 14:52:13-627 [main] INFO  c.netflix.discovery.DiscoveryClient - Saw local status change event StatusChangeEvent [timestamp=1745351533627, current=UP, previous=STARTING] 
2025-04-22 14:52:13-630 [DiscoveryClient-InstanceInfoReplicator-%d] INFO  c.netflix.discovery.DiscoveryClient - DiscoveryClient_USERS-SERVICE-API/users-service-api:9191: registering service... 
2025-04-22 14:52:13-699 [DiscoveryClient-InstanceInfoReplicator-%d] INFO  c.netflix.discovery.DiscoveryClient - DiscoveryClient_USERS-SERVICE-API/users-service-api:9191 - registration status: 204 
2025-04-22 14:52:13-719 [main] INFO  o.a.k.c.consumer.ConsumerConfig - ConsumerConfig values: 
	allow.auto.create.topics = true
	auto.commit.interval.ms = 5000
	auto.include.jmx.reporter = true
	auto.offset.reset = latest
	bootstrap.servers = [localhost:9092]
	check.crcs = true
	client.dns.lookup = use_all_dns_ips
	client.id = consumer-user_group-1
	client.rack = 
	connections.max.idle.ms = 540000
	default.api.timeout.ms = 60000
	enable.auto.commit = false
	enable.metrics.push = true
	exclude.internal.topics = true
	fetch.max.bytes = 52428800
	fetch.max.wait.ms = 500
	fetch.min.bytes = 1
	group.id = user_group
	group.instance.id = null
	group.protocol = classic
	group.remote.assignor = null
	heartbeat.interval.ms = 3000
	interceptor.classes = []
	internal.leave.group.on.close = true
	internal.throw.on.fetch.stable.offset.unsupported = false
	isolation.level = read_uncommitted
	key.deserializer = class org.apache.kafka.common.serialization.StringDeserializer
	max.partition.fetch.bytes = 1048576
	max.poll.interval.ms = 300000
	max.poll.records = 500
	metadata.max.age.ms = 300000
	metadata.recovery.strategy = none
	metric.reporters = []
	metrics.num.samples = 2
	metrics.recording.level = INFO
	metrics.sample.window.ms = 30000
	partition.assignment.strategy = [class org.apache.kafka.clients.consumer.RangeAssignor, class org.apache.kafka.clients.consumer.CooperativeStickyAssignor]
	receive.buffer.bytes = 65536
	reconnect.backoff.max.ms = 1000
	reconnect.backoff.ms = 50
	request.timeout.ms = 30000
	retry.backoff.max.ms = 1000
	retry.backoff.ms = 100
	sasl.client.callback.handler.class = null
	sasl.jaas.config = null
	sasl.kerberos.kinit.cmd = /usr/bin/kinit
	sasl.kerberos.min.time.before.relogin = 60000
	sasl.kerberos.service.name = null
	sasl.kerberos.ticket.renew.jitter = 0.05
	sasl.kerberos.ticket.renew.window.factor = 0.8
	sasl.login.callback.handler.class = null
	sasl.login.class = null
	sasl.login.connect.timeout.ms = null
	sasl.login.read.timeout.ms = null
	sasl.login.refresh.buffer.seconds = 300
	sasl.login.refresh.min.period.seconds = 60
	sasl.login.refresh.window.factor = 0.8
	sasl.login.refresh.window.jitter = 0.05
	sasl.login.retry.backoff.max.ms = 10000
	sasl.login.retry.backoff.ms = 100
	sasl.mechanism = GSSAPI
	sasl.oauthbearer.clock.skew.seconds = 30
	sasl.oauthbearer.expected.audience = null
	sasl.oauthbearer.expected.issuer = null
	sasl.oauthbearer.jwks.endpoint.refresh.ms = 3600000
	sasl.oauthbearer.jwks.endpoint.retry.backoff.max.ms = 10000
	sasl.oauthbearer.jwks.endpoint.retry.backoff.ms = 100
	sasl.oauthbearer.jwks.endpoint.url = null
	sasl.oauthbearer.scope.claim.name = scope
	sasl.oauthbearer.sub.claim.name = sub
	sasl.oauthbearer.token.endpoint.url = null
	security.protocol = PLAINTEXT
	security.providers = null
	send.buffer.bytes = 131072
	session.timeout.ms = 45000
	socket.connection.setup.timeout.max.ms = 30000
	socket.connection.setup.timeout.ms = 10000
	ssl.cipher.suites = null
	ssl.enabled.protocols = [TLSv1.2, TLSv1.3]
	ssl.endpoint.identification.algorithm = https
	ssl.engine.factory.class = null
	ssl.key.password = null
	ssl.keymanager.algorithm = SunX509
	ssl.keystore.certificate.chain = null
	ssl.keystore.key = null
	ssl.keystore.location = null
	ssl.keystore.password = null
	ssl.keystore.type = JKS
	ssl.protocol = TLSv1.3
	ssl.provider = null
	ssl.secure.random.implementation = null
	ssl.trustmanager.algorithm = PKIX
	ssl.truststore.certificates = null
	ssl.truststore.location = null
	ssl.truststore.password = null
	ssl.truststore.type = JKS
	value.deserializer = class org.apache.kafka.common.serialization.StringDeserializer
 
2025-04-22 14:52:13-821 [main] INFO  o.a.k.c.t.i.KafkaMetricsCollector - initializing Kafka metrics collector 
2025-04-22 14:52:14-009 [main] INFO  o.a.kafka.common.utils.AppInfoParser - Kafka version: 3.8.1 
2025-04-22 14:52:14-009 [main] INFO  o.a.kafka.common.utils.AppInfoParser - Kafka commitId: 70d6ff42debf7e17 
2025-04-22 14:52:14-009 [main] INFO  o.a.kafka.common.utils.AppInfoParser - Kafka startTimeMs: 1745351534005 
2025-04-22 14:52:14-029 [main] INFO  o.a.k.c.c.i.LegacyKafkaConsumer - [Consumer clientId=consumer-user_group-1, groupId=user_group] Subscribed to topic(s): yanki-user 
2025-04-22 14:52:14-073 [main] INFO  c.y.u.s.a.s.UserServiceImplTest - Started UserServiceImplTest in 11.667 seconds (process running for 14.261) 
2025-04-22 14:52:14-838 [org.springframework.kafka.KafkaListenerEndpointContainer#0-0-C-1] WARN  o.apache.kafka.clients.NetworkClient - [Consumer clientId=consumer-user_group-1, groupId=user_group] Error while fetching metadata with correlation id 2 : {yanki-user=LEADER_NOT_AVAILABLE} 
2025-04-22 14:52:14-842 [org.springframework.kafka.KafkaListenerEndpointContainer#0-0-C-1] INFO  org.apache.kafka.clients.Metadata - [Consumer clientId=consumer-user_group-1, groupId=user_group] Cluster ID: R1XLCkdBR4O4KzE_70uX4A 
2025-04-22 14:52:14-845 [org.springframework.kafka.KafkaListenerEndpointContainer#0-0-C-1] INFO  o.a.k.c.c.i.ConsumerCoordinator - [Consumer clientId=consumer-user_group-1, groupId=user_group] Discovered group coordinator kafka:9092 (id: 2147482646 rack: null) 
2025-04-22 14:52:15-407 [main] INFO  c.y.u.s.api.service.UserServiceImpl - Subscribed to yanki user request 
2025-04-22 14:52:15-474 [main] INFO  c.y.u.s.api.service.UserServiceImpl - Subscribed to yanki user respose 
2025-04-22 14:52:15-649 [SpringApplicationShutdownHook] INFO  o.s.c.n.e.s.EurekaServiceRegistry - Unregistering application USERS-SERVICE-API with eureka with status DOWN 
2025-04-22 14:52:15-650 [SpringApplicationShutdownHook] INFO  c.netflix.discovery.DiscoveryClient - Saw local status change event StatusChangeEvent [timestamp=1745351535650, current=DOWN, previous=UP] 
2025-04-22 14:52:15-651 [DiscoveryClient-InstanceInfoReplicator-%d] INFO  c.netflix.discovery.DiscoveryClient - DiscoveryClient_USERS-SERVICE-API/users-service-api:9191: registering service... 
2025-04-22 14:52:15-658 [DiscoveryClient-InstanceInfoReplicator-%d] INFO  c.netflix.discovery.DiscoveryClient - DiscoveryClient_USERS-SERVICE-API/users-service-api:9191 - registration status: 204 
2025-04-22 14:52:16-112 [nioEventLoopGroup-2-3] INFO  c.y.u.s.api.service.UserServiceImpl - Yanki User Response: com.yanki.users.service.api.bean.YankiUserResponse@5de470f5 
2025-04-22 14:52:17-203 [org.springframework.kafka.KafkaListenerEndpointContainer#0-0-C-1] WARN  o.apache.kafka.clients.NetworkClient - [Consumer clientId=consumer-user_group-1, groupId=user_group] Error connecting to node kafka:9092 (id: 2147482646 rack: null) 
java.net.UnknownHostException: Host desconocido (kafka)
	at java.base/java.net.Inet6AddressImpl.lookupAllHostAddr(Native Method)
	at java.base/java.net.InetAddress$PlatformNameService.lookupAllHostAddr(InetAddress.java:933)
	at java.base/java.net.InetAddress.getAddressesFromNameService(InetAddress.java:1543)
	at java.base/java.net.InetAddress$NameServiceAddresses.get(InetAddress.java:852)
	at java.base/java.net.InetAddress.getAllByName0(InetAddress.java:1532)
	at java.base/java.net.InetAddress.getAllByName(InetAddress.java:1384)
	at java.base/java.net.InetAddress.getAllByName(InetAddress.java:1305)
	at org.apache.kafka.clients.DefaultHostResolver.resolve(DefaultHostResolver.java:27)
	at org.apache.kafka.clients.ClientUtils.resolve(ClientUtils.java:124)
	at org.apache.kafka.clients.ClusterConnectionStates$NodeConnectionState.resolveAddresses(ClusterConnectionStates.java:536)
	at org.apache.kafka.clients.ClusterConnectionStates$NodeConnectionState.currentAddress(ClusterConnectionStates.java:511)
	at org.apache.kafka.clients.ClusterConnectionStates$NodeConnectionState.access$200(ClusterConnectionStates.java:466)
	at org.apache.kafka.clients.ClusterConnectionStates.currentAddress(ClusterConnectionStates.java:173)
	at org.apache.kafka.clients.NetworkClient.initiateConnect(NetworkClient.java:1070)
	at org.apache.kafka.clients.NetworkClient.ready(NetworkClient.java:320)
	at org.apache.kafka.clients.NetworkClientUtils.tryConnect(NetworkClientUtils.java:141)
	at org.apache.kafka.clients.consumer.internals.ConsumerNetworkClient.tryConnect(ConsumerNetworkClient.java:589)
	at org.apache.kafka.clients.consumer.internals.AbstractCoordinator$FindCoordinatorResponseHandler.onSuccess(AbstractCoordinator.java:937)
	at org.apache.kafka.clients.consumer.internals.AbstractCoordinator$FindCoordinatorResponseHandler.onSuccess(AbstractCoordinator.java:913)
	at org.apache.kafka.clients.consumer.internals.RequestFuture$1.onSuccess(RequestFuture.java:206)
	at org.apache.kafka.clients.consumer.internals.RequestFuture.fireSuccess(RequestFuture.java:169)
	at org.apache.kafka.clients.consumer.internals.RequestFuture.complete(RequestFuture.java:129)
	at org.apache.kafka.clients.consumer.internals.ConsumerNetworkClient$RequestFutureCompletionHandler.fireCompletion(ConsumerNetworkClient.java:616)
	at org.apache.kafka.clients.consumer.internals.ConsumerNetworkClient.firePendingCompletedRequests(ConsumerNetworkClient.java:428)
	at org.apache.kafka.clients.consumer.internals.ConsumerNetworkClient.poll(ConsumerNetworkClient.java:313)
	at org.apache.kafka.clients.consumer.internals.ConsumerNetworkClient.poll(ConsumerNetworkClient.java:231)
	at org.apache.kafka.clients.consumer.internals.AbstractCoordinator.ensureCoordinatorReady(AbstractCoordinator.java:289)
	at org.apache.kafka.clients.consumer.internals.AbstractCoordinator.ensureCoordinatorReady(AbstractCoordinator.java:263)
	at org.apache.kafka.clients.consumer.internals.ConsumerCoordinator.coordinatorUnknownAndUnreadySync(ConsumerCoordinator.java:450)
	at org.apache.kafka.clients.consumer.internals.ConsumerCoordinator.poll(ConsumerCoordinator.java:482)
	at org.apache.kafka.clients.consumer.internals.LegacyKafkaConsumer.updateAssignmentMetadataIfNeeded(LegacyKafkaConsumer.java:652)
	at org.apache.kafka.clients.consumer.internals.LegacyKafkaConsumer.poll(LegacyKafkaConsumer.java:611)
	at org.apache.kafka.clients.consumer.internals.LegacyKafkaConsumer.poll(LegacyKafkaConsumer.java:591)
	at org.apache.kafka.clients.consumer.KafkaConsumer.poll(KafkaConsumer.java:874)
	at org.springframework.kafka.listener.KafkaMessageListenerContainer$ListenerConsumer.pollConsumer(KafkaMessageListenerContainer.java:1692)
	at org.springframework.kafka.listener.KafkaMessageListenerContainer$ListenerConsumer.doPoll(KafkaMessageListenerContainer.java:1667)
	at org.springframework.kafka.listener.KafkaMessageListenerContainer$ListenerConsumer.pollAndInvoke(KafkaMessageListenerContainer.java:1445)
	at org.springframework.kafka.listener.KafkaMessageListenerContainer$ListenerConsumer.run(KafkaMessageListenerContainer.java:1335)
	at java.base/java.util.concurrent.CompletableFuture$AsyncRun.run(CompletableFuture.java:1804)
	at java.base/java.lang.Thread.run(Thread.java:842)
2025-04-22 14:52:17-218 [org.springframework.kafka.KafkaListenerEndpointContainer#0-0-C-1] INFO  o.a.k.c.c.i.ConsumerCoordinator - [Consumer clientId=consumer-user_group-1, groupId=user_group] (Re-)joining group 
2025-04-22 14:52:17-226 [org.springframework.kafka.KafkaListenerEndpointContainer#0-0-C-1] WARN  o.apache.kafka.clients.NetworkClient - [Consumer clientId=consumer-user_group-1, groupId=user_group] Error connecting to node kafka:9092 (id: 2147482646 rack: null) 
java.net.UnknownHostException: kafka
	at java.base/java.net.InetAddress$CachedAddresses.get(InetAddress.java:801)
	at java.base/java.net.InetAddress.getAllByName0(InetAddress.java:1532)
	at java.base/java.net.InetAddress.getAllByName(InetAddress.java:1384)
	at java.base/java.net.InetAddress.getAllByName(InetAddress.java:1305)
	at org.apache.kafka.clients.DefaultHostResolver.resolve(DefaultHostResolver.java:27)
	at org.apache.kafka.clients.ClientUtils.resolve(ClientUtils.java:124)
	at org.apache.kafka.clients.ClusterConnectionStates$NodeConnectionState.resolveAddresses(ClusterConnectionStates.java:536)
	at org.apache.kafka.clients.ClusterConnectionStates$NodeConnectionState.currentAddress(ClusterConnectionStates.java:511)
	at org.apache.kafka.clients.ClusterConnectionStates$NodeConnectionState.access$200(ClusterConnectionStates.java:466)
	at org.apache.kafka.clients.ClusterConnectionStates.currentAddress(ClusterConnectionStates.java:173)
	at org.apache.kafka.clients.NetworkClient.initiateConnect(NetworkClient.java:1070)
	at org.apache.kafka.clients.NetworkClient.ready(NetworkClient.java:320)
	at org.apache.kafka.clients.consumer.internals.ConsumerNetworkClient.trySend(ConsumerNetworkClient.java:514)
	at org.apache.kafka.clients.consumer.internals.ConsumerNetworkClient.poll(ConsumerNetworkClient.java:271)
	at org.apache.kafka.clients.consumer.internals.ConsumerNetworkClient.poll(ConsumerNetworkClient.java:231)
	at org.apache.kafka.clients.consumer.internals.ConsumerNetworkClient.poll(ConsumerNetworkClient.java:215)
	at org.apache.kafka.clients.consumer.internals.AbstractCoordinator.joinGroupIfNeeded(AbstractCoordinator.java:480)
	at org.apache.kafka.clients.consumer.internals.AbstractCoordinator.ensureActiveGroup(AbstractCoordinator.java:414)
	at org.apache.kafka.clients.consumer.internals.ConsumerCoordinator.poll(ConsumerCoordinator.java:510)
	at org.apache.kafka.clients.consumer.internals.LegacyKafkaConsumer.updateAssignmentMetadataIfNeeded(LegacyKafkaConsumer.java:652)
	at org.apache.kafka.clients.consumer.internals.LegacyKafkaConsumer.poll(LegacyKafkaConsumer.java:611)
	at org.apache.kafka.clients.consumer.internals.LegacyKafkaConsumer.poll(LegacyKafkaConsumer.java:591)
	at org.apache.kafka.clients.consumer.KafkaConsumer.poll(KafkaConsumer.java:874)
	at org.springframework.kafka.listener.KafkaMessageListenerContainer$ListenerConsumer.pollConsumer(KafkaMessageListenerContainer.java:1692)
	at org.springframework.kafka.listener.KafkaMessageListenerContainer$ListenerConsumer.doPoll(KafkaMessageListenerContainer.java:1667)
	at org.springframework.kafka.listener.KafkaMessageListenerContainer$ListenerConsumer.pollAndInvoke(KafkaMessageListenerContainer.java:1445)
	at org.springframework.kafka.listener.KafkaMessageListenerContainer$ListenerConsumer.run(KafkaMessageListenerContainer.java:1335)
	at java.base/java.util.concurrent.CompletableFuture$AsyncRun.run(CompletableFuture.java:1804)
	at java.base/java.lang.Thread.run(Thread.java:842)
2025-04-22 14:52:17-227 [org.springframework.kafka.KafkaListenerEndpointContainer#0-0-C-1] INFO  o.a.k.c.c.i.ConsumerCoordinator - [Consumer clientId=consumer-user_group-1, groupId=user_group] Group coordinator kafka:9092 (id: 2147482646 rack: null) is unavailable or invalid due to cause: coordinator unavailable. isDisconnected: true. Rediscovery will be attempted. 
2025-04-22 14:52:17-227 [org.springframework.kafka.KafkaListenerEndpointContainer#0-0-C-1] INFO  o.a.k.c.c.i.ConsumerCoordinator - [Consumer clientId=consumer-user_group-1, groupId=user_group] Resetting generation and member id due to: consumer pro-actively leaving the group 
2025-04-22 14:52:17-228 [org.springframework.kafka.KafkaListenerEndpointContainer#0-0-C-1] INFO  o.a.k.c.c.i.ConsumerCoordinator - [Consumer clientId=consumer-user_group-1, groupId=user_group] Request joining group due to: consumer pro-actively leaving the group 
2025-04-22 14:52:17-228 [org.springframework.kafka.KafkaListenerEndpointContainer#0-0-C-1] INFO  o.a.k.c.c.i.LegacyKafkaConsumer - [Consumer clientId=consumer-user_group-1, groupId=user_group] Unsubscribed all topics or patterns and assigned partitions 
2025-04-22 14:52:17-230 [org.springframework.kafka.KafkaListenerEndpointContainer#0-0-C-1] INFO  o.a.k.c.c.i.ConsumerCoordinator - [Consumer clientId=consumer-user_group-1, groupId=user_group] Resetting generation and member id due to: consumer pro-actively leaving the group 
2025-04-22 14:52:17-230 [org.springframework.kafka.KafkaListenerEndpointContainer#0-0-C-1] INFO  o.a.k.c.c.i.ConsumerCoordinator - [Consumer clientId=consumer-user_group-1, groupId=user_group] Request joining group due to: consumer pro-actively leaving the group 
2025-04-22 14:52:17-234 [org.springframework.kafka.KafkaListenerEndpointContainer#0-0-C-1] INFO  o.a.kafka.common.metrics.Metrics - Metrics scheduler closed 
2025-04-22 14:52:17-234 [org.springframework.kafka.KafkaListenerEndpointContainer#0-0-C-1] INFO  o.a.kafka.common.metrics.Metrics - Closing reporter org.apache.kafka.common.metrics.JmxReporter 
2025-04-22 14:52:17-235 [org.springframework.kafka.KafkaListenerEndpointContainer#0-0-C-1] INFO  o.a.kafka.common.metrics.Metrics - Closing reporter org.apache.kafka.common.telemetry.internals.ClientTelemetryReporter 
2025-04-22 14:52:17-235 [org.springframework.kafka.KafkaListenerEndpointContainer#0-0-C-1] INFO  o.a.kafka.common.metrics.Metrics - Metrics reporters closed 
2025-04-22 14:52:17-241 [org.springframework.kafka.KafkaListenerEndpointContainer#0-0-C-1] INFO  o.a.kafka.common.utils.AppInfoParser - App info kafka.consumer for consumer-user_group-1 unregistered 
2025-04-22 14:52:17-242 [org.springframework.kafka.KafkaListenerEndpointContainer#0-0-C-1] INFO  o.s.k.l.KafkaMessageListenerContainer - user_group: Consumer stopped 
2025-04-22 14:52:19-358 [SpringApplicationShutdownHook] INFO  c.netflix.discovery.DiscoveryClient - Shutting down DiscoveryClient ... 
2025-04-22 14:52:22-371 [SpringApplicationShutdownHook] INFO  c.netflix.discovery.DiscoveryClient - Unregistering ... 
2025-04-22 14:52:22-391 [SpringApplicationShutdownHook] INFO  c.netflix.discovery.DiscoveryClient - DiscoveryClient_USERS-SERVICE-API/users-service-api:9191 - deregister  status: 200 
2025-04-22 14:52:22-391 [SpringApplicationShutdownHook] INFO  c.netflix.discovery.DiscoveryClient - Completed shut down of DiscoveryClient 
2025-04-22 15:32:24-364 [main] INFO  o.s.t.c.s.AnnotationConfigContextLoaderUtils - Could not detect default configuration classes for test class [com.yanki.users.service.api.service.UserServiceImplTest]: UserServiceImplTest does not declare any static, non-private, non-final, nested classes annotated with @Configuration. 
2025-04-22 15:32:24-629 [main] INFO  o.s.b.t.c.SpringBootTestContextBootstrapper - Found @SpringBootConfiguration com.yanki.users.service.api.UsersServiceApiApplication for test class com.yanki.users.service.api.service.UserServiceImplTest 
2025-04-22 15:32:27-563 [main] INFO  c.y.u.s.a.s.UserServiceImplTest - Starting UserServiceImplTest using Java 17.0.12 with PID 3904 (started by mgarcsar in C:\Users\mgarcsar\Documents\Bootcamp\etregables\Yanki\users-service-api) 
2025-04-22 15:32:27-564 [main] INFO  c.y.u.s.a.s.UserServiceImplTest - The following 1 profile is active: "local" 
2025-04-22 15:32:27-607 [main] INFO  o.s.c.c.c.ConfigServerConfigDataLoader - Fetching config from server at : http://config-server-bc:8888 
2025-04-22 15:32:27-608 [main] INFO  o.s.c.c.c.ConfigServerConfigDataLoader - Exception on Url - http://config-server-bc:8888:org.springframework.web.client.ResourceAccessException: I/O error on GET request for "http://config-server-bc:8888/users-service-api/default": config-server-bc. Will be trying the next url if available 
2025-04-22 15:32:27-608 [main] WARN  o.s.c.c.c.ConfigServerConfigDataLoader - Could not locate PropertySource ([ConfigServerConfigDataResource@2079fcfc uris = array<String>['http://config-server-bc:8888'], optional = true, profiles = 'default']): I/O error on GET request for "http://config-server-bc:8888/users-service-api/default": config-server-bc 
2025-04-22 15:32:27-608 [main] INFO  o.s.c.c.c.ConfigServerConfigDataLoader - Fetching config from server at : http://config-server-bc:8888 
2025-04-22 15:32:27-608 [main] INFO  o.s.c.c.c.ConfigServerConfigDataLoader - Exception on Url - http://config-server-bc:8888:org.springframework.web.client.ResourceAccessException: I/O error on GET request for "http://config-server-bc:8888/users-service-api/local": config-server-bc. Will be trying the next url if available 
2025-04-22 15:32:27-608 [main] WARN  o.s.c.c.c.ConfigServerConfigDataLoader - Could not locate PropertySource ([ConfigServerConfigDataResource@14d36bb2 uris = array<String>['http://config-server-bc:8888'], optional = true, profiles = 'local']): I/O error on GET request for "http://config-server-bc:8888/users-service-api/local": config-server-bc 
2025-04-22 15:32:27-609 [main] INFO  o.s.c.c.c.ConfigServerConfigDataLoader - Fetching config from server at : http://config-server-bc:8888 
2025-04-22 15:32:27-609 [main] INFO  o.s.c.c.c.ConfigServerConfigDataLoader - Exception on Url - http://config-server-bc:8888:org.springframework.web.client.ResourceAccessException: I/O error on GET request for "http://config-server-bc:8888/users-service-api/default": config-server-bc. Will be trying the next url if available 
2025-04-22 15:32:27-609 [main] WARN  o.s.c.c.c.ConfigServerConfigDataLoader - Could not locate PropertySource ([ConfigServerConfigDataResource@432448 uris = array<String>['http://config-server-bc:8888'], optional = true, profiles = 'default']): I/O error on GET request for "http://config-server-bc:8888/users-service-api/default": config-server-bc 
2025-04-22 15:32:29-026 [main] INFO  o.s.d.r.c.RepositoryConfigurationDelegate - Bootstrapping Spring Data Reactive MongoDB repositories in DEFAULT mode. 
2025-04-22 15:32:29-612 [main] INFO  o.s.d.r.c.RepositoryConfigurationDelegate - Finished Spring Data repository scanning in 570 ms. Found 1 Reactive MongoDB repository interface. 
2025-04-22 15:32:30-000 [main] INFO  o.s.cloud.context.scope.GenericScope - BeanFactory id=611ef13d-e9cf-37e3-9654-11dd09564ea1 
2025-04-22 15:32:30-929 [main] INFO  org.mongodb.driver.client - MongoClient with metadata {"driver": {"name": "mongo-java-driver|reactive-streams|spring-boot", "version": "5.2.1"}, "os": {"type": "Windows", "name": "Windows 10", "architecture": "amd64", "version": "10.0"}, "platform": "Java/Oracle Corporation/17.0.12+8-LTS-286"} created with settings MongoClientSettings{readPreference=primary, writeConcern=WriteConcern{w=null, wTimeout=null ms, journal=null}, retryWrites=true, retryReads=true, readConcern=ReadConcern{level=null}, credential=null, transportSettings=NettyTransportSettings{eventLoopGroup=io.netty.channel.nio.NioEventLoopGroup@5ed2af52, socketChannelClass=null, allocator=null, sslContext=null}, commandListeners=[io.micrometer.core.instrument.binder.mongodb.MongoMetricsCommandListener@278f422], codecRegistry=ProvidersCodecRegistry{codecProviders=[ValueCodecProvider{}, BsonValueCodecProvider{}, DBRefCodecProvider{}, DBObjectCodecProvider{}, DocumentCodecProvider{}, CollectionCodecProvider{}, IterableCodecProvider{}, MapCodecProvider{}, GeoJsonCodecProvider{}, GridFSFileCodecProvider{}, Jsr310CodecProvider{}, JsonObjectCodecProvider{}, BsonCodecProvider{}, EnumCodecProvider{}, com.mongodb.client.model.mql.ExpressionCodecProvider@11ab8594, com.mongodb.Jep395RecordCodecProvider@51920bb0, com.mongodb.KotlinCodecProvider@1a7186ef]}, loggerSettings=LoggerSettings{maxDocumentLength=1000}, clusterSettings={hosts=[localhost:27017], srvServiceName=mongodb, mode=SINGLE, requiredClusterType=UNKNOWN, requiredReplicaSetName='null', serverSelector='null', clusterListeners='[]', serverSelectionTimeout='30000 ms', localThreshold='15 ms'}, socketSettings=SocketSettings{connectTimeoutMS=10000, readTimeoutMS=0, receiveBufferSize=0, proxySettings=ProxySettings{host=null, port=null, username=null, password=null}}, heartbeatSocketSettings=SocketSettings{connectTimeoutMS=10000, readTimeoutMS=10000, receiveBufferSize=0, proxySettings=ProxySettings{host=null, port=null, username=null, password=null}}, connectionPoolSettings=ConnectionPoolSettings{maxSize=100, minSize=0, maxWaitTimeMS=120000, maxConnectionLifeTimeMS=0, maxConnectionIdleTimeMS=0, maintenanceInitialDelayMS=0, maintenanceFrequencyMS=60000, connectionPoolListeners=[io.micrometer.core.instrument.binder.mongodb.MongoMetricsConnectionPoolListener@5f6da867], maxConnecting=2}, serverSettings=ServerSettings{heartbeatFrequencyMS=10000, minHeartbeatFrequencyMS=500, serverMonitoringMode=AUTO, serverListeners='[]', serverMonitorListeners='[]'}, sslSettings=SslSettings{enabled=false, invalidHostNameAllowed=false, context=null}, applicationName='null', compressorList=[], uuidRepresentation=JAVA_LEGACY, serverApi=null, autoEncryptionSettings=null, dnsClient=null, inetAddressResolver=null, contextProvider=null, timeoutMS=null} 
2025-04-22 15:32:31-147 [cluster-ClusterId{value='6807fcde7df61964412d14c6', description='null'}-localhost:27017] INFO  org.mongodb.driver.cluster - Monitor thread successfully connected to server with description ServerDescription{address=localhost:27017, type=STANDALONE, cryptd=false, state=CONNECTED, ok=true, minWireVersion=0, maxWireVersion=25, maxDocumentSize=16777216, logicalSessionTimeoutMinutes=30, roundTripTimeNanos=99384100, minRoundTripTimeNanos=0} 
2025-04-22 15:32:32-148 [main] INFO  o.s.v.b.OptionalValidatorFactoryBean - Failed to set up a Bean Validation provider: jakarta.validation.NoProviderFoundException: Unable to create a Configuration, because no Jakarta Bean Validation provider could be found. Add a provider like Hibernate Validator (RI) to your classpath. 
2025-04-22 15:32:33-575 [main] INFO  o.s.b.a.e.web.EndpointLinksResolver - Exposing 2 endpoints beneath base path '/actuator' 
2025-04-22 15:32:34-606 [main] INFO  o.s.c.n.e.c.DiscoveryClientOptionalArgsConfiguration - Eureka HTTP Client uses RestTemplate. 
2025-04-22 15:32:34-691 [main] WARN  o.s.c.l.c.LoadBalancerCacheAutoConfiguration$LoadBalancerCaffeineWarnLogger - Spring Cloud LoadBalancer is currently working with the default cache. While this cache implementation is useful for development and tests, it's recommended to use Caffeine cache in production.You can switch to using Caffeine cache, by adding it and org.springframework.cache.caffeine.CaffeineCacheManager to the classpath. 
2025-04-22 15:32:34-864 [main] INFO  o.s.c.n.eureka.InstanceInfoFactory - Setting initial instance status as: STARTING 
2025-04-22 15:32:34-908 [main] INFO  c.netflix.discovery.DiscoveryClient - Initializing Eureka in region us-east-1 
2025-04-22 15:32:34-916 [main] INFO  c.n.d.s.r.aws.ConfigClusterResolver - Resolving eureka endpoints via configuration 
2025-04-22 15:32:34-933 [main] INFO  c.netflix.discovery.DiscoveryClient - Disable delta property : false 
2025-04-22 15:32:34-933 [main] INFO  c.netflix.discovery.DiscoveryClient - Single vip registry refresh property : null 
2025-04-22 15:32:34-933 [main] INFO  c.netflix.discovery.DiscoveryClient - Force full registry fetch : false 
2025-04-22 15:32:34-933 [main] INFO  c.netflix.discovery.DiscoveryClient - Application is null : false 
2025-04-22 15:32:34-933 [main] INFO  c.netflix.discovery.DiscoveryClient - Registered Applications size is zero : true 
2025-04-22 15:32:34-934 [main] INFO  c.netflix.discovery.DiscoveryClient - Application version is -1: true 
2025-04-22 15:32:34-934 [main] INFO  c.netflix.discovery.DiscoveryClient - Getting all instance registry info from the eureka server 
2025-04-22 15:32:35-392 [main] INFO  c.netflix.discovery.DiscoveryClient - The response status is 200 
2025-04-22 15:32:35-396 [main] INFO  c.netflix.discovery.DiscoveryClient - Starting heartbeat executor: renew interval is: 30 
2025-04-22 15:32:35-399 [main] INFO  c.n.discovery.InstanceInfoReplicator - InstanceInfoReplicator onDemand update allowed rate per min is 4 
2025-04-22 15:32:35-402 [main] INFO  c.netflix.discovery.DiscoveryClient - Discovery Client initialized at timestamp 1745353955402 with initial instances count: 2 
2025-04-22 15:32:35-406 [main] INFO  o.s.c.n.e.s.EurekaServiceRegistry - Registering application USERS-SERVICE-API with eureka with status UP 
2025-04-22 15:32:35-408 [main] INFO  c.netflix.discovery.DiscoveryClient - Saw local status change event StatusChangeEvent [timestamp=1745353955408, current=UP, previous=STARTING] 
2025-04-22 15:32:35-411 [DiscoveryClient-InstanceInfoReplicator-%d] INFO  c.netflix.discovery.DiscoveryClient - DiscoveryClient_USERS-SERVICE-API/users-service-api:9191: registering service... 
2025-04-22 15:32:35-482 [DiscoveryClient-InstanceInfoReplicator-%d] INFO  c.netflix.discovery.DiscoveryClient - DiscoveryClient_USERS-SERVICE-API/users-service-api:9191 - registration status: 204 
2025-04-22 15:32:35-499 [main] INFO  o.a.k.c.consumer.ConsumerConfig - ConsumerConfig values: 
	allow.auto.create.topics = true
	auto.commit.interval.ms = 5000
	auto.include.jmx.reporter = true
	auto.offset.reset = latest
	bootstrap.servers = [localhost:9092]
	check.crcs = true
	client.dns.lookup = use_all_dns_ips
	client.id = consumer-user_group-1
	client.rack = 
	connections.max.idle.ms = 540000
	default.api.timeout.ms = 60000
	enable.auto.commit = false
	enable.metrics.push = true
	exclude.internal.topics = true
	fetch.max.bytes = 52428800
	fetch.max.wait.ms = 500
	fetch.min.bytes = 1
	group.id = user_group
	group.instance.id = null
	group.protocol = classic
	group.remote.assignor = null
	heartbeat.interval.ms = 3000
	interceptor.classes = []
	internal.leave.group.on.close = true
	internal.throw.on.fetch.stable.offset.unsupported = false
	isolation.level = read_uncommitted
	key.deserializer = class org.apache.kafka.common.serialization.StringDeserializer
	max.partition.fetch.bytes = 1048576
	max.poll.interval.ms = 300000
	max.poll.records = 500
	metadata.max.age.ms = 300000
	metadata.recovery.strategy = none
	metric.reporters = []
	metrics.num.samples = 2
	metrics.recording.level = INFO
	metrics.sample.window.ms = 30000
	partition.assignment.strategy = [class org.apache.kafka.clients.consumer.RangeAssignor, class org.apache.kafka.clients.consumer.CooperativeStickyAssignor]
	receive.buffer.bytes = 65536
	reconnect.backoff.max.ms = 1000
	reconnect.backoff.ms = 50
	request.timeout.ms = 30000
	retry.backoff.max.ms = 1000
	retry.backoff.ms = 100
	sasl.client.callback.handler.class = null
	sasl.jaas.config = null
	sasl.kerberos.kinit.cmd = /usr/bin/kinit
	sasl.kerberos.min.time.before.relogin = 60000
	sasl.kerberos.service.name = null
	sasl.kerberos.ticket.renew.jitter = 0.05
	sasl.kerberos.ticket.renew.window.factor = 0.8
	sasl.login.callback.handler.class = null
	sasl.login.class = null
	sasl.login.connect.timeout.ms = null
	sasl.login.read.timeout.ms = null
	sasl.login.refresh.buffer.seconds = 300
	sasl.login.refresh.min.period.seconds = 60
	sasl.login.refresh.window.factor = 0.8
	sasl.login.refresh.window.jitter = 0.05
	sasl.login.retry.backoff.max.ms = 10000
	sasl.login.retry.backoff.ms = 100
	sasl.mechanism = GSSAPI
	sasl.oauthbearer.clock.skew.seconds = 30
	sasl.oauthbearer.expected.audience = null
	sasl.oauthbearer.expected.issuer = null
	sasl.oauthbearer.jwks.endpoint.refresh.ms = 3600000
	sasl.oauthbearer.jwks.endpoint.retry.backoff.max.ms = 10000
	sasl.oauthbearer.jwks.endpoint.retry.backoff.ms = 100
	sasl.oauthbearer.jwks.endpoint.url = null
	sasl.oauthbearer.scope.claim.name = scope
	sasl.oauthbearer.sub.claim.name = sub
	sasl.oauthbearer.token.endpoint.url = null
	security.protocol = PLAINTEXT
	security.providers = null
	send.buffer.bytes = 131072
	session.timeout.ms = 45000
	socket.connection.setup.timeout.max.ms = 30000
	socket.connection.setup.timeout.ms = 10000
	ssl.cipher.suites = null
	ssl.enabled.protocols = [TLSv1.2, TLSv1.3]
	ssl.endpoint.identification.algorithm = https
	ssl.engine.factory.class = null
	ssl.key.password = null
	ssl.keymanager.algorithm = SunX509
	ssl.keystore.certificate.chain = null
	ssl.keystore.key = null
	ssl.keystore.location = null
	ssl.keystore.password = null
	ssl.keystore.type = JKS
	ssl.protocol = TLSv1.3
	ssl.provider = null
	ssl.secure.random.implementation = null
	ssl.trustmanager.algorithm = PKIX
	ssl.truststore.certificates = null
	ssl.truststore.location = null
	ssl.truststore.password = null
	ssl.truststore.type = JKS
	value.deserializer = class org.apache.kafka.common.serialization.StringDeserializer
 
2025-04-22 15:32:35-595 [main] INFO  o.a.k.c.t.i.KafkaMetricsCollector - initializing Kafka metrics collector 
2025-04-22 15:32:35-780 [main] INFO  o.a.kafka.common.utils.AppInfoParser - Kafka version: 3.8.1 
2025-04-22 15:32:35-780 [main] INFO  o.a.kafka.common.utils.AppInfoParser - Kafka commitId: 70d6ff42debf7e17 
2025-04-22 15:32:35-780 [main] INFO  o.a.kafka.common.utils.AppInfoParser - Kafka startTimeMs: 1745353955778 
2025-04-22 15:32:35-800 [main] INFO  o.a.k.c.c.i.LegacyKafkaConsumer - [Consumer clientId=consumer-user_group-1, groupId=user_group] Subscribed to topic(s): yanki-user 
2025-04-22 15:32:35-842 [main] INFO  c.y.u.s.a.s.UserServiceImplTest - Started UserServiceImplTest in 10.679 seconds (process running for 13.446) 
2025-04-22 15:32:36-486 [org.springframework.kafka.KafkaListenerEndpointContainer#0-0-C-1] INFO  org.apache.kafka.clients.Metadata - [Consumer clientId=consumer-user_group-1, groupId=user_group] Cluster ID: R1XLCkdBR4O4KzE_70uX4A 
2025-04-22 15:32:36-489 [org.springframework.kafka.KafkaListenerEndpointContainer#0-0-C-1] INFO  o.a.k.c.c.i.ConsumerCoordinator - [Consumer clientId=consumer-user_group-1, groupId=user_group] Discovered group coordinator kafka:9092 (id: 2147482646 rack: null) 
2025-04-22 15:32:36-811 [main] INFO  c.y.u.s.api.service.UserServiceImpl - Subscribed to yanki user request 
2025-04-22 15:32:36-870 [main] INFO  c.y.u.s.api.service.UserServiceImpl - Subscribed to yanki user respose 
2025-04-22 15:32:37-061 [SpringApplicationShutdownHook] INFO  o.s.c.n.e.s.EurekaServiceRegistry - Unregistering application USERS-SERVICE-API with eureka with status DOWN 
2025-04-22 15:32:37-062 [SpringApplicationShutdownHook] INFO  c.netflix.discovery.DiscoveryClient - Saw local status change event StatusChangeEvent [timestamp=1745353957062, current=DOWN, previous=UP] 
2025-04-22 15:32:37-062 [DiscoveryClient-InstanceInfoReplicator-%d] INFO  c.netflix.discovery.DiscoveryClient - DiscoveryClient_USERS-SERVICE-API/users-service-api:9191: registering service... 
2025-04-22 15:32:37-071 [DiscoveryClient-InstanceInfoReplicator-%d] INFO  c.netflix.discovery.DiscoveryClient - DiscoveryClient_USERS-SERVICE-API/users-service-api:9191 - registration status: 204 
2025-04-22 15:32:37-501 [nioEventLoopGroup-2-3] INFO  c.y.u.s.api.service.UserServiceImpl - Yanki User Response: com.yanki.users.service.api.bean.YankiUserResponse@1274d8b7 
2025-04-22 15:32:38-830 [org.springframework.kafka.KafkaListenerEndpointContainer#0-0-C-1] WARN  o.apache.kafka.clients.NetworkClient - [Consumer clientId=consumer-user_group-1, groupId=user_group] Error connecting to node kafka:9092 (id: 2147482646 rack: null) 
java.net.UnknownHostException: Host desconocido (kafka)
	at java.base/java.net.Inet6AddressImpl.lookupAllHostAddr(Native Method)
	at java.base/java.net.InetAddress$PlatformNameService.lookupAllHostAddr(InetAddress.java:933)
	at java.base/java.net.InetAddress.getAddressesFromNameService(InetAddress.java:1543)
	at java.base/java.net.InetAddress$NameServiceAddresses.get(InetAddress.java:852)
	at java.base/java.net.InetAddress.getAllByName0(InetAddress.java:1532)
	at java.base/java.net.InetAddress.getAllByName(InetAddress.java:1384)
	at java.base/java.net.InetAddress.getAllByName(InetAddress.java:1305)
	at org.apache.kafka.clients.DefaultHostResolver.resolve(DefaultHostResolver.java:27)
	at org.apache.kafka.clients.ClientUtils.resolve(ClientUtils.java:124)
	at org.apache.kafka.clients.ClusterConnectionStates$NodeConnectionState.resolveAddresses(ClusterConnectionStates.java:536)
	at org.apache.kafka.clients.ClusterConnectionStates$NodeConnectionState.currentAddress(ClusterConnectionStates.java:511)
	at org.apache.kafka.clients.ClusterConnectionStates$NodeConnectionState.access$200(ClusterConnectionStates.java:466)
	at org.apache.kafka.clients.ClusterConnectionStates.currentAddress(ClusterConnectionStates.java:173)
	at org.apache.kafka.clients.NetworkClient.initiateConnect(NetworkClient.java:1070)
	at org.apache.kafka.clients.NetworkClient.ready(NetworkClient.java:320)
	at org.apache.kafka.clients.NetworkClientUtils.tryConnect(NetworkClientUtils.java:141)
	at org.apache.kafka.clients.consumer.internals.ConsumerNetworkClient.tryConnect(ConsumerNetworkClient.java:589)
	at org.apache.kafka.clients.consumer.internals.AbstractCoordinator$FindCoordinatorResponseHandler.onSuccess(AbstractCoordinator.java:937)
	at org.apache.kafka.clients.consumer.internals.AbstractCoordinator$FindCoordinatorResponseHandler.onSuccess(AbstractCoordinator.java:913)
	at org.apache.kafka.clients.consumer.internals.RequestFuture$1.onSuccess(RequestFuture.java:206)
	at org.apache.kafka.clients.consumer.internals.RequestFuture.fireSuccess(RequestFuture.java:169)
	at org.apache.kafka.clients.consumer.internals.RequestFuture.complete(RequestFuture.java:129)
	at org.apache.kafka.clients.consumer.internals.ConsumerNetworkClient$RequestFutureCompletionHandler.fireCompletion(ConsumerNetworkClient.java:616)
	at org.apache.kafka.clients.consumer.internals.ConsumerNetworkClient.firePendingCompletedRequests(ConsumerNetworkClient.java:428)
	at org.apache.kafka.clients.consumer.internals.ConsumerNetworkClient.poll(ConsumerNetworkClient.java:313)
	at org.apache.kafka.clients.consumer.internals.ConsumerNetworkClient.poll(ConsumerNetworkClient.java:231)
	at org.apache.kafka.clients.consumer.internals.AbstractCoordinator.ensureCoordinatorReady(AbstractCoordinator.java:289)
	at org.apache.kafka.clients.consumer.internals.AbstractCoordinator.ensureCoordinatorReady(AbstractCoordinator.java:263)
	at org.apache.kafka.clients.consumer.internals.ConsumerCoordinator.coordinatorUnknownAndUnreadySync(ConsumerCoordinator.java:450)
	at org.apache.kafka.clients.consumer.internals.ConsumerCoordinator.poll(ConsumerCoordinator.java:482)
	at org.apache.kafka.clients.consumer.internals.LegacyKafkaConsumer.updateAssignmentMetadataIfNeeded(LegacyKafkaConsumer.java:652)
	at org.apache.kafka.clients.consumer.internals.LegacyKafkaConsumer.poll(LegacyKafkaConsumer.java:611)
	at org.apache.kafka.clients.consumer.internals.LegacyKafkaConsumer.poll(LegacyKafkaConsumer.java:591)
	at org.apache.kafka.clients.consumer.KafkaConsumer.poll(KafkaConsumer.java:874)
	at org.springframework.kafka.listener.KafkaMessageListenerContainer$ListenerConsumer.pollConsumer(KafkaMessageListenerContainer.java:1692)
	at org.springframework.kafka.listener.KafkaMessageListenerContainer$ListenerConsumer.doPoll(KafkaMessageListenerContainer.java:1667)
	at org.springframework.kafka.listener.KafkaMessageListenerContainer$ListenerConsumer.pollAndInvoke(KafkaMessageListenerContainer.java:1445)
	at org.springframework.kafka.listener.KafkaMessageListenerContainer$ListenerConsumer.run(KafkaMessageListenerContainer.java:1335)
	at java.base/java.util.concurrent.CompletableFuture$AsyncRun.run(CompletableFuture.java:1804)
	at java.base/java.lang.Thread.run(Thread.java:842)
2025-04-22 15:32:38-839 [org.springframework.kafka.KafkaListenerEndpointContainer#0-0-C-1] INFO  o.a.k.c.c.i.ConsumerCoordinator - [Consumer clientId=consumer-user_group-1, groupId=user_group] (Re-)joining group 
2025-04-22 15:32:38-847 [org.springframework.kafka.KafkaListenerEndpointContainer#0-0-C-1] WARN  o.apache.kafka.clients.NetworkClient - [Consumer clientId=consumer-user_group-1, groupId=user_group] Error connecting to node kafka:9092 (id: 2147482646 rack: null) 
java.net.UnknownHostException: kafka
	at java.base/java.net.InetAddress$CachedAddresses.get(InetAddress.java:801)
	at java.base/java.net.InetAddress.getAllByName0(InetAddress.java:1532)
	at java.base/java.net.InetAddress.getAllByName(InetAddress.java:1384)
	at java.base/java.net.InetAddress.getAllByName(InetAddress.java:1305)
	at org.apache.kafka.clients.DefaultHostResolver.resolve(DefaultHostResolver.java:27)
	at org.apache.kafka.clients.ClientUtils.resolve(ClientUtils.java:124)
	at org.apache.kafka.clients.ClusterConnectionStates$NodeConnectionState.resolveAddresses(ClusterConnectionStates.java:536)
	at org.apache.kafka.clients.ClusterConnectionStates$NodeConnectionState.currentAddress(ClusterConnectionStates.java:511)
	at org.apache.kafka.clients.ClusterConnectionStates$NodeConnectionState.access$200(ClusterConnectionStates.java:466)
	at org.apache.kafka.clients.ClusterConnectionStates.currentAddress(ClusterConnectionStates.java:173)
	at org.apache.kafka.clients.NetworkClient.initiateConnect(NetworkClient.java:1070)
	at org.apache.kafka.clients.NetworkClient.ready(NetworkClient.java:320)
	at org.apache.kafka.clients.consumer.internals.ConsumerNetworkClient.trySend(ConsumerNetworkClient.java:514)
	at org.apache.kafka.clients.consumer.internals.ConsumerNetworkClient.poll(ConsumerNetworkClient.java:271)
	at org.apache.kafka.clients.consumer.internals.ConsumerNetworkClient.poll(ConsumerNetworkClient.java:231)
	at org.apache.kafka.clients.consumer.internals.ConsumerNetworkClient.poll(ConsumerNetworkClient.java:215)
	at org.apache.kafka.clients.consumer.internals.AbstractCoordinator.joinGroupIfNeeded(AbstractCoordinator.java:480)
	at org.apache.kafka.clients.consumer.internals.AbstractCoordinator.ensureActiveGroup(AbstractCoordinator.java:414)
	at org.apache.kafka.clients.consumer.internals.ConsumerCoordinator.poll(ConsumerCoordinator.java:510)
	at org.apache.kafka.clients.consumer.internals.LegacyKafkaConsumer.updateAssignmentMetadataIfNeeded(LegacyKafkaConsumer.java:652)
	at org.apache.kafka.clients.consumer.internals.LegacyKafkaConsumer.poll(LegacyKafkaConsumer.java:611)
	at org.apache.kafka.clients.consumer.internals.LegacyKafkaConsumer.poll(LegacyKafkaConsumer.java:591)
	at org.apache.kafka.clients.consumer.KafkaConsumer.poll(KafkaConsumer.java:874)
	at org.springframework.kafka.listener.KafkaMessageListenerContainer$ListenerConsumer.pollConsumer(KafkaMessageListenerContainer.java:1692)
	at org.springframework.kafka.listener.KafkaMessageListenerContainer$ListenerConsumer.doPoll(KafkaMessageListenerContainer.java:1667)
	at org.springframework.kafka.listener.KafkaMessageListenerContainer$ListenerConsumer.pollAndInvoke(KafkaMessageListenerContainer.java:1445)
	at org.springframework.kafka.listener.KafkaMessageListenerContainer$ListenerConsumer.run(KafkaMessageListenerContainer.java:1335)
	at java.base/java.util.concurrent.CompletableFuture$AsyncRun.run(CompletableFuture.java:1804)
	at java.base/java.lang.Thread.run(Thread.java:842)
2025-04-22 15:32:38-849 [org.springframework.kafka.KafkaListenerEndpointContainer#0-0-C-1] INFO  o.a.k.c.c.i.ConsumerCoordinator - [Consumer clientId=consumer-user_group-1, groupId=user_group] Group coordinator kafka:9092 (id: 2147482646 rack: null) is unavailable or invalid due to cause: coordinator unavailable. isDisconnected: true. Rediscovery will be attempted. 
2025-04-22 15:32:38-849 [org.springframework.kafka.KafkaListenerEndpointContainer#0-0-C-1] INFO  o.a.k.c.c.i.ConsumerCoordinator - [Consumer clientId=consumer-user_group-1, groupId=user_group] Resetting generation and member id due to: consumer pro-actively leaving the group 
2025-04-22 15:32:38-849 [org.springframework.kafka.KafkaListenerEndpointContainer#0-0-C-1] INFO  o.a.k.c.c.i.ConsumerCoordinator - [Consumer clientId=consumer-user_group-1, groupId=user_group] Request joining group due to: consumer pro-actively leaving the group 
2025-04-22 15:32:38-849 [org.springframework.kafka.KafkaListenerEndpointContainer#0-0-C-1] INFO  o.a.k.c.c.i.LegacyKafkaConsumer - [Consumer clientId=consumer-user_group-1, groupId=user_group] Unsubscribed all topics or patterns and assigned partitions 
2025-04-22 15:32:38-851 [org.springframework.kafka.KafkaListenerEndpointContainer#0-0-C-1] INFO  o.a.k.c.c.i.ConsumerCoordinator - [Consumer clientId=consumer-user_group-1, groupId=user_group] Resetting generation and member id due to: consumer pro-actively leaving the group 
2025-04-22 15:32:38-851 [org.springframework.kafka.KafkaListenerEndpointContainer#0-0-C-1] INFO  o.a.k.c.c.i.ConsumerCoordinator - [Consumer clientId=consumer-user_group-1, groupId=user_group] Request joining group due to: consumer pro-actively leaving the group 
2025-04-22 15:32:38-854 [org.springframework.kafka.KafkaListenerEndpointContainer#0-0-C-1] INFO  o.a.kafka.common.metrics.Metrics - Metrics scheduler closed 
2025-04-22 15:32:38-855 [org.springframework.kafka.KafkaListenerEndpointContainer#0-0-C-1] INFO  o.a.kafka.common.metrics.Metrics - Closing reporter org.apache.kafka.common.metrics.JmxReporter 
2025-04-22 15:32:38-855 [org.springframework.kafka.KafkaListenerEndpointContainer#0-0-C-1] INFO  o.a.kafka.common.metrics.Metrics - Closing reporter org.apache.kafka.common.telemetry.internals.ClientTelemetryReporter 
2025-04-22 15:32:38-855 [org.springframework.kafka.KafkaListenerEndpointContainer#0-0-C-1] INFO  o.a.kafka.common.metrics.Metrics - Metrics reporters closed 
2025-04-22 15:32:38-862 [org.springframework.kafka.KafkaListenerEndpointContainer#0-0-C-1] INFO  o.a.kafka.common.utils.AppInfoParser - App info kafka.consumer for consumer-user_group-1 unregistered 
2025-04-22 15:32:38-863 [org.springframework.kafka.KafkaListenerEndpointContainer#0-0-C-1] INFO  o.s.k.l.KafkaMessageListenerContainer - user_group: Consumer stopped 
2025-04-22 15:32:40-965 [SpringApplicationShutdownHook] INFO  c.netflix.discovery.DiscoveryClient - Shutting down DiscoveryClient ... 
2025-04-22 15:32:43-980 [SpringApplicationShutdownHook] INFO  c.netflix.discovery.DiscoveryClient - Unregistering ... 
2025-04-22 15:32:44-001 [SpringApplicationShutdownHook] INFO  c.netflix.discovery.DiscoveryClient - DiscoveryClient_USERS-SERVICE-API/users-service-api:9191 - deregister  status: 200 
2025-04-22 15:32:44-001 [SpringApplicationShutdownHook] INFO  c.netflix.discovery.DiscoveryClient - Completed shut down of DiscoveryClient 
2025-04-22 15:54:52-432 [main] INFO  o.s.t.c.s.AnnotationConfigContextLoaderUtils - Could not detect default configuration classes for test class [com.yanki.users.service.api.service.UserServiceImplTest]: UserServiceImplTest does not declare any static, non-private, non-final, nested classes annotated with @Configuration. 
2025-04-22 15:54:52-917 [main] INFO  o.s.b.t.c.SpringBootTestContextBootstrapper - Found @SpringBootConfiguration com.yanki.users.service.api.UsersServiceApiApplication for test class com.yanki.users.service.api.service.UserServiceImplTest 
2025-04-22 15:54:56-298 [main] INFO  c.y.u.s.a.s.UserServiceImplTest - Starting UserServiceImplTest using Java 17.0.12 with PID 21928 (started by mgarcsar in C:\Users\mgarcsar\Documents\Bootcamp\etregables\Yanki\users-service-api) 
2025-04-22 15:54:56-300 [main] INFO  c.y.u.s.a.s.UserServiceImplTest - The following 1 profile is active: "local" 
2025-04-22 15:54:56-345 [main] INFO  o.s.c.c.c.ConfigServerConfigDataLoader - Fetching config from server at : http://config-server-bc:8888 
2025-04-22 15:54:56-345 [main] INFO  o.s.c.c.c.ConfigServerConfigDataLoader - Exception on Url - http://config-server-bc:8888:org.springframework.web.client.ResourceAccessException: I/O error on GET request for "http://config-server-bc:8888/users-service-api/default": config-server-bc. Will be trying the next url if available 
2025-04-22 15:54:56-345 [main] WARN  o.s.c.c.c.ConfigServerConfigDataLoader - Could not locate PropertySource ([ConfigServerConfigDataResource@2079fcfc uris = array<String>['http://config-server-bc:8888'], optional = true, profiles = 'default']): I/O error on GET request for "http://config-server-bc:8888/users-service-api/default": config-server-bc 
2025-04-22 15:54:56-345 [main] INFO  o.s.c.c.c.ConfigServerConfigDataLoader - Fetching config from server at : http://config-server-bc:8888 
2025-04-22 15:54:56-346 [main] INFO  o.s.c.c.c.ConfigServerConfigDataLoader - Exception on Url - http://config-server-bc:8888:org.springframework.web.client.ResourceAccessException: I/O error on GET request for "http://config-server-bc:8888/users-service-api/local": config-server-bc. Will be trying the next url if available 
2025-04-22 15:54:56-346 [main] WARN  o.s.c.c.c.ConfigServerConfigDataLoader - Could not locate PropertySource ([ConfigServerConfigDataResource@14d36bb2 uris = array<String>['http://config-server-bc:8888'], optional = true, profiles = 'local']): I/O error on GET request for "http://config-server-bc:8888/users-service-api/local": config-server-bc 
2025-04-22 15:54:56-346 [main] INFO  o.s.c.c.c.ConfigServerConfigDataLoader - Fetching config from server at : http://config-server-bc:8888 
2025-04-22 15:54:56-346 [main] INFO  o.s.c.c.c.ConfigServerConfigDataLoader - Exception on Url - http://config-server-bc:8888:org.springframework.web.client.ResourceAccessException: I/O error on GET request for "http://config-server-bc:8888/users-service-api/default": config-server-bc. Will be trying the next url if available 
2025-04-22 15:54:56-346 [main] WARN  o.s.c.c.c.ConfigServerConfigDataLoader - Could not locate PropertySource ([ConfigServerConfigDataResource@432448 uris = array<String>['http://config-server-bc:8888'], optional = true, profiles = 'default']): I/O error on GET request for "http://config-server-bc:8888/users-service-api/default": config-server-bc 
2025-04-22 15:54:57-910 [main] INFO  o.s.d.r.c.RepositoryConfigurationDelegate - Bootstrapping Spring Data Reactive MongoDB repositories in DEFAULT mode. 
2025-04-22 15:54:58-356 [main] INFO  o.s.d.r.c.RepositoryConfigurationDelegate - Finished Spring Data repository scanning in 424 ms. Found 1 Reactive MongoDB repository interface. 
2025-04-22 15:54:58-738 [main] INFO  o.s.cloud.context.scope.GenericScope - BeanFactory id=611ef13d-e9cf-37e3-9654-11dd09564ea1 
2025-04-22 15:54:59-612 [main] INFO  org.mongodb.driver.client - MongoClient with metadata {"driver": {"name": "mongo-java-driver|reactive-streams|spring-boot", "version": "5.2.1"}, "os": {"type": "Windows", "name": "Windows 10", "architecture": "amd64", "version": "10.0"}, "platform": "Java/Oracle Corporation/17.0.12+8-LTS-286"} created with settings MongoClientSettings{readPreference=primary, writeConcern=WriteConcern{w=null, wTimeout=null ms, journal=null}, retryWrites=true, retryReads=true, readConcern=ReadConcern{level=null}, credential=null, transportSettings=NettyTransportSettings{eventLoopGroup=io.netty.channel.nio.NioEventLoopGroup@51920bb0, socketChannelClass=null, allocator=null, sslContext=null}, commandListeners=[io.micrometer.core.instrument.binder.mongodb.MongoMetricsCommandListener@1a7186ef], codecRegistry=ProvidersCodecRegistry{codecProviders=[ValueCodecProvider{}, BsonValueCodecProvider{}, DBRefCodecProvider{}, DBObjectCodecProvider{}, DocumentCodecProvider{}, CollectionCodecProvider{}, IterableCodecProvider{}, MapCodecProvider{}, GeoJsonCodecProvider{}, GridFSFileCodecProvider{}, Jsr310CodecProvider{}, JsonObjectCodecProvider{}, BsonCodecProvider{}, EnumCodecProvider{}, com.mongodb.client.model.mql.ExpressionCodecProvider@5f6da867, com.mongodb.Jep395RecordCodecProvider@1227013b, com.mongodb.KotlinCodecProvider@53a95744]}, loggerSettings=LoggerSettings{maxDocumentLength=1000}, clusterSettings={hosts=[localhost:27017], srvServiceName=mongodb, mode=SINGLE, requiredClusterType=UNKNOWN, requiredReplicaSetName='null', serverSelector='null', clusterListeners='[]', serverSelectionTimeout='30000 ms', localThreshold='15 ms'}, socketSettings=SocketSettings{connectTimeoutMS=10000, readTimeoutMS=0, receiveBufferSize=0, proxySettings=ProxySettings{host=null, port=null, username=null, password=null}}, heartbeatSocketSettings=SocketSettings{connectTimeoutMS=10000, readTimeoutMS=10000, receiveBufferSize=0, proxySettings=ProxySettings{host=null, port=null, username=null, password=null}}, connectionPoolSettings=ConnectionPoolSettings{maxSize=100, minSize=0, maxWaitTimeMS=120000, maxConnectionLifeTimeMS=0, maxConnectionIdleTimeMS=0, maintenanceInitialDelayMS=0, maintenanceFrequencyMS=60000, connectionPoolListeners=[io.micrometer.core.instrument.binder.mongodb.MongoMetricsConnectionPoolListener@45f9f520], maxConnecting=2}, serverSettings=ServerSettings{heartbeatFrequencyMS=10000, minHeartbeatFrequencyMS=500, serverMonitoringMode=AUTO, serverListeners='[]', serverMonitorListeners='[]'}, sslSettings=SslSettings{enabled=false, invalidHostNameAllowed=false, context=null}, applicationName='null', compressorList=[], uuidRepresentation=JAVA_LEGACY, serverApi=null, autoEncryptionSettings=null, dnsClient=null, inetAddressResolver=null, contextProvider=null, timeoutMS=null} 
2025-04-22 15:54:59-834 [cluster-ClusterId{value='680802232b1bc42fa3378aad', description='null'}-localhost:27017] INFO  org.mongodb.driver.cluster - Monitor thread successfully connected to server with description ServerDescription{address=localhost:27017, type=STANDALONE, cryptd=false, state=CONNECTED, ok=true, minWireVersion=0, maxWireVersion=25, maxDocumentSize=16777216, logicalSessionTimeoutMinutes=30, roundTripTimeNanos=115052400, minRoundTripTimeNanos=0} 
2025-04-22 15:55:00-978 [main] INFO  o.s.v.b.OptionalValidatorFactoryBean - Failed to set up a Bean Validation provider: jakarta.validation.NoProviderFoundException: Unable to create a Configuration, because no Jakarta Bean Validation provider could be found. Add a provider like Hibernate Validator (RI) to your classpath. 
2025-04-22 15:55:02-369 [main] INFO  o.s.b.a.e.web.EndpointLinksResolver - Exposing 2 endpoints beneath base path '/actuator' 
2025-04-22 15:55:03-189 [main] INFO  o.s.c.n.e.c.DiscoveryClientOptionalArgsConfiguration - Eureka HTTP Client uses RestTemplate. 
2025-04-22 15:55:03-258 [main] WARN  o.s.c.l.c.LoadBalancerCacheAutoConfiguration$LoadBalancerCaffeineWarnLogger - Spring Cloud LoadBalancer is currently working with the default cache. While this cache implementation is useful for development and tests, it's recommended to use Caffeine cache in production.You can switch to using Caffeine cache, by adding it and org.springframework.cache.caffeine.CaffeineCacheManager to the classpath. 
2025-04-22 15:55:03-395 [main] INFO  o.s.c.n.eureka.InstanceInfoFactory - Setting initial instance status as: STARTING 
2025-04-22 15:55:03-429 [main] INFO  c.netflix.discovery.DiscoveryClient - Initializing Eureka in region us-east-1 
2025-04-22 15:55:03-436 [main] INFO  c.n.d.s.r.aws.ConfigClusterResolver - Resolving eureka endpoints via configuration 
2025-04-22 15:55:03-447 [main] INFO  c.netflix.discovery.DiscoveryClient - Disable delta property : false 
2025-04-22 15:55:03-448 [main] INFO  c.netflix.discovery.DiscoveryClient - Single vip registry refresh property : null 
2025-04-22 15:55:03-448 [main] INFO  c.netflix.discovery.DiscoveryClient - Force full registry fetch : false 
2025-04-22 15:55:03-448 [main] INFO  c.netflix.discovery.DiscoveryClient - Application is null : false 
2025-04-22 15:55:03-448 [main] INFO  c.netflix.discovery.DiscoveryClient - Registered Applications size is zero : true 
2025-04-22 15:55:03-448 [main] INFO  c.netflix.discovery.DiscoveryClient - Application version is -1: true 
2025-04-22 15:55:03-448 [main] INFO  c.netflix.discovery.DiscoveryClient - Getting all instance registry info from the eureka server 
2025-04-22 15:55:03-918 [main] INFO  c.netflix.discovery.DiscoveryClient - The response status is 200 
2025-04-22 15:55:03-930 [main] INFO  c.netflix.discovery.DiscoveryClient - Starting heartbeat executor: renew interval is: 30 
2025-04-22 15:55:03-937 [main] INFO  c.n.discovery.InstanceInfoReplicator - InstanceInfoReplicator onDemand update allowed rate per min is 4 
2025-04-22 15:55:03-940 [main] INFO  c.netflix.discovery.DiscoveryClient - Discovery Client initialized at timestamp 1745355303940 with initial instances count: 2 
2025-04-22 15:55:03-946 [main] INFO  o.s.c.n.e.s.EurekaServiceRegistry - Registering application USERS-SERVICE-API with eureka with status UP 
2025-04-22 15:55:03-947 [main] INFO  c.netflix.discovery.DiscoveryClient - Saw local status change event StatusChangeEvent [timestamp=1745355303947, current=UP, previous=STARTING] 
2025-04-22 15:55:03-950 [DiscoveryClient-InstanceInfoReplicator-%d] INFO  c.netflix.discovery.DiscoveryClient - DiscoveryClient_USERS-SERVICE-API/users-service-api:9191: registering service... 
2025-04-22 15:55:04-031 [DiscoveryClient-InstanceInfoReplicator-%d] INFO  c.netflix.discovery.DiscoveryClient - DiscoveryClient_USERS-SERVICE-API/users-service-api:9191 - registration status: 204 
2025-04-22 15:55:04-054 [main] INFO  o.a.k.c.consumer.ConsumerConfig - ConsumerConfig values: 
	allow.auto.create.topics = true
	auto.commit.interval.ms = 5000
	auto.include.jmx.reporter = true
	auto.offset.reset = latest
	bootstrap.servers = [localhost:9092]
	check.crcs = true
	client.dns.lookup = use_all_dns_ips
	client.id = consumer-user_group-1
	client.rack = 
	connections.max.idle.ms = 540000
	default.api.timeout.ms = 60000
	enable.auto.commit = false
	enable.metrics.push = true
	exclude.internal.topics = true
	fetch.max.bytes = 52428800
	fetch.max.wait.ms = 500
	fetch.min.bytes = 1
	group.id = user_group
	group.instance.id = null
	group.protocol = classic
	group.remote.assignor = null
	heartbeat.interval.ms = 3000
	interceptor.classes = []
	internal.leave.group.on.close = true
	internal.throw.on.fetch.stable.offset.unsupported = false
	isolation.level = read_uncommitted
	key.deserializer = class org.apache.kafka.common.serialization.StringDeserializer
	max.partition.fetch.bytes = 1048576
	max.poll.interval.ms = 300000
	max.poll.records = 500
	metadata.max.age.ms = 300000
	metadata.recovery.strategy = none
	metric.reporters = []
	metrics.num.samples = 2
	metrics.recording.level = INFO
	metrics.sample.window.ms = 30000
	partition.assignment.strategy = [class org.apache.kafka.clients.consumer.RangeAssignor, class org.apache.kafka.clients.consumer.CooperativeStickyAssignor]
	receive.buffer.bytes = 65536
	reconnect.backoff.max.ms = 1000
	reconnect.backoff.ms = 50
	request.timeout.ms = 30000
	retry.backoff.max.ms = 1000
	retry.backoff.ms = 100
	sasl.client.callback.handler.class = null
	sasl.jaas.config = null
	sasl.kerberos.kinit.cmd = /usr/bin/kinit
	sasl.kerberos.min.time.before.relogin = 60000
	sasl.kerberos.service.name = null
	sasl.kerberos.ticket.renew.jitter = 0.05
	sasl.kerberos.ticket.renew.window.factor = 0.8
	sasl.login.callback.handler.class = null
	sasl.login.class = null
	sasl.login.connect.timeout.ms = null
	sasl.login.read.timeout.ms = null
	sasl.login.refresh.buffer.seconds = 300
	sasl.login.refresh.min.period.seconds = 60
	sasl.login.refresh.window.factor = 0.8
	sasl.login.refresh.window.jitter = 0.05
	sasl.login.retry.backoff.max.ms = 10000
	sasl.login.retry.backoff.ms = 100
	sasl.mechanism = GSSAPI
	sasl.oauthbearer.clock.skew.seconds = 30
	sasl.oauthbearer.expected.audience = null
	sasl.oauthbearer.expected.issuer = null
	sasl.oauthbearer.jwks.endpoint.refresh.ms = 3600000
	sasl.oauthbearer.jwks.endpoint.retry.backoff.max.ms = 10000
	sasl.oauthbearer.jwks.endpoint.retry.backoff.ms = 100
	sasl.oauthbearer.jwks.endpoint.url = null
	sasl.oauthbearer.scope.claim.name = scope
	sasl.oauthbearer.sub.claim.name = sub
	sasl.oauthbearer.token.endpoint.url = null
	security.protocol = PLAINTEXT
	security.providers = null
	send.buffer.bytes = 131072
	session.timeout.ms = 45000
	socket.connection.setup.timeout.max.ms = 30000
	socket.connection.setup.timeout.ms = 10000
	ssl.cipher.suites = null
	ssl.enabled.protocols = [TLSv1.2, TLSv1.3]
	ssl.endpoint.identification.algorithm = https
	ssl.engine.factory.class = null
	ssl.key.password = null
	ssl.keymanager.algorithm = SunX509
	ssl.keystore.certificate.chain = null
	ssl.keystore.key = null
	ssl.keystore.location = null
	ssl.keystore.password = null
	ssl.keystore.type = JKS
	ssl.protocol = TLSv1.3
	ssl.provider = null
	ssl.secure.random.implementation = null
	ssl.trustmanager.algorithm = PKIX
	ssl.truststore.certificates = null
	ssl.truststore.location = null
	ssl.truststore.password = null
	ssl.truststore.type = JKS
	value.deserializer = class org.apache.kafka.common.serialization.StringDeserializer
 
2025-04-22 15:55:04-173 [main] INFO  o.a.k.c.t.i.KafkaMetricsCollector - initializing Kafka metrics collector 
2025-04-22 15:55:04-412 [main] INFO  o.a.kafka.common.utils.AppInfoParser - Kafka version: 3.8.1 
2025-04-22 15:55:04-413 [main] INFO  o.a.kafka.common.utils.AppInfoParser - Kafka commitId: 70d6ff42debf7e17 
2025-04-22 15:55:04-413 [main] INFO  o.a.kafka.common.utils.AppInfoParser - Kafka startTimeMs: 1745355304409 
2025-04-22 15:55:04-436 [main] INFO  o.a.k.c.c.i.LegacyKafkaConsumer - [Consumer clientId=consumer-user_group-1, groupId=user_group] Subscribed to topic(s): yanki-user 
2025-04-22 15:55:04-489 [main] INFO  c.y.u.s.a.s.UserServiceImplTest - Started UserServiceImplTest in 10.995 seconds (process running for 15.8) 
2025-04-22 15:55:05-334 [org.springframework.kafka.KafkaListenerEndpointContainer#0-0-C-1] INFO  org.apache.kafka.clients.Metadata - [Consumer clientId=consumer-user_group-1, groupId=user_group] Cluster ID: R1XLCkdBR4O4KzE_70uX4A 
2025-04-22 15:55:05-337 [org.springframework.kafka.KafkaListenerEndpointContainer#0-0-C-1] INFO  o.a.k.c.c.i.ConsumerCoordinator - [Consumer clientId=consumer-user_group-1, groupId=user_group] Discovered group coordinator kafka:9092 (id: 2147482646 rack: null) 
2025-04-22 15:55:05-659 [main] INFO  c.y.u.s.api.service.UserServiceImpl - Subscribed to yanki user request 
2025-04-22 15:55:05-745 [main] INFO  c.y.u.s.api.service.UserServiceImpl - Subscribed to yanki user respose 
2025-04-22 15:55:05-931 [SpringApplicationShutdownHook] INFO  o.s.c.n.e.s.EurekaServiceRegistry - Unregistering application USERS-SERVICE-API with eureka with status DOWN 
2025-04-22 15:55:05-931 [SpringApplicationShutdownHook] INFO  c.netflix.discovery.DiscoveryClient - Saw local status change event StatusChangeEvent [timestamp=1745355305931, current=DOWN, previous=UP] 
2025-04-22 15:55:05-932 [DiscoveryClient-InstanceInfoReplicator-%d] INFO  c.netflix.discovery.DiscoveryClient - DiscoveryClient_USERS-SERVICE-API/users-service-api:9191: registering service... 
2025-04-22 15:55:05-939 [DiscoveryClient-InstanceInfoReplicator-%d] INFO  c.netflix.discovery.DiscoveryClient - DiscoveryClient_USERS-SERVICE-API/users-service-api:9191 - registration status: 204 
2025-04-22 15:55:06-504 [nioEventLoopGroup-2-3] INFO  c.y.u.s.api.service.UserServiceImpl - Yanki User Response: com.yanki.users.service.api.bean.YankiUserResponse@60795ad6 
2025-04-22 15:55:07-769 [org.springframework.kafka.KafkaListenerEndpointContainer#0-0-C-1] WARN  o.apache.kafka.clients.NetworkClient - [Consumer clientId=consumer-user_group-1, groupId=user_group] Error connecting to node kafka:9092 (id: 2147482646 rack: null) 
java.net.UnknownHostException: Host desconocido (kafka)
	at java.base/java.net.Inet6AddressImpl.lookupAllHostAddr(Native Method)
	at java.base/java.net.InetAddress$PlatformNameService.lookupAllHostAddr(InetAddress.java:933)
	at java.base/java.net.InetAddress.getAddressesFromNameService(InetAddress.java:1543)
	at java.base/java.net.InetAddress$NameServiceAddresses.get(InetAddress.java:852)
	at java.base/java.net.InetAddress.getAllByName0(InetAddress.java:1532)
	at java.base/java.net.InetAddress.getAllByName(InetAddress.java:1384)
	at java.base/java.net.InetAddress.getAllByName(InetAddress.java:1305)
	at org.apache.kafka.clients.DefaultHostResolver.resolve(DefaultHostResolver.java:27)
	at org.apache.kafka.clients.ClientUtils.resolve(ClientUtils.java:124)
	at org.apache.kafka.clients.ClusterConnectionStates$NodeConnectionState.resolveAddresses(ClusterConnectionStates.java:536)
	at org.apache.kafka.clients.ClusterConnectionStates$NodeConnectionState.currentAddress(ClusterConnectionStates.java:511)
	at org.apache.kafka.clients.ClusterConnectionStates$NodeConnectionState.access$200(ClusterConnectionStates.java:466)
	at org.apache.kafka.clients.ClusterConnectionStates.currentAddress(ClusterConnectionStates.java:173)
	at org.apache.kafka.clients.NetworkClient.initiateConnect(NetworkClient.java:1070)
	at org.apache.kafka.clients.NetworkClient.ready(NetworkClient.java:320)
	at org.apache.kafka.clients.NetworkClientUtils.tryConnect(NetworkClientUtils.java:141)
	at org.apache.kafka.clients.consumer.internals.ConsumerNetworkClient.tryConnect(ConsumerNetworkClient.java:589)
	at org.apache.kafka.clients.consumer.internals.AbstractCoordinator$FindCoordinatorResponseHandler.onSuccess(AbstractCoordinator.java:937)
	at org.apache.kafka.clients.consumer.internals.AbstractCoordinator$FindCoordinatorResponseHandler.onSuccess(AbstractCoordinator.java:913)
	at org.apache.kafka.clients.consumer.internals.RequestFuture$1.onSuccess(RequestFuture.java:206)
	at org.apache.kafka.clients.consumer.internals.RequestFuture.fireSuccess(RequestFuture.java:169)
	at org.apache.kafka.clients.consumer.internals.RequestFuture.complete(RequestFuture.java:129)
	at org.apache.kafka.clients.consumer.internals.ConsumerNetworkClient$RequestFutureCompletionHandler.fireCompletion(ConsumerNetworkClient.java:616)
	at org.apache.kafka.clients.consumer.internals.ConsumerNetworkClient.firePendingCompletedRequests(ConsumerNetworkClient.java:428)
	at org.apache.kafka.clients.consumer.internals.ConsumerNetworkClient.poll(ConsumerNetworkClient.java:313)
	at org.apache.kafka.clients.consumer.internals.ConsumerNetworkClient.poll(ConsumerNetworkClient.java:231)
	at org.apache.kafka.clients.consumer.internals.AbstractCoordinator.ensureCoordinatorReady(AbstractCoordinator.java:289)
	at org.apache.kafka.clients.consumer.internals.AbstractCoordinator.ensureCoordinatorReady(AbstractCoordinator.java:263)
	at org.apache.kafka.clients.consumer.internals.ConsumerCoordinator.coordinatorUnknownAndUnreadySync(ConsumerCoordinator.java:450)
	at org.apache.kafka.clients.consumer.internals.ConsumerCoordinator.poll(ConsumerCoordinator.java:482)
	at org.apache.kafka.clients.consumer.internals.LegacyKafkaConsumer.updateAssignmentMetadataIfNeeded(LegacyKafkaConsumer.java:652)
	at org.apache.kafka.clients.consumer.internals.LegacyKafkaConsumer.poll(LegacyKafkaConsumer.java:611)
	at org.apache.kafka.clients.consumer.internals.LegacyKafkaConsumer.poll(LegacyKafkaConsumer.java:591)
	at org.apache.kafka.clients.consumer.KafkaConsumer.poll(KafkaConsumer.java:874)
	at org.springframework.kafka.listener.KafkaMessageListenerContainer$ListenerConsumer.pollConsumer(KafkaMessageListenerContainer.java:1692)
	at org.springframework.kafka.listener.KafkaMessageListenerContainer$ListenerConsumer.doPoll(KafkaMessageListenerContainer.java:1667)
	at org.springframework.kafka.listener.KafkaMessageListenerContainer$ListenerConsumer.pollAndInvoke(KafkaMessageListenerContainer.java:1445)
	at org.springframework.kafka.listener.KafkaMessageListenerContainer$ListenerConsumer.run(KafkaMessageListenerContainer.java:1335)
	at java.base/java.util.concurrent.CompletableFuture$AsyncRun.run(CompletableFuture.java:1804)
	at java.base/java.lang.Thread.run(Thread.java:842)
2025-04-22 15:55:07-776 [org.springframework.kafka.KafkaListenerEndpointContainer#0-0-C-1] INFO  o.a.k.c.c.i.ConsumerCoordinator - [Consumer clientId=consumer-user_group-1, groupId=user_group] (Re-)joining group 
2025-04-22 15:55:07-787 [org.springframework.kafka.KafkaListenerEndpointContainer#0-0-C-1] WARN  o.apache.kafka.clients.NetworkClient - [Consumer clientId=consumer-user_group-1, groupId=user_group] Error connecting to node kafka:9092 (id: 2147482646 rack: null) 
java.net.UnknownHostException: kafka
	at java.base/java.net.InetAddress$CachedAddresses.get(InetAddress.java:801)
	at java.base/java.net.InetAddress.getAllByName0(InetAddress.java:1532)
	at java.base/java.net.InetAddress.getAllByName(InetAddress.java:1384)
	at java.base/java.net.InetAddress.getAllByName(InetAddress.java:1305)
	at org.apache.kafka.clients.DefaultHostResolver.resolve(DefaultHostResolver.java:27)
	at org.apache.kafka.clients.ClientUtils.resolve(ClientUtils.java:124)
	at org.apache.kafka.clients.ClusterConnectionStates$NodeConnectionState.resolveAddresses(ClusterConnectionStates.java:536)
	at org.apache.kafka.clients.ClusterConnectionStates$NodeConnectionState.currentAddress(ClusterConnectionStates.java:511)
	at org.apache.kafka.clients.ClusterConnectionStates$NodeConnectionState.access$200(ClusterConnectionStates.java:466)
	at org.apache.kafka.clients.ClusterConnectionStates.currentAddress(ClusterConnectionStates.java:173)
	at org.apache.kafka.clients.NetworkClient.initiateConnect(NetworkClient.java:1070)
	at org.apache.kafka.clients.NetworkClient.ready(NetworkClient.java:320)
	at org.apache.kafka.clients.consumer.internals.ConsumerNetworkClient.trySend(ConsumerNetworkClient.java:514)
	at org.apache.kafka.clients.consumer.internals.ConsumerNetworkClient.poll(ConsumerNetworkClient.java:271)
	at org.apache.kafka.clients.consumer.internals.ConsumerNetworkClient.poll(ConsumerNetworkClient.java:231)
	at org.apache.kafka.clients.consumer.internals.ConsumerNetworkClient.poll(ConsumerNetworkClient.java:215)
	at org.apache.kafka.clients.consumer.internals.AbstractCoordinator.joinGroupIfNeeded(AbstractCoordinator.java:480)
	at org.apache.kafka.clients.consumer.internals.AbstractCoordinator.ensureActiveGroup(AbstractCoordinator.java:414)
	at org.apache.kafka.clients.consumer.internals.ConsumerCoordinator.poll(ConsumerCoordinator.java:510)
	at org.apache.kafka.clients.consumer.internals.LegacyKafkaConsumer.updateAssignmentMetadataIfNeeded(LegacyKafkaConsumer.java:652)
	at org.apache.kafka.clients.consumer.internals.LegacyKafkaConsumer.poll(LegacyKafkaConsumer.java:611)
	at org.apache.kafka.clients.consumer.internals.LegacyKafkaConsumer.poll(LegacyKafkaConsumer.java:591)
	at org.apache.kafka.clients.consumer.KafkaConsumer.poll(KafkaConsumer.java:874)
	at org.springframework.kafka.listener.KafkaMessageListenerContainer$ListenerConsumer.pollConsumer(KafkaMessageListenerContainer.java:1692)
	at org.springframework.kafka.listener.KafkaMessageListenerContainer$ListenerConsumer.doPoll(KafkaMessageListenerContainer.java:1667)
	at org.springframework.kafka.listener.KafkaMessageListenerContainer$ListenerConsumer.pollAndInvoke(KafkaMessageListenerContainer.java:1445)
	at org.springframework.kafka.listener.KafkaMessageListenerContainer$ListenerConsumer.run(KafkaMessageListenerContainer.java:1335)
	at java.base/java.util.concurrent.CompletableFuture$AsyncRun.run(CompletableFuture.java:1804)
	at java.base/java.lang.Thread.run(Thread.java:842)
2025-04-22 15:55:07-789 [org.springframework.kafka.KafkaListenerEndpointContainer#0-0-C-1] INFO  o.a.k.c.c.i.ConsumerCoordinator - [Consumer clientId=consumer-user_group-1, groupId=user_group] Group coordinator kafka:9092 (id: 2147482646 rack: null) is unavailable or invalid due to cause: coordinator unavailable. isDisconnected: true. Rediscovery will be attempted. 
2025-04-22 15:55:07-789 [org.springframework.kafka.KafkaListenerEndpointContainer#0-0-C-1] INFO  o.a.k.c.c.i.ConsumerCoordinator - [Consumer clientId=consumer-user_group-1, groupId=user_group] Resetting generation and member id due to: consumer pro-actively leaving the group 
2025-04-22 15:55:07-789 [org.springframework.kafka.KafkaListenerEndpointContainer#0-0-C-1] INFO  o.a.k.c.c.i.ConsumerCoordinator - [Consumer clientId=consumer-user_group-1, groupId=user_group] Request joining group due to: consumer pro-actively leaving the group 
2025-04-22 15:55:07-789 [org.springframework.kafka.KafkaListenerEndpointContainer#0-0-C-1] INFO  o.a.k.c.c.i.LegacyKafkaConsumer - [Consumer clientId=consumer-user_group-1, groupId=user_group] Unsubscribed all topics or patterns and assigned partitions 
2025-04-22 15:55:07-791 [org.springframework.kafka.KafkaListenerEndpointContainer#0-0-C-1] INFO  o.a.k.c.c.i.ConsumerCoordinator - [Consumer clientId=consumer-user_group-1, groupId=user_group] Resetting generation and member id due to: consumer pro-actively leaving the group 
2025-04-22 15:55:07-791 [org.springframework.kafka.KafkaListenerEndpointContainer#0-0-C-1] INFO  o.a.k.c.c.i.ConsumerCoordinator - [Consumer clientId=consumer-user_group-1, groupId=user_group] Request joining group due to: consumer pro-actively leaving the group 
2025-04-22 15:55:07-797 [org.springframework.kafka.KafkaListenerEndpointContainer#0-0-C-1] INFO  o.a.kafka.common.metrics.Metrics - Metrics scheduler closed 
2025-04-22 15:55:07-797 [org.springframework.kafka.KafkaListenerEndpointContainer#0-0-C-1] INFO  o.a.kafka.common.metrics.Metrics - Closing reporter org.apache.kafka.common.metrics.JmxReporter 
2025-04-22 15:55:07-797 [org.springframework.kafka.KafkaListenerEndpointContainer#0-0-C-1] INFO  o.a.kafka.common.metrics.Metrics - Closing reporter org.apache.kafka.common.telemetry.internals.ClientTelemetryReporter 
2025-04-22 15:55:07-798 [org.springframework.kafka.KafkaListenerEndpointContainer#0-0-C-1] INFO  o.a.kafka.common.metrics.Metrics - Metrics reporters closed 
2025-04-22 15:55:07-804 [org.springframework.kafka.KafkaListenerEndpointContainer#0-0-C-1] INFO  o.a.kafka.common.utils.AppInfoParser - App info kafka.consumer for consumer-user_group-1 unregistered 
2025-04-22 15:55:07-805 [org.springframework.kafka.KafkaListenerEndpointContainer#0-0-C-1] INFO  o.s.k.l.KafkaMessageListenerContainer - user_group: Consumer stopped 
2025-04-22 15:55:09-928 [SpringApplicationShutdownHook] INFO  c.netflix.discovery.DiscoveryClient - Shutting down DiscoveryClient ... 
2025-04-22 15:55:12-928 [SpringApplicationShutdownHook] INFO  c.netflix.discovery.DiscoveryClient - Unregistering ... 
2025-04-22 15:55:12-949 [SpringApplicationShutdownHook] INFO  c.netflix.discovery.DiscoveryClient - DiscoveryClient_USERS-SERVICE-API/users-service-api:9191 - deregister  status: 200 
2025-04-22 15:55:12-949 [SpringApplicationShutdownHook] INFO  c.netflix.discovery.DiscoveryClient - Completed shut down of DiscoveryClient 
2025-04-22 16:08:10-288 [main] INFO  o.s.t.c.s.AnnotationConfigContextLoaderUtils - Could not detect default configuration classes for test class [com.yanki.users.service.api.service.UserServiceImplTest]: UserServiceImplTest does not declare any static, non-private, non-final, nested classes annotated with @Configuration. 
2025-04-22 16:08:10-550 [main] INFO  o.s.b.t.c.SpringBootTestContextBootstrapper - Found @SpringBootConfiguration com.yanki.users.service.api.UsersServiceApiApplication for test class com.yanki.users.service.api.service.UserServiceImplTest 
2025-04-22 16:08:13-636 [main] INFO  c.y.u.s.a.s.UserServiceImplTest - Starting UserServiceImplTest using Java 17.0.12 with PID 21844 (started by mgarcsar in C:\Users\mgarcsar\Documents\Bootcamp\etregables\Yanki\users-service-api) 
2025-04-22 16:08:13-637 [main] INFO  c.y.u.s.a.s.UserServiceImplTest - The following 1 profile is active: "local" 
2025-04-22 16:08:13-688 [main] INFO  o.s.c.c.c.ConfigServerConfigDataLoader - Fetching config from server at : http://config-server-bc:8888 
2025-04-22 16:08:13-688 [main] INFO  o.s.c.c.c.ConfigServerConfigDataLoader - Exception on Url - http://config-server-bc:8888:org.springframework.web.client.ResourceAccessException: I/O error on GET request for "http://config-server-bc:8888/users-service-api/default": config-server-bc. Will be trying the next url if available 
2025-04-22 16:08:13-688 [main] WARN  o.s.c.c.c.ConfigServerConfigDataLoader - Could not locate PropertySource ([ConfigServerConfigDataResource@2079fcfc uris = array<String>['http://config-server-bc:8888'], optional = true, profiles = 'default']): I/O error on GET request for "http://config-server-bc:8888/users-service-api/default": config-server-bc 
2025-04-22 16:08:13-688 [main] INFO  o.s.c.c.c.ConfigServerConfigDataLoader - Fetching config from server at : http://config-server-bc:8888 
2025-04-22 16:08:13-688 [main] INFO  o.s.c.c.c.ConfigServerConfigDataLoader - Exception on Url - http://config-server-bc:8888:org.springframework.web.client.ResourceAccessException: I/O error on GET request for "http://config-server-bc:8888/users-service-api/local": config-server-bc. Will be trying the next url if available 
2025-04-22 16:08:13-689 [main] WARN  o.s.c.c.c.ConfigServerConfigDataLoader - Could not locate PropertySource ([ConfigServerConfigDataResource@14d36bb2 uris = array<String>['http://config-server-bc:8888'], optional = true, profiles = 'local']): I/O error on GET request for "http://config-server-bc:8888/users-service-api/local": config-server-bc 
2025-04-22 16:08:13-689 [main] INFO  o.s.c.c.c.ConfigServerConfigDataLoader - Fetching config from server at : http://config-server-bc:8888 
2025-04-22 16:08:13-689 [main] INFO  o.s.c.c.c.ConfigServerConfigDataLoader - Exception on Url - http://config-server-bc:8888:org.springframework.web.client.ResourceAccessException: I/O error on GET request for "http://config-server-bc:8888/users-service-api/default": config-server-bc. Will be trying the next url if available 
2025-04-22 16:08:13-689 [main] WARN  o.s.c.c.c.ConfigServerConfigDataLoader - Could not locate PropertySource ([ConfigServerConfigDataResource@432448 uris = array<String>['http://config-server-bc:8888'], optional = true, profiles = 'default']): I/O error on GET request for "http://config-server-bc:8888/users-service-api/default": config-server-bc 
2025-04-22 16:08:15-091 [main] INFO  o.s.d.r.c.RepositoryConfigurationDelegate - Bootstrapping Spring Data Reactive MongoDB repositories in DEFAULT mode. 
2025-04-22 16:08:15-595 [main] INFO  o.s.d.r.c.RepositoryConfigurationDelegate - Finished Spring Data repository scanning in 489 ms. Found 1 Reactive MongoDB repository interface. 
2025-04-22 16:08:16-031 [main] INFO  o.s.cloud.context.scope.GenericScope - BeanFactory id=611ef13d-e9cf-37e3-9654-11dd09564ea1 
2025-04-22 16:08:17-059 [main] INFO  org.mongodb.driver.client - MongoClient with metadata {"driver": {"name": "mongo-java-driver|reactive-streams|spring-boot", "version": "5.2.1"}, "os": {"type": "Windows", "name": "Windows 10", "architecture": "amd64", "version": "10.0"}, "platform": "Java/Oracle Corporation/17.0.12+8-LTS-286"} created with settings MongoClientSettings{readPreference=primary, writeConcern=WriteConcern{w=null, wTimeout=null ms, journal=null}, retryWrites=true, retryReads=true, readConcern=ReadConcern{level=null}, credential=null, transportSettings=NettyTransportSettings{eventLoopGroup=io.netty.channel.nio.NioEventLoopGroup@53a95744, socketChannelClass=null, allocator=null, sslContext=null}, commandListeners=[io.micrometer.core.instrument.binder.mongodb.MongoMetricsCommandListener@45f9f520], codecRegistry=ProvidersCodecRegistry{codecProviders=[ValueCodecProvider{}, BsonValueCodecProvider{}, DBRefCodecProvider{}, DBObjectCodecProvider{}, DocumentCodecProvider{}, CollectionCodecProvider{}, IterableCodecProvider{}, MapCodecProvider{}, GeoJsonCodecProvider{}, GridFSFileCodecProvider{}, Jsr310CodecProvider{}, JsonObjectCodecProvider{}, BsonCodecProvider{}, EnumCodecProvider{}, com.mongodb.client.model.mql.ExpressionCodecProvider@77e55368, com.mongodb.Jep395RecordCodecProvider@5d61ba76, com.mongodb.KotlinCodecProvider@44ebd5e9]}, loggerSettings=LoggerSettings{maxDocumentLength=1000}, clusterSettings={hosts=[localhost:27017], srvServiceName=mongodb, mode=SINGLE, requiredClusterType=UNKNOWN, requiredReplicaSetName='null', serverSelector='null', clusterListeners='[]', serverSelectionTimeout='30000 ms', localThreshold='15 ms'}, socketSettings=SocketSettings{connectTimeoutMS=10000, readTimeoutMS=0, receiveBufferSize=0, proxySettings=ProxySettings{host=null, port=null, username=null, password=null}}, heartbeatSocketSettings=SocketSettings{connectTimeoutMS=10000, readTimeoutMS=10000, receiveBufferSize=0, proxySettings=ProxySettings{host=null, port=null, username=null, password=null}}, connectionPoolSettings=ConnectionPoolSettings{maxSize=100, minSize=0, maxWaitTimeMS=120000, maxConnectionLifeTimeMS=0, maxConnectionIdleTimeMS=0, maintenanceInitialDelayMS=0, maintenanceFrequencyMS=60000, connectionPoolListeners=[io.micrometer.core.instrument.binder.mongodb.MongoMetricsConnectionPoolListener@4eb168a1], maxConnecting=2}, serverSettings=ServerSettings{heartbeatFrequencyMS=10000, minHeartbeatFrequencyMS=500, serverMonitoringMode=AUTO, serverListeners='[]', serverMonitorListeners='[]'}, sslSettings=SslSettings{enabled=false, invalidHostNameAllowed=false, context=null}, applicationName='null', compressorList=[], uuidRepresentation=JAVA_LEGACY, serverApi=null, autoEncryptionSettings=null, dnsClient=null, inetAddressResolver=null, contextProvider=null, timeoutMS=null} 
2025-04-22 16:08:17-270 [cluster-ClusterId{value='6808054015151a735efd31f7', description='null'}-localhost:27017] INFO  org.mongodb.driver.cluster - Monitor thread successfully connected to server with description ServerDescription{address=localhost:27017, type=STANDALONE, cryptd=false, state=CONNECTED, ok=true, minWireVersion=0, maxWireVersion=25, maxDocumentSize=16777216, logicalSessionTimeoutMinutes=30, roundTripTimeNanos=101864700, minRoundTripTimeNanos=0} 
2025-04-22 16:08:18-297 [main] INFO  o.s.v.b.OptionalValidatorFactoryBean - Failed to set up a Bean Validation provider: jakarta.validation.NoProviderFoundException: Unable to create a Configuration, because no Jakarta Bean Validation provider could be found. Add a provider like Hibernate Validator (RI) to your classpath. 
2025-04-22 16:08:19-693 [main] INFO  o.s.b.a.e.web.EndpointLinksResolver - Exposing 2 endpoints beneath base path '/actuator' 
2025-04-22 16:08:20-507 [main] INFO  o.s.c.n.e.c.DiscoveryClientOptionalArgsConfiguration - Eureka HTTP Client uses RestTemplate. 
2025-04-22 16:08:20-568 [main] WARN  o.s.c.l.c.LoadBalancerCacheAutoConfiguration$LoadBalancerCaffeineWarnLogger - Spring Cloud LoadBalancer is currently working with the default cache. While this cache implementation is useful for development and tests, it's recommended to use Caffeine cache in production.You can switch to using Caffeine cache, by adding it and org.springframework.cache.caffeine.CaffeineCacheManager to the classpath. 
2025-04-22 16:08:20-693 [main] INFO  o.s.c.n.eureka.InstanceInfoFactory - Setting initial instance status as: STARTING 
2025-04-22 16:08:20-732 [main] INFO  c.netflix.discovery.DiscoveryClient - Initializing Eureka in region us-east-1 
2025-04-22 16:08:20-757 [main] INFO  c.n.d.s.r.aws.ConfigClusterResolver - Resolving eureka endpoints via configuration 
2025-04-22 16:08:20-772 [main] INFO  c.netflix.discovery.DiscoveryClient - Disable delta property : false 
2025-04-22 16:08:20-772 [main] INFO  c.netflix.discovery.DiscoveryClient - Single vip registry refresh property : null 
2025-04-22 16:08:20-773 [main] INFO  c.netflix.discovery.DiscoveryClient - Force full registry fetch : false 
2025-04-22 16:08:20-773 [main] INFO  c.netflix.discovery.DiscoveryClient - Application is null : false 
2025-04-22 16:08:20-773 [main] INFO  c.netflix.discovery.DiscoveryClient - Registered Applications size is zero : true 
2025-04-22 16:08:20-773 [main] INFO  c.netflix.discovery.DiscoveryClient - Application version is -1: true 
2025-04-22 16:08:20-773 [main] INFO  c.netflix.discovery.DiscoveryClient - Getting all instance registry info from the eureka server 
2025-04-22 16:08:21-220 [main] INFO  c.netflix.discovery.DiscoveryClient - The response status is 200 
2025-04-22 16:08:21-224 [main] INFO  c.netflix.discovery.DiscoveryClient - Starting heartbeat executor: renew interval is: 30 
2025-04-22 16:08:21-229 [main] INFO  c.n.discovery.InstanceInfoReplicator - InstanceInfoReplicator onDemand update allowed rate per min is 4 
2025-04-22 16:08:21-232 [main] INFO  c.netflix.discovery.DiscoveryClient - Discovery Client initialized at timestamp 1745356101232 with initial instances count: 2 
2025-04-22 16:08:21-237 [main] INFO  o.s.c.n.e.s.EurekaServiceRegistry - Registering application USERS-SERVICE-API with eureka with status UP 
2025-04-22 16:08:21-238 [main] INFO  c.netflix.discovery.DiscoveryClient - Saw local status change event StatusChangeEvent [timestamp=1745356101238, current=UP, previous=STARTING] 
2025-04-22 16:08:21-241 [DiscoveryClient-InstanceInfoReplicator-%d] INFO  c.netflix.discovery.DiscoveryClient - DiscoveryClient_USERS-SERVICE-API/users-service-api:9191: registering service... 
2025-04-22 16:08:21-303 [DiscoveryClient-InstanceInfoReplicator-%d] INFO  c.netflix.discovery.DiscoveryClient - DiscoveryClient_USERS-SERVICE-API/users-service-api:9191 - registration status: 204 
2025-04-22 16:08:21-325 [main] INFO  o.a.k.c.consumer.ConsumerConfig - ConsumerConfig values: 
	allow.auto.create.topics = true
	auto.commit.interval.ms = 5000
	auto.include.jmx.reporter = true
	auto.offset.reset = latest
	bootstrap.servers = [localhost:9092]
	check.crcs = true
	client.dns.lookup = use_all_dns_ips
	client.id = consumer-user_group-1
	client.rack = 
	connections.max.idle.ms = 540000
	default.api.timeout.ms = 60000
	enable.auto.commit = false
	enable.metrics.push = true
	exclude.internal.topics = true
	fetch.max.bytes = 52428800
	fetch.max.wait.ms = 500
	fetch.min.bytes = 1
	group.id = user_group
	group.instance.id = null
	group.protocol = classic
	group.remote.assignor = null
	heartbeat.interval.ms = 3000
	interceptor.classes = []
	internal.leave.group.on.close = true
	internal.throw.on.fetch.stable.offset.unsupported = false
	isolation.level = read_uncommitted
	key.deserializer = class org.apache.kafka.common.serialization.StringDeserializer
	max.partition.fetch.bytes = 1048576
	max.poll.interval.ms = 300000
	max.poll.records = 500
	metadata.max.age.ms = 300000
	metadata.recovery.strategy = none
	metric.reporters = []
	metrics.num.samples = 2
	metrics.recording.level = INFO
	metrics.sample.window.ms = 30000
	partition.assignment.strategy = [class org.apache.kafka.clients.consumer.RangeAssignor, class org.apache.kafka.clients.consumer.CooperativeStickyAssignor]
	receive.buffer.bytes = 65536
	reconnect.backoff.max.ms = 1000
	reconnect.backoff.ms = 50
	request.timeout.ms = 30000
	retry.backoff.max.ms = 1000
	retry.backoff.ms = 100
	sasl.client.callback.handler.class = null
	sasl.jaas.config = null
	sasl.kerberos.kinit.cmd = /usr/bin/kinit
	sasl.kerberos.min.time.before.relogin = 60000
	sasl.kerberos.service.name = null
	sasl.kerberos.ticket.renew.jitter = 0.05
	sasl.kerberos.ticket.renew.window.factor = 0.8
	sasl.login.callback.handler.class = null
	sasl.login.class = null
	sasl.login.connect.timeout.ms = null
	sasl.login.read.timeout.ms = null
	sasl.login.refresh.buffer.seconds = 300
	sasl.login.refresh.min.period.seconds = 60
	sasl.login.refresh.window.factor = 0.8
	sasl.login.refresh.window.jitter = 0.05
	sasl.login.retry.backoff.max.ms = 10000
	sasl.login.retry.backoff.ms = 100
	sasl.mechanism = GSSAPI
	sasl.oauthbearer.clock.skew.seconds = 30
	sasl.oauthbearer.expected.audience = null
	sasl.oauthbearer.expected.issuer = null
	sasl.oauthbearer.jwks.endpoint.refresh.ms = 3600000
	sasl.oauthbearer.jwks.endpoint.retry.backoff.max.ms = 10000
	sasl.oauthbearer.jwks.endpoint.retry.backoff.ms = 100
	sasl.oauthbearer.jwks.endpoint.url = null
	sasl.oauthbearer.scope.claim.name = scope
	sasl.oauthbearer.sub.claim.name = sub
	sasl.oauthbearer.token.endpoint.url = null
	security.protocol = PLAINTEXT
	security.providers = null
	send.buffer.bytes = 131072
	session.timeout.ms = 45000
	socket.connection.setup.timeout.max.ms = 30000
	socket.connection.setup.timeout.ms = 10000
	ssl.cipher.suites = null
	ssl.enabled.protocols = [TLSv1.2, TLSv1.3]
	ssl.endpoint.identification.algorithm = https
	ssl.engine.factory.class = null
	ssl.key.password = null
	ssl.keymanager.algorithm = SunX509
	ssl.keystore.certificate.chain = null
	ssl.keystore.key = null
	ssl.keystore.location = null
	ssl.keystore.password = null
	ssl.keystore.type = JKS
	ssl.protocol = TLSv1.3
	ssl.provider = null
	ssl.secure.random.implementation = null
	ssl.trustmanager.algorithm = PKIX
	ssl.truststore.certificates = null
	ssl.truststore.location = null
	ssl.truststore.password = null
	ssl.truststore.type = JKS
	value.deserializer = class org.apache.kafka.common.serialization.StringDeserializer
 
2025-04-22 16:08:21-435 [main] INFO  o.a.k.c.t.i.KafkaMetricsCollector - initializing Kafka metrics collector 
2025-04-22 16:08:21-626 [main] INFO  o.a.kafka.common.utils.AppInfoParser - Kafka version: 3.8.1 
2025-04-22 16:08:21-626 [main] INFO  o.a.kafka.common.utils.AppInfoParser - Kafka commitId: 70d6ff42debf7e17 
2025-04-22 16:08:21-626 [main] INFO  o.a.kafka.common.utils.AppInfoParser - Kafka startTimeMs: 1745356101623 
2025-04-22 16:08:21-644 [main] INFO  o.a.k.c.c.i.LegacyKafkaConsumer - [Consumer clientId=consumer-user_group-1, groupId=user_group] Subscribed to topic(s): yanki-user 
2025-04-22 16:08:21-682 [main] INFO  c.y.u.s.a.s.UserServiceImplTest - Started UserServiceImplTest in 10.574 seconds (process running for 13.114) 
2025-04-22 16:08:22-305 [org.springframework.kafka.KafkaListenerEndpointContainer#0-0-C-1] INFO  org.apache.kafka.clients.Metadata - [Consumer clientId=consumer-user_group-1, groupId=user_group] Cluster ID: R1XLCkdBR4O4KzE_70uX4A 
2025-04-22 16:08:22-307 [org.springframework.kafka.KafkaListenerEndpointContainer#0-0-C-1] INFO  o.a.k.c.c.i.ConsumerCoordinator - [Consumer clientId=consumer-user_group-1, groupId=user_group] Discovered group coordinator kafka:9092 (id: 2147482646 rack: null) 
2025-04-22 16:08:22-680 [main] INFO  c.y.u.s.api.service.UserServiceImpl - Subscribed to yanki user request 
2025-04-22 16:08:22-735 [main] INFO  c.y.u.s.api.service.UserServiceImpl - Subscribed to yanki user respose 
2025-04-22 16:08:22-919 [SpringApplicationShutdownHook] INFO  o.s.c.n.e.s.EurekaServiceRegistry - Unregistering application USERS-SERVICE-API with eureka with status DOWN 
2025-04-22 16:08:22-920 [SpringApplicationShutdownHook] INFO  c.netflix.discovery.DiscoveryClient - Saw local status change event StatusChangeEvent [timestamp=1745356102920, current=DOWN, previous=UP] 
2025-04-22 16:08:22-920 [DiscoveryClient-InstanceInfoReplicator-%d] INFO  c.netflix.discovery.DiscoveryClient - DiscoveryClient_USERS-SERVICE-API/users-service-api:9191: registering service... 
2025-04-22 16:08:22-928 [DiscoveryClient-InstanceInfoReplicator-%d] INFO  c.netflix.discovery.DiscoveryClient - DiscoveryClient_USERS-SERVICE-API/users-service-api:9191 - registration status: 204 
2025-04-22 16:08:23-371 [nioEventLoopGroup-2-3] INFO  c.y.u.s.api.service.UserServiceImpl - Yanki User Response: com.yanki.users.service.api.bean.YankiUserResponse@21840be2 
2025-04-22 16:08:24-609 [org.springframework.kafka.KafkaListenerEndpointContainer#0-0-C-1] WARN  o.apache.kafka.clients.NetworkClient - [Consumer clientId=consumer-user_group-1, groupId=user_group] Error connecting to node kafka:9092 (id: 2147482646 rack: null) 
java.net.UnknownHostException: Host desconocido (kafka)
	at java.base/java.net.Inet6AddressImpl.lookupAllHostAddr(Native Method)
	at java.base/java.net.InetAddress$PlatformNameService.lookupAllHostAddr(InetAddress.java:933)
	at java.base/java.net.InetAddress.getAddressesFromNameService(InetAddress.java:1543)
	at java.base/java.net.InetAddress$NameServiceAddresses.get(InetAddress.java:852)
	at java.base/java.net.InetAddress.getAllByName0(InetAddress.java:1532)
	at java.base/java.net.InetAddress.getAllByName(InetAddress.java:1384)
	at java.base/java.net.InetAddress.getAllByName(InetAddress.java:1305)
	at org.apache.kafka.clients.DefaultHostResolver.resolve(DefaultHostResolver.java:27)
	at org.apache.kafka.clients.ClientUtils.resolve(ClientUtils.java:124)
	at org.apache.kafka.clients.ClusterConnectionStates$NodeConnectionState.resolveAddresses(ClusterConnectionStates.java:536)
	at org.apache.kafka.clients.ClusterConnectionStates$NodeConnectionState.currentAddress(ClusterConnectionStates.java:511)
	at org.apache.kafka.clients.ClusterConnectionStates$NodeConnectionState.access$200(ClusterConnectionStates.java:466)
	at org.apache.kafka.clients.ClusterConnectionStates.currentAddress(ClusterConnectionStates.java:173)
	at org.apache.kafka.clients.NetworkClient.initiateConnect(NetworkClient.java:1070)
	at org.apache.kafka.clients.NetworkClient.ready(NetworkClient.java:320)
	at org.apache.kafka.clients.NetworkClientUtils.tryConnect(NetworkClientUtils.java:141)
	at org.apache.kafka.clients.consumer.internals.ConsumerNetworkClient.tryConnect(ConsumerNetworkClient.java:589)
	at org.apache.kafka.clients.consumer.internals.AbstractCoordinator$FindCoordinatorResponseHandler.onSuccess(AbstractCoordinator.java:937)
	at org.apache.kafka.clients.consumer.internals.AbstractCoordinator$FindCoordinatorResponseHandler.onSuccess(AbstractCoordinator.java:913)
	at org.apache.kafka.clients.consumer.internals.RequestFuture$1.onSuccess(RequestFuture.java:206)
	at org.apache.kafka.clients.consumer.internals.RequestFuture.fireSuccess(RequestFuture.java:169)
	at org.apache.kafka.clients.consumer.internals.RequestFuture.complete(RequestFuture.java:129)
	at org.apache.kafka.clients.consumer.internals.ConsumerNetworkClient$RequestFutureCompletionHandler.fireCompletion(ConsumerNetworkClient.java:616)
	at org.apache.kafka.clients.consumer.internals.ConsumerNetworkClient.firePendingCompletedRequests(ConsumerNetworkClient.java:428)
	at org.apache.kafka.clients.consumer.internals.ConsumerNetworkClient.poll(ConsumerNetworkClient.java:313)
	at org.apache.kafka.clients.consumer.internals.ConsumerNetworkClient.poll(ConsumerNetworkClient.java:231)
	at org.apache.kafka.clients.consumer.internals.AbstractCoordinator.ensureCoordinatorReady(AbstractCoordinator.java:289)
	at org.apache.kafka.clients.consumer.internals.AbstractCoordinator.ensureCoordinatorReady(AbstractCoordinator.java:263)
	at org.apache.kafka.clients.consumer.internals.ConsumerCoordinator.coordinatorUnknownAndUnreadySync(ConsumerCoordinator.java:450)
	at org.apache.kafka.clients.consumer.internals.ConsumerCoordinator.poll(ConsumerCoordinator.java:482)
	at org.apache.kafka.clients.consumer.internals.LegacyKafkaConsumer.updateAssignmentMetadataIfNeeded(LegacyKafkaConsumer.java:652)
	at org.apache.kafka.clients.consumer.internals.LegacyKafkaConsumer.poll(LegacyKafkaConsumer.java:611)
	at org.apache.kafka.clients.consumer.internals.LegacyKafkaConsumer.poll(LegacyKafkaConsumer.java:591)
	at org.apache.kafka.clients.consumer.KafkaConsumer.poll(KafkaConsumer.java:874)
	at org.springframework.kafka.listener.KafkaMessageListenerContainer$ListenerConsumer.pollConsumer(KafkaMessageListenerContainer.java:1692)
	at org.springframework.kafka.listener.KafkaMessageListenerContainer$ListenerConsumer.doPoll(KafkaMessageListenerContainer.java:1667)
	at org.springframework.kafka.listener.KafkaMessageListenerContainer$ListenerConsumer.pollAndInvoke(KafkaMessageListenerContainer.java:1445)
	at org.springframework.kafka.listener.KafkaMessageListenerContainer$ListenerConsumer.run(KafkaMessageListenerContainer.java:1335)
	at java.base/java.util.concurrent.CompletableFuture$AsyncRun.run(CompletableFuture.java:1804)
	at java.base/java.lang.Thread.run(Thread.java:842)
2025-04-22 16:08:24-625 [org.springframework.kafka.KafkaListenerEndpointContainer#0-0-C-1] INFO  o.a.k.c.c.i.ConsumerCoordinator - [Consumer clientId=consumer-user_group-1, groupId=user_group] (Re-)joining group 
2025-04-22 16:08:24-636 [org.springframework.kafka.KafkaListenerEndpointContainer#0-0-C-1] WARN  o.apache.kafka.clients.NetworkClient - [Consumer clientId=consumer-user_group-1, groupId=user_group] Error connecting to node kafka:9092 (id: 2147482646 rack: null) 
java.net.UnknownHostException: kafka
	at java.base/java.net.InetAddress$CachedAddresses.get(InetAddress.java:801)
	at java.base/java.net.InetAddress.getAllByName0(InetAddress.java:1532)
	at java.base/java.net.InetAddress.getAllByName(InetAddress.java:1384)
	at java.base/java.net.InetAddress.getAllByName(InetAddress.java:1305)
	at org.apache.kafka.clients.DefaultHostResolver.resolve(DefaultHostResolver.java:27)
	at org.apache.kafka.clients.ClientUtils.resolve(ClientUtils.java:124)
	at org.apache.kafka.clients.ClusterConnectionStates$NodeConnectionState.resolveAddresses(ClusterConnectionStates.java:536)
	at org.apache.kafka.clients.ClusterConnectionStates$NodeConnectionState.currentAddress(ClusterConnectionStates.java:511)
	at org.apache.kafka.clients.ClusterConnectionStates$NodeConnectionState.access$200(ClusterConnectionStates.java:466)
	at org.apache.kafka.clients.ClusterConnectionStates.currentAddress(ClusterConnectionStates.java:173)
	at org.apache.kafka.clients.NetworkClient.initiateConnect(NetworkClient.java:1070)
	at org.apache.kafka.clients.NetworkClient.ready(NetworkClient.java:320)
	at org.apache.kafka.clients.consumer.internals.ConsumerNetworkClient.trySend(ConsumerNetworkClient.java:514)
	at org.apache.kafka.clients.consumer.internals.ConsumerNetworkClient.poll(ConsumerNetworkClient.java:271)
	at org.apache.kafka.clients.consumer.internals.ConsumerNetworkClient.poll(ConsumerNetworkClient.java:231)
	at org.apache.kafka.clients.consumer.internals.ConsumerNetworkClient.poll(ConsumerNetworkClient.java:215)
	at org.apache.kafka.clients.consumer.internals.AbstractCoordinator.joinGroupIfNeeded(AbstractCoordinator.java:480)
	at org.apache.kafka.clients.consumer.internals.AbstractCoordinator.ensureActiveGroup(AbstractCoordinator.java:414)
	at org.apache.kafka.clients.consumer.internals.ConsumerCoordinator.poll(ConsumerCoordinator.java:510)
	at org.apache.kafka.clients.consumer.internals.LegacyKafkaConsumer.updateAssignmentMetadataIfNeeded(LegacyKafkaConsumer.java:652)
	at org.apache.kafka.clients.consumer.internals.LegacyKafkaConsumer.poll(LegacyKafkaConsumer.java:611)
	at org.apache.kafka.clients.consumer.internals.LegacyKafkaConsumer.poll(LegacyKafkaConsumer.java:591)
	at org.apache.kafka.clients.consumer.KafkaConsumer.poll(KafkaConsumer.java:874)
	at org.springframework.kafka.listener.KafkaMessageListenerContainer$ListenerConsumer.pollConsumer(KafkaMessageListenerContainer.java:1692)
	at org.springframework.kafka.listener.KafkaMessageListenerContainer$ListenerConsumer.doPoll(KafkaMessageListenerContainer.java:1667)
	at org.springframework.kafka.listener.KafkaMessageListenerContainer$ListenerConsumer.pollAndInvoke(KafkaMessageListenerContainer.java:1445)
	at org.springframework.kafka.listener.KafkaMessageListenerContainer$ListenerConsumer.run(KafkaMessageListenerContainer.java:1335)
	at java.base/java.util.concurrent.CompletableFuture$AsyncRun.run(CompletableFuture.java:1804)
	at java.base/java.lang.Thread.run(Thread.java:842)
2025-04-22 16:08:24-637 [org.springframework.kafka.KafkaListenerEndpointContainer#0-0-C-1] INFO  o.a.k.c.c.i.ConsumerCoordinator - [Consumer clientId=consumer-user_group-1, groupId=user_group] Group coordinator kafka:9092 (id: 2147482646 rack: null) is unavailable or invalid due to cause: coordinator unavailable. isDisconnected: true. Rediscovery will be attempted. 
2025-04-22 16:08:24-638 [org.springframework.kafka.KafkaListenerEndpointContainer#0-0-C-1] INFO  o.a.k.c.c.i.ConsumerCoordinator - [Consumer clientId=consumer-user_group-1, groupId=user_group] Resetting generation and member id due to: consumer pro-actively leaving the group 
2025-04-22 16:08:24-638 [org.springframework.kafka.KafkaListenerEndpointContainer#0-0-C-1] INFO  o.a.k.c.c.i.ConsumerCoordinator - [Consumer clientId=consumer-user_group-1, groupId=user_group] Request joining group due to: consumer pro-actively leaving the group 
2025-04-22 16:08:24-638 [org.springframework.kafka.KafkaListenerEndpointContainer#0-0-C-1] INFO  o.a.k.c.c.i.LegacyKafkaConsumer - [Consumer clientId=consumer-user_group-1, groupId=user_group] Unsubscribed all topics or patterns and assigned partitions 
2025-04-22 16:08:24-640 [org.springframework.kafka.KafkaListenerEndpointContainer#0-0-C-1] INFO  o.a.k.c.c.i.ConsumerCoordinator - [Consumer clientId=consumer-user_group-1, groupId=user_group] Resetting generation and member id due to: consumer pro-actively leaving the group 
2025-04-22 16:08:24-640 [org.springframework.kafka.KafkaListenerEndpointContainer#0-0-C-1] INFO  o.a.k.c.c.i.ConsumerCoordinator - [Consumer clientId=consumer-user_group-1, groupId=user_group] Request joining group due to: consumer pro-actively leaving the group 
2025-04-22 16:08:24-646 [org.springframework.kafka.KafkaListenerEndpointContainer#0-0-C-1] INFO  o.a.kafka.common.metrics.Metrics - Metrics scheduler closed 
2025-04-22 16:08:24-646 [org.springframework.kafka.KafkaListenerEndpointContainer#0-0-C-1] INFO  o.a.kafka.common.metrics.Metrics - Closing reporter org.apache.kafka.common.metrics.JmxReporter 
2025-04-22 16:08:24-646 [org.springframework.kafka.KafkaListenerEndpointContainer#0-0-C-1] INFO  o.a.kafka.common.metrics.Metrics - Closing reporter org.apache.kafka.common.telemetry.internals.ClientTelemetryReporter 
2025-04-22 16:08:24-646 [org.springframework.kafka.KafkaListenerEndpointContainer#0-0-C-1] INFO  o.a.kafka.common.metrics.Metrics - Metrics reporters closed 
2025-04-22 16:08:24-652 [org.springframework.kafka.KafkaListenerEndpointContainer#0-0-C-1] INFO  o.a.kafka.common.utils.AppInfoParser - App info kafka.consumer for consumer-user_group-1 unregistered 
2025-04-22 16:08:24-653 [org.springframework.kafka.KafkaListenerEndpointContainer#0-0-C-1] INFO  o.s.k.l.KafkaMessageListenerContainer - user_group: Consumer stopped 
2025-04-22 16:08:26-771 [SpringApplicationShutdownHook] INFO  c.netflix.discovery.DiscoveryClient - Shutting down DiscoveryClient ... 
2025-04-22 16:08:29-778 [SpringApplicationShutdownHook] INFO  c.netflix.discovery.DiscoveryClient - Unregistering ... 
2025-04-22 16:08:29-798 [SpringApplicationShutdownHook] INFO  c.netflix.discovery.DiscoveryClient - DiscoveryClient_USERS-SERVICE-API/users-service-api:9191 - deregister  status: 200 
2025-04-22 16:08:29-798 [SpringApplicationShutdownHook] INFO  c.netflix.discovery.DiscoveryClient - Completed shut down of DiscoveryClient 
2025-04-22 16:11:04-394 [main] INFO  o.s.t.c.s.AnnotationConfigContextLoaderUtils - Could not detect default configuration classes for test class [com.yanki.users.service.api.service.UserServiceImplTest]: UserServiceImplTest does not declare any static, non-private, non-final, nested classes annotated with @Configuration. 
2025-04-22 16:11:04-653 [main] INFO  o.s.b.t.c.SpringBootTestContextBootstrapper - Found @SpringBootConfiguration com.yanki.users.service.api.UsersServiceApiApplication for test class com.yanki.users.service.api.service.UserServiceImplTest 
2025-04-22 16:11:07-551 [main] INFO  c.y.u.s.a.s.UserServiceImplTest - Starting UserServiceImplTest using Java 17.0.12 with PID 2080 (started by mgarcsar in C:\Users\mgarcsar\Documents\Bootcamp\etregables\Yanki\users-service-api) 
2025-04-22 16:11:07-552 [main] INFO  c.y.u.s.a.s.UserServiceImplTest - The following 1 profile is active: "local" 
2025-04-22 16:11:07-598 [main] INFO  o.s.c.c.c.ConfigServerConfigDataLoader - Fetching config from server at : http://config-server-bc:8888 
2025-04-22 16:11:07-598 [main] INFO  o.s.c.c.c.ConfigServerConfigDataLoader - Exception on Url - http://config-server-bc:8888:org.springframework.web.client.ResourceAccessException: I/O error on GET request for "http://config-server-bc:8888/users-service-api/default": config-server-bc. Will be trying the next url if available 
2025-04-22 16:11:07-598 [main] WARN  o.s.c.c.c.ConfigServerConfigDataLoader - Could not locate PropertySource ([ConfigServerConfigDataResource@2079fcfc uris = array<String>['http://config-server-bc:8888'], optional = true, profiles = 'default']): I/O error on GET request for "http://config-server-bc:8888/users-service-api/default": config-server-bc 
2025-04-22 16:11:07-599 [main] INFO  o.s.c.c.c.ConfigServerConfigDataLoader - Fetching config from server at : http://config-server-bc:8888 
2025-04-22 16:11:07-599 [main] INFO  o.s.c.c.c.ConfigServerConfigDataLoader - Exception on Url - http://config-server-bc:8888:org.springframework.web.client.ResourceAccessException: I/O error on GET request for "http://config-server-bc:8888/users-service-api/local": config-server-bc. Will be trying the next url if available 
2025-04-22 16:11:07-599 [main] WARN  o.s.c.c.c.ConfigServerConfigDataLoader - Could not locate PropertySource ([ConfigServerConfigDataResource@14d36bb2 uris = array<String>['http://config-server-bc:8888'], optional = true, profiles = 'local']): I/O error on GET request for "http://config-server-bc:8888/users-service-api/local": config-server-bc 
2025-04-22 16:11:07-599 [main] INFO  o.s.c.c.c.ConfigServerConfigDataLoader - Fetching config from server at : http://config-server-bc:8888 
2025-04-22 16:11:07-599 [main] INFO  o.s.c.c.c.ConfigServerConfigDataLoader - Exception on Url - http://config-server-bc:8888:org.springframework.web.client.ResourceAccessException: I/O error on GET request for "http://config-server-bc:8888/users-service-api/default": config-server-bc. Will be trying the next url if available 
2025-04-22 16:11:07-599 [main] WARN  o.s.c.c.c.ConfigServerConfigDataLoader - Could not locate PropertySource ([ConfigServerConfigDataResource@432448 uris = array<String>['http://config-server-bc:8888'], optional = true, profiles = 'default']): I/O error on GET request for "http://config-server-bc:8888/users-service-api/default": config-server-bc 
2025-04-22 16:11:09-321 [main] INFO  o.s.d.r.c.RepositoryConfigurationDelegate - Bootstrapping Spring Data Reactive MongoDB repositories in DEFAULT mode. 
2025-04-22 16:11:09-748 [main] INFO  o.s.d.r.c.RepositoryConfigurationDelegate - Finished Spring Data repository scanning in 417 ms. Found 1 Reactive MongoDB repository interface. 
2025-04-22 16:11:10-159 [main] INFO  o.s.cloud.context.scope.GenericScope - BeanFactory id=611ef13d-e9cf-37e3-9654-11dd09564ea1 
2025-04-22 16:11:11-178 [main] INFO  org.mongodb.driver.client - MongoClient with metadata {"driver": {"name": "mongo-java-driver|reactive-streams|spring-boot", "version": "5.2.1"}, "os": {"type": "Windows", "name": "Windows 10", "architecture": "amd64", "version": "10.0"}, "platform": "Java/Oracle Corporation/17.0.12+8-LTS-286"} created with settings MongoClientSettings{readPreference=primary, writeConcern=WriteConcern{w=null, wTimeout=null ms, journal=null}, retryWrites=true, retryReads=true, readConcern=ReadConcern{level=null}, credential=null, transportSettings=NettyTransportSettings{eventLoopGroup=io.netty.channel.nio.NioEventLoopGroup@517c2be7, socketChannelClass=null, allocator=null, sslContext=null}, commandListeners=[io.micrometer.core.instrument.binder.mongodb.MongoMetricsCommandListener@1a4c84b], codecRegistry=ProvidersCodecRegistry{codecProviders=[ValueCodecProvider{}, BsonValueCodecProvider{}, DBRefCodecProvider{}, DBObjectCodecProvider{}, DocumentCodecProvider{}, CollectionCodecProvider{}, IterableCodecProvider{}, MapCodecProvider{}, GeoJsonCodecProvider{}, GridFSFileCodecProvider{}, Jsr310CodecProvider{}, JsonObjectCodecProvider{}, BsonCodecProvider{}, EnumCodecProvider{}, com.mongodb.client.model.mql.ExpressionCodecProvider@3299beac, com.mongodb.Jep395RecordCodecProvider@33be99c1, com.mongodb.KotlinCodecProvider@32dbf42]}, loggerSettings=LoggerSettings{maxDocumentLength=1000}, clusterSettings={hosts=[localhost:27017], srvServiceName=mongodb, mode=SINGLE, requiredClusterType=UNKNOWN, requiredReplicaSetName='null', serverSelector='null', clusterListeners='[]', serverSelectionTimeout='30000 ms', localThreshold='15 ms'}, socketSettings=SocketSettings{connectTimeoutMS=10000, readTimeoutMS=0, receiveBufferSize=0, proxySettings=ProxySettings{host=null, port=null, username=null, password=null}}, heartbeatSocketSettings=SocketSettings{connectTimeoutMS=10000, readTimeoutMS=10000, receiveBufferSize=0, proxySettings=ProxySettings{host=null, port=null, username=null, password=null}}, connectionPoolSettings=ConnectionPoolSettings{maxSize=100, minSize=0, maxWaitTimeMS=120000, maxConnectionLifeTimeMS=0, maxConnectionIdleTimeMS=0, maintenanceInitialDelayMS=0, maintenanceFrequencyMS=60000, connectionPoolListeners=[io.micrometer.core.instrument.binder.mongodb.MongoMetricsConnectionPoolListener@24ecc9fc], maxConnecting=2}, serverSettings=ServerSettings{heartbeatFrequencyMS=10000, minHeartbeatFrequencyMS=500, serverMonitoringMode=AUTO, serverListeners='[]', serverMonitorListeners='[]'}, sslSettings=SslSettings{enabled=false, invalidHostNameAllowed=false, context=null}, applicationName='null', compressorList=[], uuidRepresentation=JAVA_LEGACY, serverApi=null, autoEncryptionSettings=null, dnsClient=null, inetAddressResolver=null, contextProvider=null, timeoutMS=null} 
2025-04-22 16:11:11-495 [cluster-ClusterId{value='680805eef7e7ea5f6ad0e43a', description='null'}-localhost:27017] INFO  org.mongodb.driver.cluster - Monitor thread successfully connected to server with description ServerDescription{address=localhost:27017, type=STANDALONE, cryptd=false, state=CONNECTED, ok=true, minWireVersion=0, maxWireVersion=25, maxDocumentSize=16777216, logicalSessionTimeoutMinutes=30, roundTripTimeNanos=163714601, minRoundTripTimeNanos=0} 
2025-04-22 16:11:12-721 [main] INFO  o.s.v.b.OptionalValidatorFactoryBean - Failed to set up a Bean Validation provider: jakarta.validation.NoProviderFoundException: Unable to create a Configuration, because no Jakarta Bean Validation provider could be found. Add a provider like Hibernate Validator (RI) to your classpath. 
2025-04-22 16:11:14-270 [main] INFO  o.s.b.a.e.web.EndpointLinksResolver - Exposing 2 endpoints beneath base path '/actuator' 
2025-04-22 16:11:15-103 [main] INFO  o.s.c.n.e.c.DiscoveryClientOptionalArgsConfiguration - Eureka HTTP Client uses RestTemplate. 
2025-04-22 16:11:15-182 [main] WARN  o.s.c.l.c.LoadBalancerCacheAutoConfiguration$LoadBalancerCaffeineWarnLogger - Spring Cloud LoadBalancer is currently working with the default cache. While this cache implementation is useful for development and tests, it's recommended to use Caffeine cache in production.You can switch to using Caffeine cache, by adding it and org.springframework.cache.caffeine.CaffeineCacheManager to the classpath. 
2025-04-22 16:11:15-307 [main] INFO  o.s.c.n.eureka.InstanceInfoFactory - Setting initial instance status as: STARTING 
2025-04-22 16:11:15-340 [main] INFO  c.netflix.discovery.DiscoveryClient - Initializing Eureka in region us-east-1 
2025-04-22 16:11:15-346 [main] INFO  c.n.d.s.r.aws.ConfigClusterResolver - Resolving eureka endpoints via configuration 
2025-04-22 16:11:15-356 [main] INFO  c.netflix.discovery.DiscoveryClient - Disable delta property : false 
2025-04-22 16:11:15-356 [main] INFO  c.netflix.discovery.DiscoveryClient - Single vip registry refresh property : null 
2025-04-22 16:11:15-356 [main] INFO  c.netflix.discovery.DiscoveryClient - Force full registry fetch : false 
2025-04-22 16:11:15-356 [main] INFO  c.netflix.discovery.DiscoveryClient - Application is null : false 
2025-04-22 16:11:15-357 [main] INFO  c.netflix.discovery.DiscoveryClient - Registered Applications size is zero : true 
2025-04-22 16:11:15-357 [main] INFO  c.netflix.discovery.DiscoveryClient - Application version is -1: true 
2025-04-22 16:11:15-357 [main] INFO  c.netflix.discovery.DiscoveryClient - Getting all instance registry info from the eureka server 
2025-04-22 16:11:15-706 [main] INFO  c.netflix.discovery.DiscoveryClient - The response status is 200 
2025-04-22 16:11:15-709 [main] INFO  c.netflix.discovery.DiscoveryClient - Starting heartbeat executor: renew interval is: 30 
2025-04-22 16:11:15-712 [main] INFO  c.n.discovery.InstanceInfoReplicator - InstanceInfoReplicator onDemand update allowed rate per min is 4 
2025-04-22 16:11:15-715 [main] INFO  c.netflix.discovery.DiscoveryClient - Discovery Client initialized at timestamp 1745356275715 with initial instances count: 2 
2025-04-22 16:11:15-718 [main] INFO  o.s.c.n.e.s.EurekaServiceRegistry - Registering application USERS-SERVICE-API with eureka with status UP 
2025-04-22 16:11:15-719 [main] INFO  c.netflix.discovery.DiscoveryClient - Saw local status change event StatusChangeEvent [timestamp=1745356275719, current=UP, previous=STARTING] 
2025-04-22 16:11:15-721 [DiscoveryClient-InstanceInfoReplicator-%d] INFO  c.netflix.discovery.DiscoveryClient - DiscoveryClient_USERS-SERVICE-API/users-service-api:9191: registering service... 
2025-04-22 16:11:15-772 [DiscoveryClient-InstanceInfoReplicator-%d] INFO  c.netflix.discovery.DiscoveryClient - DiscoveryClient_USERS-SERVICE-API/users-service-api:9191 - registration status: 204 
2025-04-22 16:11:15-781 [main] INFO  o.a.k.c.consumer.ConsumerConfig - ConsumerConfig values: 
	allow.auto.create.topics = true
	auto.commit.interval.ms = 5000
	auto.include.jmx.reporter = true
	auto.offset.reset = latest
	bootstrap.servers = [localhost:9092]
	check.crcs = true
	client.dns.lookup = use_all_dns_ips
	client.id = consumer-user_group-1
	client.rack = 
	connections.max.idle.ms = 540000
	default.api.timeout.ms = 60000
	enable.auto.commit = false
	enable.metrics.push = true
	exclude.internal.topics = true
	fetch.max.bytes = 52428800
	fetch.max.wait.ms = 500
	fetch.min.bytes = 1
	group.id = user_group
	group.instance.id = null
	group.protocol = classic
	group.remote.assignor = null
	heartbeat.interval.ms = 3000
	interceptor.classes = []
	internal.leave.group.on.close = true
	internal.throw.on.fetch.stable.offset.unsupported = false
	isolation.level = read_uncommitted
	key.deserializer = class org.apache.kafka.common.serialization.StringDeserializer
	max.partition.fetch.bytes = 1048576
	max.poll.interval.ms = 300000
	max.poll.records = 500
	metadata.max.age.ms = 300000
	metadata.recovery.strategy = none
	metric.reporters = []
	metrics.num.samples = 2
	metrics.recording.level = INFO
	metrics.sample.window.ms = 30000
	partition.assignment.strategy = [class org.apache.kafka.clients.consumer.RangeAssignor, class org.apache.kafka.clients.consumer.CooperativeStickyAssignor]
	receive.buffer.bytes = 65536
	reconnect.backoff.max.ms = 1000
	reconnect.backoff.ms = 50
	request.timeout.ms = 30000
	retry.backoff.max.ms = 1000
	retry.backoff.ms = 100
	sasl.client.callback.handler.class = null
	sasl.jaas.config = null
	sasl.kerberos.kinit.cmd = /usr/bin/kinit
	sasl.kerberos.min.time.before.relogin = 60000
	sasl.kerberos.service.name = null
	sasl.kerberos.ticket.renew.jitter = 0.05
	sasl.kerberos.ticket.renew.window.factor = 0.8
	sasl.login.callback.handler.class = null
	sasl.login.class = null
	sasl.login.connect.timeout.ms = null
	sasl.login.read.timeout.ms = null
	sasl.login.refresh.buffer.seconds = 300
	sasl.login.refresh.min.period.seconds = 60
	sasl.login.refresh.window.factor = 0.8
	sasl.login.refresh.window.jitter = 0.05
	sasl.login.retry.backoff.max.ms = 10000
	sasl.login.retry.backoff.ms = 100
	sasl.mechanism = GSSAPI
	sasl.oauthbearer.clock.skew.seconds = 30
	sasl.oauthbearer.expected.audience = null
	sasl.oauthbearer.expected.issuer = null
	sasl.oauthbearer.jwks.endpoint.refresh.ms = 3600000
	sasl.oauthbearer.jwks.endpoint.retry.backoff.max.ms = 10000
	sasl.oauthbearer.jwks.endpoint.retry.backoff.ms = 100
	sasl.oauthbearer.jwks.endpoint.url = null
	sasl.oauthbearer.scope.claim.name = scope
	sasl.oauthbearer.sub.claim.name = sub
	sasl.oauthbearer.token.endpoint.url = null
	security.protocol = PLAINTEXT
	security.providers = null
	send.buffer.bytes = 131072
	session.timeout.ms = 45000
	socket.connection.setup.timeout.max.ms = 30000
	socket.connection.setup.timeout.ms = 10000
	ssl.cipher.suites = null
	ssl.enabled.protocols = [TLSv1.2, TLSv1.3]
	ssl.endpoint.identification.algorithm = https
	ssl.engine.factory.class = null
	ssl.key.password = null
	ssl.keymanager.algorithm = SunX509
	ssl.keystore.certificate.chain = null
	ssl.keystore.key = null
	ssl.keystore.location = null
	ssl.keystore.password = null
	ssl.keystore.type = JKS
	ssl.protocol = TLSv1.3
	ssl.provider = null
	ssl.secure.random.implementation = null
	ssl.trustmanager.algorithm = PKIX
	ssl.truststore.certificates = null
	ssl.truststore.location = null
	ssl.truststore.password = null
	ssl.truststore.type = JKS
	value.deserializer = class org.apache.kafka.common.serialization.StringDeserializer
 
2025-04-22 16:11:15-844 [main] INFO  o.a.k.c.t.i.KafkaMetricsCollector - initializing Kafka metrics collector 
2025-04-22 16:11:16-015 [main] INFO  o.a.kafka.common.utils.AppInfoParser - Kafka version: 3.8.1 
2025-04-22 16:11:16-016 [main] INFO  o.a.kafka.common.utils.AppInfoParser - Kafka commitId: 70d6ff42debf7e17 
2025-04-22 16:11:16-016 [main] INFO  o.a.kafka.common.utils.AppInfoParser - Kafka startTimeMs: 1745356276014 
2025-04-22 16:11:16-034 [main] INFO  o.a.k.c.c.i.LegacyKafkaConsumer - [Consumer clientId=consumer-user_group-1, groupId=user_group] Subscribed to topic(s): yanki-user 
2025-04-22 16:11:16-087 [main] INFO  c.y.u.s.a.s.UserServiceImplTest - Started UserServiceImplTest in 10.929 seconds (process running for 13.321) 
2025-04-22 16:11:16-846 [org.springframework.kafka.KafkaListenerEndpointContainer#0-0-C-1] INFO  org.apache.kafka.clients.Metadata - [Consumer clientId=consumer-user_group-1, groupId=user_group] Cluster ID: R1XLCkdBR4O4KzE_70uX4A 
2025-04-22 16:11:16-847 [org.springframework.kafka.KafkaListenerEndpointContainer#0-0-C-1] INFO  o.a.k.c.c.i.ConsumerCoordinator - [Consumer clientId=consumer-user_group-1, groupId=user_group] Discovered group coordinator kafka:9092 (id: 2147482646 rack: null) 
2025-04-22 16:11:17-217 [main] INFO  c.y.u.s.api.service.UserServiceImpl - Subscribed to yanki user request 
2025-04-22 16:11:17-296 [main] INFO  c.y.u.s.api.service.UserServiceImpl - Subscribed to yanki user respose 
2025-04-22 16:11:17-575 [SpringApplicationShutdownHook] INFO  o.s.c.n.e.s.EurekaServiceRegistry - Unregistering application USERS-SERVICE-API with eureka with status DOWN 
2025-04-22 16:11:17-576 [SpringApplicationShutdownHook] INFO  c.netflix.discovery.DiscoveryClient - Saw local status change event StatusChangeEvent [timestamp=1745356277576, current=DOWN, previous=UP] 
2025-04-22 16:11:17-577 [DiscoveryClient-InstanceInfoReplicator-%d] INFO  c.netflix.discovery.DiscoveryClient - DiscoveryClient_USERS-SERVICE-API/users-service-api:9191: registering service... 
2025-04-22 16:11:17-588 [DiscoveryClient-InstanceInfoReplicator-%d] INFO  c.netflix.discovery.DiscoveryClient - DiscoveryClient_USERS-SERVICE-API/users-service-api:9191 - registration status: 204 
2025-04-22 16:11:18-033 [nioEventLoopGroup-2-3] INFO  c.y.u.s.api.service.UserServiceImpl - Yanki User Response: com.yanki.users.service.api.bean.YankiUserResponse@6fb4dcd6 
2025-04-22 16:11:19-145 [org.springframework.kafka.KafkaListenerEndpointContainer#0-0-C-1] WARN  o.apache.kafka.clients.NetworkClient - [Consumer clientId=consumer-user_group-1, groupId=user_group] Error connecting to node kafka:9092 (id: 2147482646 rack: null) 
java.net.UnknownHostException: Host desconocido (kafka)
	at java.base/java.net.Inet6AddressImpl.lookupAllHostAddr(Native Method)
	at java.base/java.net.InetAddress$PlatformNameService.lookupAllHostAddr(InetAddress.java:933)
	at java.base/java.net.InetAddress.getAddressesFromNameService(InetAddress.java:1543)
	at java.base/java.net.InetAddress$NameServiceAddresses.get(InetAddress.java:852)
	at java.base/java.net.InetAddress.getAllByName0(InetAddress.java:1532)
	at java.base/java.net.InetAddress.getAllByName(InetAddress.java:1384)
	at java.base/java.net.InetAddress.getAllByName(InetAddress.java:1305)
	at org.apache.kafka.clients.DefaultHostResolver.resolve(DefaultHostResolver.java:27)
	at org.apache.kafka.clients.ClientUtils.resolve(ClientUtils.java:124)
	at org.apache.kafka.clients.ClusterConnectionStates$NodeConnectionState.resolveAddresses(ClusterConnectionStates.java:536)
	at org.apache.kafka.clients.ClusterConnectionStates$NodeConnectionState.currentAddress(ClusterConnectionStates.java:511)
	at org.apache.kafka.clients.ClusterConnectionStates$NodeConnectionState.access$200(ClusterConnectionStates.java:466)
	at org.apache.kafka.clients.ClusterConnectionStates.currentAddress(ClusterConnectionStates.java:173)
	at org.apache.kafka.clients.NetworkClient.initiateConnect(NetworkClient.java:1070)
	at org.apache.kafka.clients.NetworkClient.ready(NetworkClient.java:320)
	at org.apache.kafka.clients.NetworkClientUtils.tryConnect(NetworkClientUtils.java:141)
	at org.apache.kafka.clients.consumer.internals.ConsumerNetworkClient.tryConnect(ConsumerNetworkClient.java:589)
	at org.apache.kafka.clients.consumer.internals.AbstractCoordinator$FindCoordinatorResponseHandler.onSuccess(AbstractCoordinator.java:937)
	at org.apache.kafka.clients.consumer.internals.AbstractCoordinator$FindCoordinatorResponseHandler.onSuccess(AbstractCoordinator.java:913)
	at org.apache.kafka.clients.consumer.internals.RequestFuture$1.onSuccess(RequestFuture.java:206)
	at org.apache.kafka.clients.consumer.internals.RequestFuture.fireSuccess(RequestFuture.java:169)
	at org.apache.kafka.clients.consumer.internals.RequestFuture.complete(RequestFuture.java:129)
	at org.apache.kafka.clients.consumer.internals.ConsumerNetworkClient$RequestFutureCompletionHandler.fireCompletion(ConsumerNetworkClient.java:616)
	at org.apache.kafka.clients.consumer.internals.ConsumerNetworkClient.firePendingCompletedRequests(ConsumerNetworkClient.java:428)
	at org.apache.kafka.clients.consumer.internals.ConsumerNetworkClient.poll(ConsumerNetworkClient.java:313)
	at org.apache.kafka.clients.consumer.internals.ConsumerNetworkClient.poll(ConsumerNetworkClient.java:231)
	at org.apache.kafka.clients.consumer.internals.AbstractCoordinator.ensureCoordinatorReady(AbstractCoordinator.java:289)
	at org.apache.kafka.clients.consumer.internals.AbstractCoordinator.ensureCoordinatorReady(AbstractCoordinator.java:263)
	at org.apache.kafka.clients.consumer.internals.ConsumerCoordinator.coordinatorUnknownAndUnreadySync(ConsumerCoordinator.java:450)
	at org.apache.kafka.clients.consumer.internals.ConsumerCoordinator.poll(ConsumerCoordinator.java:482)
	at org.apache.kafka.clients.consumer.internals.LegacyKafkaConsumer.updateAssignmentMetadataIfNeeded(LegacyKafkaConsumer.java:652)
	at org.apache.kafka.clients.consumer.internals.LegacyKafkaConsumer.poll(LegacyKafkaConsumer.java:611)
	at org.apache.kafka.clients.consumer.internals.LegacyKafkaConsumer.poll(LegacyKafkaConsumer.java:591)
	at org.apache.kafka.clients.consumer.KafkaConsumer.poll(KafkaConsumer.java:874)
	at org.springframework.kafka.listener.KafkaMessageListenerContainer$ListenerConsumer.pollConsumer(KafkaMessageListenerContainer.java:1692)
	at org.springframework.kafka.listener.KafkaMessageListenerContainer$ListenerConsumer.doPoll(KafkaMessageListenerContainer.java:1667)
	at org.springframework.kafka.listener.KafkaMessageListenerContainer$ListenerConsumer.pollAndInvoke(KafkaMessageListenerContainer.java:1445)
	at org.springframework.kafka.listener.KafkaMessageListenerContainer$ListenerConsumer.run(KafkaMessageListenerContainer.java:1335)
	at java.base/java.util.concurrent.CompletableFuture$AsyncRun.run(CompletableFuture.java:1804)
	at java.base/java.lang.Thread.run(Thread.java:842)
2025-04-22 16:11:19-152 [org.springframework.kafka.KafkaListenerEndpointContainer#0-0-C-1] INFO  o.a.k.c.c.i.ConsumerCoordinator - [Consumer clientId=consumer-user_group-1, groupId=user_group] (Re-)joining group 
2025-04-22 16:11:19-163 [org.springframework.kafka.KafkaListenerEndpointContainer#0-0-C-1] WARN  o.apache.kafka.clients.NetworkClient - [Consumer clientId=consumer-user_group-1, groupId=user_group] Error connecting to node kafka:9092 (id: 2147482646 rack: null) 
java.net.UnknownHostException: kafka
	at java.base/java.net.InetAddress$CachedAddresses.get(InetAddress.java:801)
	at java.base/java.net.InetAddress.getAllByName0(InetAddress.java:1532)
	at java.base/java.net.InetAddress.getAllByName(InetAddress.java:1384)
	at java.base/java.net.InetAddress.getAllByName(InetAddress.java:1305)
	at org.apache.kafka.clients.DefaultHostResolver.resolve(DefaultHostResolver.java:27)
	at org.apache.kafka.clients.ClientUtils.resolve(ClientUtils.java:124)
	at org.apache.kafka.clients.ClusterConnectionStates$NodeConnectionState.resolveAddresses(ClusterConnectionStates.java:536)
	at org.apache.kafka.clients.ClusterConnectionStates$NodeConnectionState.currentAddress(ClusterConnectionStates.java:511)
	at org.apache.kafka.clients.ClusterConnectionStates$NodeConnectionState.access$200(ClusterConnectionStates.java:466)
	at org.apache.kafka.clients.ClusterConnectionStates.currentAddress(ClusterConnectionStates.java:173)
	at org.apache.kafka.clients.NetworkClient.initiateConnect(NetworkClient.java:1070)
	at org.apache.kafka.clients.NetworkClient.ready(NetworkClient.java:320)
	at org.apache.kafka.clients.consumer.internals.ConsumerNetworkClient.trySend(ConsumerNetworkClient.java:514)
	at org.apache.kafka.clients.consumer.internals.ConsumerNetworkClient.poll(ConsumerNetworkClient.java:271)
	at org.apache.kafka.clients.consumer.internals.ConsumerNetworkClient.poll(ConsumerNetworkClient.java:231)
	at org.apache.kafka.clients.consumer.internals.ConsumerNetworkClient.poll(ConsumerNetworkClient.java:215)
	at org.apache.kafka.clients.consumer.internals.AbstractCoordinator.joinGroupIfNeeded(AbstractCoordinator.java:480)
	at org.apache.kafka.clients.consumer.internals.AbstractCoordinator.ensureActiveGroup(AbstractCoordinator.java:414)
	at org.apache.kafka.clients.consumer.internals.ConsumerCoordinator.poll(ConsumerCoordinator.java:510)
	at org.apache.kafka.clients.consumer.internals.LegacyKafkaConsumer.updateAssignmentMetadataIfNeeded(LegacyKafkaConsumer.java:652)
	at org.apache.kafka.clients.consumer.internals.LegacyKafkaConsumer.poll(LegacyKafkaConsumer.java:611)
	at org.apache.kafka.clients.consumer.internals.LegacyKafkaConsumer.poll(LegacyKafkaConsumer.java:591)
	at org.apache.kafka.clients.consumer.KafkaConsumer.poll(KafkaConsumer.java:874)
	at org.springframework.kafka.listener.KafkaMessageListenerContainer$ListenerConsumer.pollConsumer(KafkaMessageListenerContainer.java:1692)
	at org.springframework.kafka.listener.KafkaMessageListenerContainer$ListenerConsumer.doPoll(KafkaMessageListenerContainer.java:1667)
	at org.springframework.kafka.listener.KafkaMessageListenerContainer$ListenerConsumer.pollAndInvoke(KafkaMessageListenerContainer.java:1445)
	at org.springframework.kafka.listener.KafkaMessageListenerContainer$ListenerConsumer.run(KafkaMessageListenerContainer.java:1335)
	at java.base/java.util.concurrent.CompletableFuture$AsyncRun.run(CompletableFuture.java:1804)
	at java.base/java.lang.Thread.run(Thread.java:842)
2025-04-22 16:11:19-166 [org.springframework.kafka.KafkaListenerEndpointContainer#0-0-C-1] INFO  o.a.k.c.c.i.ConsumerCoordinator - [Consumer clientId=consumer-user_group-1, groupId=user_group] Group coordinator kafka:9092 (id: 2147482646 rack: null) is unavailable or invalid due to cause: coordinator unavailable. isDisconnected: true. Rediscovery will be attempted. 
2025-04-22 16:11:19-167 [org.springframework.kafka.KafkaListenerEndpointContainer#0-0-C-1] INFO  o.a.k.c.c.i.ConsumerCoordinator - [Consumer clientId=consumer-user_group-1, groupId=user_group] Resetting generation and member id due to: consumer pro-actively leaving the group 
2025-04-22 16:11:19-167 [org.springframework.kafka.KafkaListenerEndpointContainer#0-0-C-1] INFO  o.a.k.c.c.i.ConsumerCoordinator - [Consumer clientId=consumer-user_group-1, groupId=user_group] Request joining group due to: consumer pro-actively leaving the group 
2025-04-22 16:11:19-167 [org.springframework.kafka.KafkaListenerEndpointContainer#0-0-C-1] INFO  o.a.k.c.c.i.LegacyKafkaConsumer - [Consumer clientId=consumer-user_group-1, groupId=user_group] Unsubscribed all topics or patterns and assigned partitions 
2025-04-22 16:11:19-169 [org.springframework.kafka.KafkaListenerEndpointContainer#0-0-C-1] INFO  o.a.k.c.c.i.ConsumerCoordinator - [Consumer clientId=consumer-user_group-1, groupId=user_group] Resetting generation and member id due to: consumer pro-actively leaving the group 
2025-04-22 16:11:19-169 [org.springframework.kafka.KafkaListenerEndpointContainer#0-0-C-1] INFO  o.a.k.c.c.i.ConsumerCoordinator - [Consumer clientId=consumer-user_group-1, groupId=user_group] Request joining group due to: consumer pro-actively leaving the group 
2025-04-22 16:11:19-173 [org.springframework.kafka.KafkaListenerEndpointContainer#0-0-C-1] INFO  o.a.kafka.common.metrics.Metrics - Metrics scheduler closed 
2025-04-22 16:11:19-173 [org.springframework.kafka.KafkaListenerEndpointContainer#0-0-C-1] INFO  o.a.kafka.common.metrics.Metrics - Closing reporter org.apache.kafka.common.metrics.JmxReporter 
2025-04-22 16:11:19-174 [org.springframework.kafka.KafkaListenerEndpointContainer#0-0-C-1] INFO  o.a.kafka.common.metrics.Metrics - Closing reporter org.apache.kafka.common.telemetry.internals.ClientTelemetryReporter 
2025-04-22 16:11:19-174 [org.springframework.kafka.KafkaListenerEndpointContainer#0-0-C-1] INFO  o.a.kafka.common.metrics.Metrics - Metrics reporters closed 
2025-04-22 16:11:19-179 [org.springframework.kafka.KafkaListenerEndpointContainer#0-0-C-1] INFO  o.a.kafka.common.utils.AppInfoParser - App info kafka.consumer for consumer-user_group-1 unregistered 
2025-04-22 16:11:19-180 [org.springframework.kafka.KafkaListenerEndpointContainer#0-0-C-1] INFO  o.s.k.l.KafkaMessageListenerContainer - user_group: Consumer stopped 
2025-04-22 16:11:21-299 [SpringApplicationShutdownHook] INFO  c.netflix.discovery.DiscoveryClient - Shutting down DiscoveryClient ... 
2025-04-22 16:11:24-314 [SpringApplicationShutdownHook] INFO  c.netflix.discovery.DiscoveryClient - Unregistering ... 
2025-04-22 16:11:24-334 [SpringApplicationShutdownHook] INFO  c.netflix.discovery.DiscoveryClient - DiscoveryClient_USERS-SERVICE-API/users-service-api:9191 - deregister  status: 200 
2025-04-22 16:11:24-335 [SpringApplicationShutdownHook] INFO  c.netflix.discovery.DiscoveryClient - Completed shut down of DiscoveryClient 
2025-04-22 17:46:28-638 [main] INFO  o.s.t.c.s.AnnotationConfigContextLoaderUtils - Could not detect default configuration classes for test class [com.yanki.users.service.api.service.UserServiceImplTest]: UserServiceImplTest does not declare any static, non-private, non-final, nested classes annotated with @Configuration. 
2025-04-22 17:46:29-213 [main] INFO  o.s.b.t.c.SpringBootTestContextBootstrapper - Found @SpringBootConfiguration com.yanki.users.service.api.UsersServiceApiApplication for test class com.yanki.users.service.api.service.UserServiceImplTest 
2025-04-22 17:46:34-605 [main] INFO  c.y.u.s.a.s.UserServiceImplTest - Starting UserServiceImplTest using Java 17.0.12 with PID 19680 (started by mgarcsar in C:\Users\mgarcsar\Documents\Bootcamp\etregables\Yanki\users-service-api) 
2025-04-22 17:46:34-607 [main] INFO  c.y.u.s.a.s.UserServiceImplTest - The following 1 profile is active: "local" 
2025-04-22 17:46:34-710 [main] INFO  o.s.c.c.c.ConfigServerConfigDataLoader - Fetching config from server at : http://config-server-bc:8888 
2025-04-22 17:46:34-710 [main] INFO  o.s.c.c.c.ConfigServerConfigDataLoader - Exception on Url - http://config-server-bc:8888:org.springframework.web.client.ResourceAccessException: I/O error on GET request for "http://config-server-bc:8888/users-service-api/default": config-server-bc. Will be trying the next url if available 
2025-04-22 17:46:34-710 [main] WARN  o.s.c.c.c.ConfigServerConfigDataLoader - Could not locate PropertySource ([ConfigServerConfigDataResource@6a1ec988 uris = array<String>['http://config-server-bc:8888'], optional = true, profiles = 'default']): I/O error on GET request for "http://config-server-bc:8888/users-service-api/default": config-server-bc 
2025-04-22 17:46:34-710 [main] INFO  o.s.c.c.c.ConfigServerConfigDataLoader - Fetching config from server at : http://config-server-bc:8888 
2025-04-22 17:46:34-710 [main] INFO  o.s.c.c.c.ConfigServerConfigDataLoader - Exception on Url - http://config-server-bc:8888:org.springframework.web.client.ResourceAccessException: I/O error on GET request for "http://config-server-bc:8888/users-service-api/local": config-server-bc. Will be trying the next url if available 
2025-04-22 17:46:34-710 [main] WARN  o.s.c.c.c.ConfigServerConfigDataLoader - Could not locate PropertySource ([ConfigServerConfigDataResource@7a14adc6 uris = array<String>['http://config-server-bc:8888'], optional = true, profiles = 'local']): I/O error on GET request for "http://config-server-bc:8888/users-service-api/local": config-server-bc 
2025-04-22 17:46:34-710 [main] INFO  o.s.c.c.c.ConfigServerConfigDataLoader - Fetching config from server at : http://config-server-bc:8888 
2025-04-22 17:46:34-711 [main] INFO  o.s.c.c.c.ConfigServerConfigDataLoader - Exception on Url - http://config-server-bc:8888:org.springframework.web.client.ResourceAccessException: I/O error on GET request for "http://config-server-bc:8888/users-service-api/default": config-server-bc. Will be trying the next url if available 
2025-04-22 17:46:34-711 [main] WARN  o.s.c.c.c.ConfigServerConfigDataLoader - Could not locate PropertySource ([ConfigServerConfigDataResource@28524c7c uris = array<String>['http://config-server-bc:8888'], optional = true, profiles = 'default']): I/O error on GET request for "http://config-server-bc:8888/users-service-api/default": config-server-bc 
2025-04-22 17:46:38-117 [main] INFO  o.s.d.r.c.RepositoryConfigurationDelegate - Bootstrapping Spring Data Reactive MongoDB repositories in DEFAULT mode. 
2025-04-22 17:46:38-814 [main] INFO  o.s.d.r.c.RepositoryConfigurationDelegate - Finished Spring Data repository scanning in 678 ms. Found 1 Reactive MongoDB repository interface. 
2025-04-22 17:46:39-548 [main] INFO  o.s.cloud.context.scope.GenericScope - BeanFactory id=611ef13d-e9cf-37e3-9654-11dd09564ea1 
2025-04-22 17:46:42-678 [main] INFO  org.mongodb.driver.client - MongoClient with metadata {"driver": {"name": "mongo-java-driver|reactive-streams|spring-boot", "version": "5.2.1"}, "os": {"type": "Windows", "name": "Windows 10", "architecture": "amd64", "version": "10.0"}, "platform": "Java/Oracle Corporation/17.0.12+8-LTS-286"} created with settings MongoClientSettings{readPreference=primary, writeConcern=WriteConcern{w=null, wTimeout=null ms, journal=null}, retryWrites=true, retryReads=true, readConcern=ReadConcern{level=null}, credential=null, transportSettings=NettyTransportSettings{eventLoopGroup=io.netty.channel.nio.NioEventLoopGroup@61ecf023, socketChannelClass=null, allocator=null, sslContext=null}, commandListeners=[io.micrometer.core.instrument.binder.mongodb.MongoMetricsCommandListener@1726c5f9], codecRegistry=ProvidersCodecRegistry{codecProviders=[ValueCodecProvider{}, BsonValueCodecProvider{}, DBRefCodecProvider{}, DBObjectCodecProvider{}, DocumentCodecProvider{}, CollectionCodecProvider{}, IterableCodecProvider{}, MapCodecProvider{}, GeoJsonCodecProvider{}, GridFSFileCodecProvider{}, Jsr310CodecProvider{}, JsonObjectCodecProvider{}, BsonCodecProvider{}, EnumCodecProvider{}, com.mongodb.client.model.mql.ExpressionCodecProvider@3b8d231f, com.mongodb.Jep395RecordCodecProvider@7cf6feb6, com.mongodb.KotlinCodecProvider@7a1d74e3]}, loggerSettings=LoggerSettings{maxDocumentLength=1000}, clusterSettings={hosts=[localhost:27017], srvServiceName=mongodb, mode=SINGLE, requiredClusterType=UNKNOWN, requiredReplicaSetName='null', serverSelector='null', clusterListeners='[]', serverSelectionTimeout='30000 ms', localThreshold='15 ms'}, socketSettings=SocketSettings{connectTimeoutMS=10000, readTimeoutMS=0, receiveBufferSize=0, proxySettings=ProxySettings{host=null, port=null, username=null, password=null}}, heartbeatSocketSettings=SocketSettings{connectTimeoutMS=10000, readTimeoutMS=10000, receiveBufferSize=0, proxySettings=ProxySettings{host=null, port=null, username=null, password=null}}, connectionPoolSettings=ConnectionPoolSettings{maxSize=100, minSize=0, maxWaitTimeMS=120000, maxConnectionLifeTimeMS=0, maxConnectionIdleTimeMS=0, maintenanceInitialDelayMS=0, maintenanceFrequencyMS=60000, connectionPoolListeners=[io.micrometer.core.instrument.binder.mongodb.MongoMetricsConnectionPoolListener@5b356f54], maxConnecting=2}, serverSettings=ServerSettings{heartbeatFrequencyMS=10000, minHeartbeatFrequencyMS=500, serverMonitoringMode=AUTO, serverListeners='[]', serverMonitorListeners='[]'}, sslSettings=SslSettings{enabled=false, invalidHostNameAllowed=false, context=null}, applicationName='null', compressorList=[], uuidRepresentation=JAVA_LEGACY, serverApi=null, autoEncryptionSettings=null, dnsClient=null, inetAddressResolver=null, contextProvider=null, timeoutMS=null} 
2025-04-22 17:46:43-867 [cluster-ClusterId{value='68081c51920d2341e5ec51f3', description='null'}-localhost:27017] INFO  org.mongodb.driver.cluster - Monitor thread successfully connected to server with description ServerDescription{address=localhost:27017, type=STANDALONE, cryptd=false, state=CONNECTED, ok=true, minWireVersion=0, maxWireVersion=25, maxDocumentSize=16777216, logicalSessionTimeoutMinutes=30, roundTripTimeNanos=640080900, minRoundTripTimeNanos=0} 
2025-04-22 17:46:47-543 [main] INFO  o.s.v.b.OptionalValidatorFactoryBean - Failed to set up a Bean Validation provider: jakarta.validation.NoProviderFoundException: Unable to create a Configuration, because no Jakarta Bean Validation provider could be found. Add a provider like Hibernate Validator (RI) to your classpath. 
2025-04-22 17:46:51-245 [main] INFO  o.s.b.a.e.web.EndpointLinksResolver - Exposing 2 endpoints beneath base path '/actuator' 
2025-04-22 17:46:52-880 [main] INFO  o.s.c.n.e.c.DiscoveryClientOptionalArgsConfiguration - Eureka HTTP Client uses RestTemplate. 
2025-04-22 17:46:53-010 [main] WARN  o.s.c.l.c.LoadBalancerCacheAutoConfiguration$LoadBalancerCaffeineWarnLogger - Spring Cloud LoadBalancer is currently working with the default cache. While this cache implementation is useful for development and tests, it's recommended to use Caffeine cache in production.You can switch to using Caffeine cache, by adding it and org.springframework.cache.caffeine.CaffeineCacheManager to the classpath. 
2025-04-22 17:46:53-356 [main] INFO  o.s.c.n.eureka.InstanceInfoFactory - Setting initial instance status as: STARTING 
2025-04-22 17:46:53-647 [main] INFO  c.netflix.discovery.DiscoveryClient - Initializing Eureka in region us-east-1 
2025-04-22 17:46:53-681 [main] INFO  c.n.d.s.r.aws.ConfigClusterResolver - Resolving eureka endpoints via configuration 
2025-04-22 17:46:53-743 [main] INFO  c.netflix.discovery.DiscoveryClient - Disable delta property : false 
2025-04-22 17:46:53-744 [main] INFO  c.netflix.discovery.DiscoveryClient - Single vip registry refresh property : null 
2025-04-22 17:46:53-744 [main] INFO  c.netflix.discovery.DiscoveryClient - Force full registry fetch : false 
2025-04-22 17:46:53-744 [main] INFO  c.netflix.discovery.DiscoveryClient - Application is null : false 
2025-04-22 17:46:53-744 [main] INFO  c.netflix.discovery.DiscoveryClient - Registered Applications size is zero : true 
2025-04-22 17:46:53-744 [main] INFO  c.netflix.discovery.DiscoveryClient - Application version is -1: true 
2025-04-22 17:46:53-744 [main] INFO  c.netflix.discovery.DiscoveryClient - Getting all instance registry info from the eureka server 
2025-04-22 17:46:55-279 [main] INFO  c.netflix.discovery.DiscoveryClient - The response status is 200 
2025-04-22 17:46:55-350 [main] INFO  c.netflix.discovery.DiscoveryClient - Starting heartbeat executor: renew interval is: 30 
2025-04-22 17:46:55-356 [main] INFO  c.n.discovery.InstanceInfoReplicator - InstanceInfoReplicator onDemand update allowed rate per min is 4 
2025-04-22 17:46:55-359 [main] INFO  c.netflix.discovery.DiscoveryClient - Discovery Client initialized at timestamp 1745362015359 with initial instances count: 5 
2025-04-22 17:46:55-368 [main] INFO  o.s.c.n.e.s.EurekaServiceRegistry - Registering application USERS-SERVICE-API with eureka with status UP 
2025-04-22 17:46:55-369 [main] INFO  c.netflix.discovery.DiscoveryClient - Saw local status change event StatusChangeEvent [timestamp=1745362015369, current=UP, previous=STARTING] 
2025-04-22 17:46:55-395 [DiscoveryClient-InstanceInfoReplicator-%d] INFO  c.netflix.discovery.DiscoveryClient - DiscoveryClient_USERS-SERVICE-API/users-service-api:9191: registering service... 
2025-04-22 17:46:55-537 [DiscoveryClient-InstanceInfoReplicator-%d] INFO  c.netflix.discovery.DiscoveryClient - DiscoveryClient_USERS-SERVICE-API/users-service-api:9191 - registration status: 204 
2025-04-22 17:46:55-592 [main] INFO  o.a.k.c.consumer.ConsumerConfig - ConsumerConfig values: 
	allow.auto.create.topics = true
	auto.commit.interval.ms = 5000
	auto.include.jmx.reporter = true
	auto.offset.reset = latest
	bootstrap.servers = [localhost:9092]
	check.crcs = true
	client.dns.lookup = use_all_dns_ips
	client.id = consumer-user_group-1
	client.rack = 
	connections.max.idle.ms = 540000
	default.api.timeout.ms = 60000
	enable.auto.commit = false
	enable.metrics.push = true
	exclude.internal.topics = true
	fetch.max.bytes = 52428800
	fetch.max.wait.ms = 500
	fetch.min.bytes = 1
	group.id = user_group
	group.instance.id = null
	group.protocol = classic
	group.remote.assignor = null
	heartbeat.interval.ms = 3000
	interceptor.classes = []
	internal.leave.group.on.close = true
	internal.throw.on.fetch.stable.offset.unsupported = false
	isolation.level = read_uncommitted
	key.deserializer = class org.apache.kafka.common.serialization.StringDeserializer
	max.partition.fetch.bytes = 1048576
	max.poll.interval.ms = 300000
	max.poll.records = 500
	metadata.max.age.ms = 300000
	metadata.recovery.strategy = none
	metric.reporters = []
	metrics.num.samples = 2
	metrics.recording.level = INFO
	metrics.sample.window.ms = 30000
	partition.assignment.strategy = [class org.apache.kafka.clients.consumer.RangeAssignor, class org.apache.kafka.clients.consumer.CooperativeStickyAssignor]
	receive.buffer.bytes = 65536
	reconnect.backoff.max.ms = 1000
	reconnect.backoff.ms = 50
	request.timeout.ms = 30000
	retry.backoff.max.ms = 1000
	retry.backoff.ms = 100
	sasl.client.callback.handler.class = null
	sasl.jaas.config = null
	sasl.kerberos.kinit.cmd = /usr/bin/kinit
	sasl.kerberos.min.time.before.relogin = 60000
	sasl.kerberos.service.name = null
	sasl.kerberos.ticket.renew.jitter = 0.05
	sasl.kerberos.ticket.renew.window.factor = 0.8
	sasl.login.callback.handler.class = null
	sasl.login.class = null
	sasl.login.connect.timeout.ms = null
	sasl.login.read.timeout.ms = null
	sasl.login.refresh.buffer.seconds = 300
	sasl.login.refresh.min.period.seconds = 60
	sasl.login.refresh.window.factor = 0.8
	sasl.login.refresh.window.jitter = 0.05
	sasl.login.retry.backoff.max.ms = 10000
	sasl.login.retry.backoff.ms = 100
	sasl.mechanism = GSSAPI
	sasl.oauthbearer.clock.skew.seconds = 30
	sasl.oauthbearer.expected.audience = null
	sasl.oauthbearer.expected.issuer = null
	sasl.oauthbearer.jwks.endpoint.refresh.ms = 3600000
	sasl.oauthbearer.jwks.endpoint.retry.backoff.max.ms = 10000
	sasl.oauthbearer.jwks.endpoint.retry.backoff.ms = 100
	sasl.oauthbearer.jwks.endpoint.url = null
	sasl.oauthbearer.scope.claim.name = scope
	sasl.oauthbearer.sub.claim.name = sub
	sasl.oauthbearer.token.endpoint.url = null
	security.protocol = PLAINTEXT
	security.providers = null
	send.buffer.bytes = 131072
	session.timeout.ms = 45000
	socket.connection.setup.timeout.max.ms = 30000
	socket.connection.setup.timeout.ms = 10000
	ssl.cipher.suites = null
	ssl.enabled.protocols = [TLSv1.2, TLSv1.3]
	ssl.endpoint.identification.algorithm = https
	ssl.engine.factory.class = null
	ssl.key.password = null
	ssl.keymanager.algorithm = SunX509
	ssl.keystore.certificate.chain = null
	ssl.keystore.key = null
	ssl.keystore.location = null
	ssl.keystore.password = null
	ssl.keystore.type = JKS
	ssl.protocol = TLSv1.3
	ssl.provider = null
	ssl.secure.random.implementation = null
	ssl.trustmanager.algorithm = PKIX
	ssl.truststore.certificates = null
	ssl.truststore.location = null
	ssl.truststore.password = null
	ssl.truststore.type = JKS
	value.deserializer = class org.apache.kafka.common.serialization.StringDeserializer
 
2025-04-22 17:46:55-783 [main] INFO  o.a.k.c.t.i.KafkaMetricsCollector - initializing Kafka metrics collector 
2025-04-22 17:46:56-180 [main] INFO  o.a.kafka.common.utils.AppInfoParser - Kafka version: 3.8.1 
2025-04-22 17:46:56-181 [main] INFO  o.a.kafka.common.utils.AppInfoParser - Kafka commitId: 70d6ff42debf7e17 
2025-04-22 17:46:56-181 [main] INFO  o.a.kafka.common.utils.AppInfoParser - Kafka startTimeMs: 1745362016176 
2025-04-22 17:46:56-210 [main] INFO  o.a.k.c.c.i.LegacyKafkaConsumer - [Consumer clientId=consumer-user_group-1, groupId=user_group] Subscribed to topic(s): yanki-user 
2025-04-22 17:46:56-275 [main] INFO  c.y.u.s.a.s.UserServiceImplTest - Started UserServiceImplTest in 25.788 seconds (process running for 31.456) 
2025-04-22 17:46:57-886 [org.springframework.kafka.KafkaListenerEndpointContainer#0-0-C-1] INFO  org.apache.kafka.clients.Metadata - [Consumer clientId=consumer-user_group-1, groupId=user_group] Cluster ID: R1XLCkdBR4O4KzE_70uX4A 
2025-04-22 17:46:57-888 [org.springframework.kafka.KafkaListenerEndpointContainer#0-0-C-1] INFO  o.a.k.c.c.i.ConsumerCoordinator - [Consumer clientId=consumer-user_group-1, groupId=user_group] Discovered group coordinator kafka:9092 (id: 2147482646 rack: null) 
2025-04-22 17:46:58-976 [main] INFO  c.y.u.s.api.service.UserServiceImpl - Subscribed to yanki user request 
2025-04-22 17:46:59-289 [main] INFO  c.y.u.s.api.service.UserServiceImpl - Subscribed to yanki user respose 
2025-04-22 17:47:00-193 [SpringApplicationShutdownHook] INFO  o.s.c.n.e.s.EurekaServiceRegistry - Unregistering application USERS-SERVICE-API with eureka with status DOWN 
2025-04-22 17:47:00-194 [SpringApplicationShutdownHook] INFO  c.netflix.discovery.DiscoveryClient - Saw local status change event StatusChangeEvent [timestamp=1745362020194, current=DOWN, previous=UP] 
2025-04-22 17:47:00-195 [DiscoveryClient-InstanceInfoReplicator-%d] INFO  c.netflix.discovery.DiscoveryClient - DiscoveryClient_USERS-SERVICE-API/users-service-api:9191: registering service... 
2025-04-22 17:47:00-218 [org.springframework.kafka.KafkaListenerEndpointContainer#0-0-C-1] WARN  o.apache.kafka.clients.NetworkClient - [Consumer clientId=consumer-user_group-1, groupId=user_group] Error connecting to node kafka:9092 (id: 2147482646 rack: null) 
java.net.UnknownHostException: Host desconocido (kafka)
	at java.base/java.net.Inet6AddressImpl.lookupAllHostAddr(Native Method)
	at java.base/java.net.InetAddress$PlatformNameService.lookupAllHostAddr(InetAddress.java:933)
	at java.base/java.net.InetAddress.getAddressesFromNameService(InetAddress.java:1543)
	at java.base/java.net.InetAddress$NameServiceAddresses.get(InetAddress.java:852)
	at java.base/java.net.InetAddress.getAllByName0(InetAddress.java:1532)
	at java.base/java.net.InetAddress.getAllByName(InetAddress.java:1384)
	at java.base/java.net.InetAddress.getAllByName(InetAddress.java:1305)
	at org.apache.kafka.clients.DefaultHostResolver.resolve(DefaultHostResolver.java:27)
	at org.apache.kafka.clients.ClientUtils.resolve(ClientUtils.java:124)
	at org.apache.kafka.clients.ClusterConnectionStates$NodeConnectionState.resolveAddresses(ClusterConnectionStates.java:536)
	at org.apache.kafka.clients.ClusterConnectionStates$NodeConnectionState.currentAddress(ClusterConnectionStates.java:511)
	at org.apache.kafka.clients.ClusterConnectionStates$NodeConnectionState.access$200(ClusterConnectionStates.java:466)
	at org.apache.kafka.clients.ClusterConnectionStates.currentAddress(ClusterConnectionStates.java:173)
	at org.apache.kafka.clients.NetworkClient.initiateConnect(NetworkClient.java:1070)
	at org.apache.kafka.clients.NetworkClient.ready(NetworkClient.java:320)
	at org.apache.kafka.clients.NetworkClientUtils.tryConnect(NetworkClientUtils.java:141)
	at org.apache.kafka.clients.consumer.internals.ConsumerNetworkClient.tryConnect(ConsumerNetworkClient.java:589)
	at org.apache.kafka.clients.consumer.internals.AbstractCoordinator$FindCoordinatorResponseHandler.onSuccess(AbstractCoordinator.java:937)
	at org.apache.kafka.clients.consumer.internals.AbstractCoordinator$FindCoordinatorResponseHandler.onSuccess(AbstractCoordinator.java:913)
	at org.apache.kafka.clients.consumer.internals.RequestFuture$1.onSuccess(RequestFuture.java:206)
	at org.apache.kafka.clients.consumer.internals.RequestFuture.fireSuccess(RequestFuture.java:169)
	at org.apache.kafka.clients.consumer.internals.RequestFuture.complete(RequestFuture.java:129)
	at org.apache.kafka.clients.consumer.internals.ConsumerNetworkClient$RequestFutureCompletionHandler.fireCompletion(ConsumerNetworkClient.java:616)
	at org.apache.kafka.clients.consumer.internals.ConsumerNetworkClient.firePendingCompletedRequests(ConsumerNetworkClient.java:428)
	at org.apache.kafka.clients.consumer.internals.ConsumerNetworkClient.poll(ConsumerNetworkClient.java:313)
	at org.apache.kafka.clients.consumer.internals.ConsumerNetworkClient.poll(ConsumerNetworkClient.java:231)
	at org.apache.kafka.clients.consumer.internals.AbstractCoordinator.ensureCoordinatorReady(AbstractCoordinator.java:289)
	at org.apache.kafka.clients.consumer.internals.AbstractCoordinator.ensureCoordinatorReady(AbstractCoordinator.java:263)
	at org.apache.kafka.clients.consumer.internals.ConsumerCoordinator.coordinatorUnknownAndUnreadySync(ConsumerCoordinator.java:450)
	at org.apache.kafka.clients.consumer.internals.ConsumerCoordinator.poll(ConsumerCoordinator.java:482)
	at org.apache.kafka.clients.consumer.internals.LegacyKafkaConsumer.updateAssignmentMetadataIfNeeded(LegacyKafkaConsumer.java:652)
	at org.apache.kafka.clients.consumer.internals.LegacyKafkaConsumer.poll(LegacyKafkaConsumer.java:611)
	at org.apache.kafka.clients.consumer.internals.LegacyKafkaConsumer.poll(LegacyKafkaConsumer.java:591)
	at org.apache.kafka.clients.consumer.KafkaConsumer.poll(KafkaConsumer.java:874)
	at org.springframework.kafka.listener.KafkaMessageListenerContainer$ListenerConsumer.pollConsumer(KafkaMessageListenerContainer.java:1692)
	at org.springframework.kafka.listener.KafkaMessageListenerContainer$ListenerConsumer.doPoll(KafkaMessageListenerContainer.java:1667)
	at org.springframework.kafka.listener.KafkaMessageListenerContainer$ListenerConsumer.pollAndInvoke(KafkaMessageListenerContainer.java:1445)
	at org.springframework.kafka.listener.KafkaMessageListenerContainer$ListenerConsumer.run(KafkaMessageListenerContainer.java:1335)
	at java.base/java.util.concurrent.CompletableFuture$AsyncRun.run$$$capture(CompletableFuture.java:1804)
	at java.base/java.util.concurrent.CompletableFuture$AsyncRun.run(CompletableFuture.java)
	at java.base/java.lang.Thread.run(Thread.java:842)
2025-04-22 17:47:00-231 [org.springframework.kafka.KafkaListenerEndpointContainer#0-0-C-1] INFO  o.a.k.c.c.i.ConsumerCoordinator - [Consumer clientId=consumer-user_group-1, groupId=user_group] (Re-)joining group 
2025-04-22 17:47:00-231 [DiscoveryClient-InstanceInfoReplicator-%d] INFO  c.netflix.discovery.DiscoveryClient - DiscoveryClient_USERS-SERVICE-API/users-service-api:9191 - registration status: 204 
2025-04-22 17:47:00-246 [org.springframework.kafka.KafkaListenerEndpointContainer#0-0-C-1] WARN  o.apache.kafka.clients.NetworkClient - [Consumer clientId=consumer-user_group-1, groupId=user_group] Error connecting to node kafka:9092 (id: 2147482646 rack: null) 
java.net.UnknownHostException: kafka
	at java.base/java.net.InetAddress$CachedAddresses.get(InetAddress.java:801)
	at java.base/java.net.InetAddress.getAllByName0(InetAddress.java:1532)
	at java.base/java.net.InetAddress.getAllByName(InetAddress.java:1384)
	at java.base/java.net.InetAddress.getAllByName(InetAddress.java:1305)
	at org.apache.kafka.clients.DefaultHostResolver.resolve(DefaultHostResolver.java:27)
	at org.apache.kafka.clients.ClientUtils.resolve(ClientUtils.java:124)
	at org.apache.kafka.clients.ClusterConnectionStates$NodeConnectionState.resolveAddresses(ClusterConnectionStates.java:536)
	at org.apache.kafka.clients.ClusterConnectionStates$NodeConnectionState.currentAddress(ClusterConnectionStates.java:511)
	at org.apache.kafka.clients.ClusterConnectionStates$NodeConnectionState.access$200(ClusterConnectionStates.java:466)
	at org.apache.kafka.clients.ClusterConnectionStates.currentAddress(ClusterConnectionStates.java:173)
	at org.apache.kafka.clients.NetworkClient.initiateConnect(NetworkClient.java:1070)
	at org.apache.kafka.clients.NetworkClient.ready(NetworkClient.java:320)
	at org.apache.kafka.clients.consumer.internals.ConsumerNetworkClient.trySend(ConsumerNetworkClient.java:514)
	at org.apache.kafka.clients.consumer.internals.ConsumerNetworkClient.poll(ConsumerNetworkClient.java:271)
	at org.apache.kafka.clients.consumer.internals.ConsumerNetworkClient.poll(ConsumerNetworkClient.java:231)
	at org.apache.kafka.clients.consumer.internals.ConsumerNetworkClient.poll(ConsumerNetworkClient.java:215)
	at org.apache.kafka.clients.consumer.internals.AbstractCoordinator.joinGroupIfNeeded(AbstractCoordinator.java:480)
	at org.apache.kafka.clients.consumer.internals.AbstractCoordinator.ensureActiveGroup(AbstractCoordinator.java:414)
	at org.apache.kafka.clients.consumer.internals.ConsumerCoordinator.poll(ConsumerCoordinator.java:510)
	at org.apache.kafka.clients.consumer.internals.LegacyKafkaConsumer.updateAssignmentMetadataIfNeeded(LegacyKafkaConsumer.java:652)
	at org.apache.kafka.clients.consumer.internals.LegacyKafkaConsumer.poll(LegacyKafkaConsumer.java:611)
	at org.apache.kafka.clients.consumer.internals.LegacyKafkaConsumer.poll(LegacyKafkaConsumer.java:591)
	at org.apache.kafka.clients.consumer.KafkaConsumer.poll(KafkaConsumer.java:874)
	at org.springframework.kafka.listener.KafkaMessageListenerContainer$ListenerConsumer.pollConsumer(KafkaMessageListenerContainer.java:1692)
	at org.springframework.kafka.listener.KafkaMessageListenerContainer$ListenerConsumer.doPoll(KafkaMessageListenerContainer.java:1667)
	at org.springframework.kafka.listener.KafkaMessageListenerContainer$ListenerConsumer.pollAndInvoke(KafkaMessageListenerContainer.java:1445)
	at org.springframework.kafka.listener.KafkaMessageListenerContainer$ListenerConsumer.run(KafkaMessageListenerContainer.java:1335)
	at java.base/java.util.concurrent.CompletableFuture$AsyncRun.run$$$capture(CompletableFuture.java:1804)
	at java.base/java.util.concurrent.CompletableFuture$AsyncRun.run(CompletableFuture.java)
	at java.base/java.lang.Thread.run(Thread.java:842)
2025-04-22 17:47:00-250 [org.springframework.kafka.KafkaListenerEndpointContainer#0-0-C-1] INFO  o.a.k.c.c.i.ConsumerCoordinator - [Consumer clientId=consumer-user_group-1, groupId=user_group] Group coordinator kafka:9092 (id: 2147482646 rack: null) is unavailable or invalid due to cause: coordinator unavailable. isDisconnected: true. Rediscovery will be attempted. 
2025-04-22 17:47:00-251 [org.springframework.kafka.KafkaListenerEndpointContainer#0-0-C-1] INFO  o.a.k.c.c.i.ConsumerCoordinator - [Consumer clientId=consumer-user_group-1, groupId=user_group] Resetting generation and member id due to: consumer pro-actively leaving the group 
2025-04-22 17:47:00-252 [org.springframework.kafka.KafkaListenerEndpointContainer#0-0-C-1] INFO  o.a.k.c.c.i.ConsumerCoordinator - [Consumer clientId=consumer-user_group-1, groupId=user_group] Request joining group due to: consumer pro-actively leaving the group 
2025-04-22 17:47:00-252 [org.springframework.kafka.KafkaListenerEndpointContainer#0-0-C-1] INFO  o.a.k.c.c.i.LegacyKafkaConsumer - [Consumer clientId=consumer-user_group-1, groupId=user_group] Unsubscribed all topics or patterns and assigned partitions 
2025-04-22 17:47:00-301 [org.springframework.kafka.KafkaListenerEndpointContainer#0-0-C-1] INFO  o.a.k.c.c.i.ConsumerCoordinator - [Consumer clientId=consumer-user_group-1, groupId=user_group] Resetting generation and member id due to: consumer pro-actively leaving the group 
2025-04-22 17:47:00-302 [org.springframework.kafka.KafkaListenerEndpointContainer#0-0-C-1] INFO  o.a.k.c.c.i.ConsumerCoordinator - [Consumer clientId=consumer-user_group-1, groupId=user_group] Request joining group due to: consumer pro-actively leaving the group 
2025-04-22 17:47:00-325 [org.springframework.kafka.KafkaListenerEndpointContainer#0-0-C-1] INFO  o.a.kafka.common.metrics.Metrics - Metrics scheduler closed 
2025-04-22 17:47:00-326 [org.springframework.kafka.KafkaListenerEndpointContainer#0-0-C-1] INFO  o.a.kafka.common.metrics.Metrics - Closing reporter org.apache.kafka.common.metrics.JmxReporter 
2025-04-22 17:47:00-327 [org.springframework.kafka.KafkaListenerEndpointContainer#0-0-C-1] INFO  o.a.kafka.common.metrics.Metrics - Closing reporter org.apache.kafka.common.telemetry.internals.ClientTelemetryReporter 
2025-04-22 17:47:00-327 [org.springframework.kafka.KafkaListenerEndpointContainer#0-0-C-1] INFO  o.a.kafka.common.metrics.Metrics - Metrics reporters closed 
2025-04-22 17:47:00-342 [org.springframework.kafka.KafkaListenerEndpointContainer#0-0-C-1] INFO  o.a.kafka.common.utils.AppInfoParser - App info kafka.consumer for consumer-user_group-1 unregistered 
2025-04-22 17:47:00-343 [nioEventLoopGroup-2-3] INFO  c.y.u.s.api.service.UserServiceImpl - Yanki User Response: com.yanki.users.service.api.bean.YankiUserResponse@385ca941 
2025-04-22 17:47:00-353 [org.springframework.kafka.KafkaListenerEndpointContainer#0-0-C-1] INFO  o.s.k.l.KafkaMessageListenerContainer - user_group: Consumer stopped 
2025-04-22 17:47:02-603 [SpringApplicationShutdownHook] INFO  c.netflix.discovery.DiscoveryClient - Shutting down DiscoveryClient ... 
2025-04-22 17:47:05-718 [SpringApplicationShutdownHook] INFO  c.netflix.discovery.DiscoveryClient - Unregistering ... 
2025-04-22 17:47:05-779 [SpringApplicationShutdownHook] INFO  c.netflix.discovery.DiscoveryClient - DiscoveryClient_USERS-SERVICE-API/users-service-api:9191 - deregister  status: 200 
2025-04-22 17:47:05-780 [SpringApplicationShutdownHook] INFO  c.netflix.discovery.DiscoveryClient - Completed shut down of DiscoveryClient 
2025-04-22 23:01:55-708 [main] INFO  o.s.t.c.s.AnnotationConfigContextLoaderUtils - Could not detect default configuration classes for test class [com.yanki.users.service.api.service.UserServiceImplTest]: UserServiceImplTest does not declare any static, non-private, non-final, nested classes annotated with @Configuration. 
2025-04-22 23:01:55-988 [main] INFO  o.s.b.t.c.SpringBootTestContextBootstrapper - Found @SpringBootConfiguration com.yanki.users.service.api.UsersServiceApiApplication for test class com.yanki.users.service.api.service.UserServiceImplTest 
2025-04-22 23:01:59-236 [main] INFO  c.y.u.s.a.s.UserServiceImplTest - Starting UserServiceImplTest using Java 17.0.12 with PID 13208 (started by mgarcsar in C:\Users\mgarcsar\Documents\Bootcamp\etregables\Yanki\users-service-api) 
2025-04-22 23:01:59-237 [main] INFO  c.y.u.s.a.s.UserServiceImplTest - The following 1 profile is active: "local" 
2025-04-22 23:01:59-293 [main] INFO  o.s.c.c.c.ConfigServerConfigDataLoader - Fetching config from server at : http://config-server-bc:8888 
2025-04-22 23:01:59-294 [main] INFO  o.s.c.c.c.ConfigServerConfigDataLoader - Exception on Url - http://config-server-bc:8888:org.springframework.web.client.ResourceAccessException: I/O error on GET request for "http://config-server-bc:8888/users-service-api/default": config-server-bc. Will be trying the next url if available 
2025-04-22 23:01:59-294 [main] WARN  o.s.c.c.c.ConfigServerConfigDataLoader - Could not locate PropertySource ([ConfigServerConfigDataResource@77401977 uris = array<String>['http://config-server-bc:8888'], optional = true, profiles = 'default']): I/O error on GET request for "http://config-server-bc:8888/users-service-api/default": config-server-bc 
2025-04-22 23:01:59-294 [main] INFO  o.s.c.c.c.ConfigServerConfigDataLoader - Fetching config from server at : http://config-server-bc:8888 
2025-04-22 23:01:59-294 [main] INFO  o.s.c.c.c.ConfigServerConfigDataLoader - Exception on Url - http://config-server-bc:8888:org.springframework.web.client.ResourceAccessException: I/O error on GET request for "http://config-server-bc:8888/users-service-api/local": config-server-bc. Will be trying the next url if available 
2025-04-22 23:01:59-294 [main] WARN  o.s.c.c.c.ConfigServerConfigDataLoader - Could not locate PropertySource ([ConfigServerConfigDataResource@432448 uris = array<String>['http://config-server-bc:8888'], optional = true, profiles = 'local']): I/O error on GET request for "http://config-server-bc:8888/users-service-api/local": config-server-bc 
2025-04-22 23:01:59-294 [main] INFO  o.s.c.c.c.ConfigServerConfigDataLoader - Fetching config from server at : http://config-server-bc:8888 
2025-04-22 23:01:59-295 [main] INFO  o.s.c.c.c.ConfigServerConfigDataLoader - Exception on Url - http://config-server-bc:8888:org.springframework.web.client.ResourceAccessException: I/O error on GET request for "http://config-server-bc:8888/users-service-api/default": config-server-bc. Will be trying the next url if available 
2025-04-22 23:01:59-295 [main] WARN  o.s.c.c.c.ConfigServerConfigDataLoader - Could not locate PropertySource ([ConfigServerConfigDataResource@4452e13c uris = array<String>['http://config-server-bc:8888'], optional = true, profiles = 'default']): I/O error on GET request for "http://config-server-bc:8888/users-service-api/default": config-server-bc 
2025-04-22 23:02:00-871 [main] INFO  o.s.d.r.c.RepositoryConfigurationDelegate - Bootstrapping Spring Data Reactive MongoDB repositories in DEFAULT mode. 
2025-04-22 23:02:01-325 [main] INFO  o.s.d.r.c.RepositoryConfigurationDelegate - Finished Spring Data repository scanning in 438 ms. Found 1 Reactive MongoDB repository interface. 
2025-04-22 23:02:01-748 [main] INFO  o.s.cloud.context.scope.GenericScope - BeanFactory id=611ef13d-e9cf-37e3-9654-11dd09564ea1 
2025-04-22 23:02:02-953 [main] INFO  org.mongodb.driver.client - MongoClient with metadata {"driver": {"name": "mongo-java-driver|reactive-streams|spring-boot", "version": "5.2.1"}, "os": {"type": "Windows", "name": "Windows 10", "architecture": "amd64", "version": "10.0"}, "platform": "Java/Oracle Corporation/17.0.12+8-LTS-286"} created with settings MongoClientSettings{readPreference=primary, writeConcern=WriteConcern{w=null, wTimeout=null ms, journal=null}, retryWrites=true, retryReads=true, readConcern=ReadConcern{level=null}, credential=null, transportSettings=NettyTransportSettings{eventLoopGroup=io.netty.channel.nio.NioEventLoopGroup@30906ad3, socketChannelClass=null, allocator=null, sslContext=null}, commandListeners=[io.micrometer.core.instrument.binder.mongodb.MongoMetricsCommandListener@10378c35], codecRegistry=ProvidersCodecRegistry{codecProviders=[ValueCodecProvider{}, BsonValueCodecProvider{}, DBRefCodecProvider{}, DBObjectCodecProvider{}, DocumentCodecProvider{}, CollectionCodecProvider{}, IterableCodecProvider{}, MapCodecProvider{}, GeoJsonCodecProvider{}, GridFSFileCodecProvider{}, Jsr310CodecProvider{}, JsonObjectCodecProvider{}, BsonCodecProvider{}, EnumCodecProvider{}, com.mongodb.client.model.mql.ExpressionCodecProvider@480e8a7a, com.mongodb.Jep395RecordCodecProvider@35f03e9d, com.mongodb.KotlinCodecProvider@6850c02]}, loggerSettings=LoggerSettings{maxDocumentLength=1000}, clusterSettings={hosts=[localhost:27017], srvServiceName=mongodb, mode=SINGLE, requiredClusterType=UNKNOWN, requiredReplicaSetName='null', serverSelector='null', clusterListeners='[]', serverSelectionTimeout='30000 ms', localThreshold='15 ms'}, socketSettings=SocketSettings{connectTimeoutMS=10000, readTimeoutMS=0, receiveBufferSize=0, proxySettings=ProxySettings{host=null, port=null, username=null, password=null}}, heartbeatSocketSettings=SocketSettings{connectTimeoutMS=10000, readTimeoutMS=10000, receiveBufferSize=0, proxySettings=ProxySettings{host=null, port=null, username=null, password=null}}, connectionPoolSettings=ConnectionPoolSettings{maxSize=100, minSize=0, maxWaitTimeMS=120000, maxConnectionLifeTimeMS=0, maxConnectionIdleTimeMS=0, maintenanceInitialDelayMS=0, maintenanceFrequencyMS=60000, connectionPoolListeners=[io.micrometer.core.instrument.binder.mongodb.MongoMetricsConnectionPoolListener@2aff6ec3], maxConnecting=2}, serverSettings=ServerSettings{heartbeatFrequencyMS=10000, minHeartbeatFrequencyMS=500, serverMonitoringMode=AUTO, serverListeners='[]', serverMonitorListeners='[]'}, sslSettings=SslSettings{enabled=false, invalidHostNameAllowed=false, context=null}, applicationName='null', compressorList=[], uuidRepresentation=JAVA_LEGACY, serverApi=null, autoEncryptionSettings=null, dnsClient=null, inetAddressResolver=null, contextProvider=null, timeoutMS=null} 
2025-04-22 23:02:03-165 [cluster-ClusterId{value='6808663aa0d63b6874e19029', description='null'}-localhost:27017] INFO  org.mongodb.driver.cluster - Monitor thread successfully connected to server with description ServerDescription{address=localhost:27017, type=STANDALONE, cryptd=false, state=CONNECTED, ok=true, minWireVersion=0, maxWireVersion=25, maxDocumentSize=16777216, logicalSessionTimeoutMinutes=30, roundTripTimeNanos=103630700, minRoundTripTimeNanos=0} 
2025-04-22 23:02:04-129 [main] INFO  o.s.v.b.OptionalValidatorFactoryBean - Failed to set up a Bean Validation provider: jakarta.validation.NoProviderFoundException: Unable to create a Configuration, because no Jakarta Bean Validation provider could be found. Add a provider like Hibernate Validator (RI) to your classpath. 
2025-04-22 23:02:05-543 [main] INFO  o.s.b.a.e.web.EndpointLinksResolver - Exposing 2 endpoints beneath base path '/actuator' 
2025-04-22 23:02:06-320 [main] INFO  o.s.c.n.e.c.DiscoveryClientOptionalArgsConfiguration - Eureka HTTP Client uses RestTemplate. 
2025-04-22 23:02:06-401 [main] WARN  o.s.c.l.c.LoadBalancerCacheAutoConfiguration$LoadBalancerCaffeineWarnLogger - Spring Cloud LoadBalancer is currently working with the default cache. While this cache implementation is useful for development and tests, it's recommended to use Caffeine cache in production.You can switch to using Caffeine cache, by adding it and org.springframework.cache.caffeine.CaffeineCacheManager to the classpath. 
2025-04-22 23:02:06-582 [main] INFO  o.s.c.n.eureka.InstanceInfoFactory - Setting initial instance status as: STARTING 
2025-04-22 23:02:06-642 [main] INFO  c.netflix.discovery.DiscoveryClient - Initializing Eureka in region us-east-1 
2025-04-22 23:02:06-653 [main] INFO  c.n.d.s.r.aws.ConfigClusterResolver - Resolving eureka endpoints via configuration 
2025-04-22 23:02:06-682 [main] INFO  c.netflix.discovery.DiscoveryClient - Disable delta property : false 
2025-04-22 23:02:06-683 [main] INFO  c.netflix.discovery.DiscoveryClient - Single vip registry refresh property : null 
2025-04-22 23:02:06-684 [main] INFO  c.netflix.discovery.DiscoveryClient - Force full registry fetch : false 
2025-04-22 23:02:06-684 [main] INFO  c.netflix.discovery.DiscoveryClient - Application is null : false 
2025-04-22 23:02:06-685 [main] INFO  c.netflix.discovery.DiscoveryClient - Registered Applications size is zero : true 
2025-04-22 23:02:06-685 [main] INFO  c.netflix.discovery.DiscoveryClient - Application version is -1: true 
2025-04-22 23:02:06-685 [main] INFO  c.netflix.discovery.DiscoveryClient - Getting all instance registry info from the eureka server 
2025-04-22 23:02:07-128 [main] INFO  c.netflix.discovery.DiscoveryClient - The response status is 200 
2025-04-22 23:02:07-131 [main] INFO  c.netflix.discovery.DiscoveryClient - Starting heartbeat executor: renew interval is: 30 
2025-04-22 23:02:07-134 [main] INFO  c.n.discovery.InstanceInfoReplicator - InstanceInfoReplicator onDemand update allowed rate per min is 4 
2025-04-22 23:02:07-136 [main] INFO  c.netflix.discovery.DiscoveryClient - Discovery Client initialized at timestamp 1745380927135 with initial instances count: 4 
2025-04-22 23:02:07-139 [main] INFO  o.s.c.n.e.s.EurekaServiceRegistry - Registering application USERS-SERVICE-API with eureka with status UP 
2025-04-22 23:02:07-140 [main] INFO  c.netflix.discovery.DiscoveryClient - Saw local status change event StatusChangeEvent [timestamp=1745380927140, current=UP, previous=STARTING] 
2025-04-22 23:02:07-143 [DiscoveryClient-InstanceInfoReplicator-%d] INFO  c.netflix.discovery.DiscoveryClient - DiscoveryClient_USERS-SERVICE-API/users-service-api:9191: registering service... 
2025-04-22 23:02:07-207 [DiscoveryClient-InstanceInfoReplicator-%d] INFO  c.netflix.discovery.DiscoveryClient - DiscoveryClient_USERS-SERVICE-API/users-service-api:9191 - registration status: 204 
2025-04-22 23:02:07-225 [main] INFO  o.a.k.c.consumer.ConsumerConfig - ConsumerConfig values: 
	allow.auto.create.topics = true
	auto.commit.interval.ms = 5000
	auto.include.jmx.reporter = true
	auto.offset.reset = latest
	bootstrap.servers = [localhost:9092]
	check.crcs = true
	client.dns.lookup = use_all_dns_ips
	client.id = consumer-user_group-1
	client.rack = 
	connections.max.idle.ms = 540000
	default.api.timeout.ms = 60000
	enable.auto.commit = false
	enable.metrics.push = true
	exclude.internal.topics = true
	fetch.max.bytes = 52428800
	fetch.max.wait.ms = 500
	fetch.min.bytes = 1
	group.id = user_group
	group.instance.id = null
	group.protocol = classic
	group.remote.assignor = null
	heartbeat.interval.ms = 3000
	interceptor.classes = []
	internal.leave.group.on.close = true
	internal.throw.on.fetch.stable.offset.unsupported = false
	isolation.level = read_uncommitted
	key.deserializer = class org.apache.kafka.common.serialization.StringDeserializer
	max.partition.fetch.bytes = 1048576
	max.poll.interval.ms = 300000
	max.poll.records = 500
	metadata.max.age.ms = 300000
	metadata.recovery.strategy = none
	metric.reporters = []
	metrics.num.samples = 2
	metrics.recording.level = INFO
	metrics.sample.window.ms = 30000
	partition.assignment.strategy = [class org.apache.kafka.clients.consumer.RangeAssignor, class org.apache.kafka.clients.consumer.CooperativeStickyAssignor]
	receive.buffer.bytes = 65536
	reconnect.backoff.max.ms = 1000
	reconnect.backoff.ms = 50
	request.timeout.ms = 30000
	retry.backoff.max.ms = 1000
	retry.backoff.ms = 100
	sasl.client.callback.handler.class = null
	sasl.jaas.config = null
	sasl.kerberos.kinit.cmd = /usr/bin/kinit
	sasl.kerberos.min.time.before.relogin = 60000
	sasl.kerberos.service.name = null
	sasl.kerberos.ticket.renew.jitter = 0.05
	sasl.kerberos.ticket.renew.window.factor = 0.8
	sasl.login.callback.handler.class = null
	sasl.login.class = null
	sasl.login.connect.timeout.ms = null
	sasl.login.read.timeout.ms = null
	sasl.login.refresh.buffer.seconds = 300
	sasl.login.refresh.min.period.seconds = 60
	sasl.login.refresh.window.factor = 0.8
	sasl.login.refresh.window.jitter = 0.05
	sasl.login.retry.backoff.max.ms = 10000
	sasl.login.retry.backoff.ms = 100
	sasl.mechanism = GSSAPI
	sasl.oauthbearer.clock.skew.seconds = 30
	sasl.oauthbearer.expected.audience = null
	sasl.oauthbearer.expected.issuer = null
	sasl.oauthbearer.jwks.endpoint.refresh.ms = 3600000
	sasl.oauthbearer.jwks.endpoint.retry.backoff.max.ms = 10000
	sasl.oauthbearer.jwks.endpoint.retry.backoff.ms = 100
	sasl.oauthbearer.jwks.endpoint.url = null
	sasl.oauthbearer.scope.claim.name = scope
	sasl.oauthbearer.sub.claim.name = sub
	sasl.oauthbearer.token.endpoint.url = null
	security.protocol = PLAINTEXT
	security.providers = null
	send.buffer.bytes = 131072
	session.timeout.ms = 45000
	socket.connection.setup.timeout.max.ms = 30000
	socket.connection.setup.timeout.ms = 10000
	ssl.cipher.suites = null
	ssl.enabled.protocols = [TLSv1.2, TLSv1.3]
	ssl.endpoint.identification.algorithm = https
	ssl.engine.factory.class = null
	ssl.key.password = null
	ssl.keymanager.algorithm = SunX509
	ssl.keystore.certificate.chain = null
	ssl.keystore.key = null
	ssl.keystore.location = null
	ssl.keystore.password = null
	ssl.keystore.type = JKS
	ssl.protocol = TLSv1.3
	ssl.provider = null
	ssl.secure.random.implementation = null
	ssl.trustmanager.algorithm = PKIX
	ssl.truststore.certificates = null
	ssl.truststore.location = null
	ssl.truststore.password = null
	ssl.truststore.type = JKS
	value.deserializer = class org.apache.kafka.common.serialization.StringDeserializer
 
2025-04-22 23:02:07-306 [main] INFO  o.a.k.c.t.i.KafkaMetricsCollector - initializing Kafka metrics collector 
2025-04-22 23:02:07-478 [main] INFO  o.a.kafka.common.utils.AppInfoParser - Kafka version: 3.8.1 
2025-04-22 23:02:07-478 [main] INFO  o.a.kafka.common.utils.AppInfoParser - Kafka commitId: 70d6ff42debf7e17 
2025-04-22 23:02:07-478 [main] INFO  o.a.kafka.common.utils.AppInfoParser - Kafka startTimeMs: 1745380927475 
2025-04-22 23:02:07-495 [main] INFO  o.a.k.c.c.i.LegacyKafkaConsumer - [Consumer clientId=consumer-user_group-1, groupId=user_group] Subscribed to topic(s): yanki-user 
2025-04-22 23:02:07-534 [main] INFO  c.y.u.s.a.s.UserServiceImplTest - Started UserServiceImplTest in 10.992 seconds (process running for 13.474) 
2025-04-22 23:02:08-201 [org.springframework.kafka.KafkaListenerEndpointContainer#0-0-C-1] INFO  org.apache.kafka.clients.Metadata - [Consumer clientId=consumer-user_group-1, groupId=user_group] Cluster ID: R1XLCkdBR4O4KzE_70uX4A 
2025-04-22 23:02:08-202 [org.springframework.kafka.KafkaListenerEndpointContainer#0-0-C-1] INFO  o.a.k.c.c.i.ConsumerCoordinator - [Consumer clientId=consumer-user_group-1, groupId=user_group] Discovered group coordinator kafka:9092 (id: 2147482646 rack: null) 
2025-04-22 23:02:08-591 [main] INFO  c.y.u.s.api.service.UserServiceImpl - Subscribed to yanki user request 
2025-04-22 23:02:08-591 [main] INFO  c.y.u.s.api.service.UserServiceImpl - Subscribed to yanki user respose 
2025-04-22 23:02:08-666 [SpringApplicationShutdownHook] INFO  o.s.c.n.e.s.EurekaServiceRegistry - Unregistering application USERS-SERVICE-API with eureka with status DOWN 
2025-04-22 23:02:08-667 [SpringApplicationShutdownHook] INFO  c.netflix.discovery.DiscoveryClient - Saw local status change event StatusChangeEvent [timestamp=1745380928667, current=DOWN, previous=UP] 
2025-04-22 23:02:08-668 [DiscoveryClient-InstanceInfoReplicator-%d] INFO  c.netflix.discovery.DiscoveryClient - DiscoveryClient_USERS-SERVICE-API/users-service-api:9191: registering service... 
2025-04-22 23:02:08-674 [DiscoveryClient-InstanceInfoReplicator-%d] INFO  c.netflix.discovery.DiscoveryClient - DiscoveryClient_USERS-SERVICE-API/users-service-api:9191 - registration status: 204 
2025-04-22 23:02:10-492 [org.springframework.kafka.KafkaListenerEndpointContainer#0-0-C-1] WARN  o.apache.kafka.clients.NetworkClient - [Consumer clientId=consumer-user_group-1, groupId=user_group] Error connecting to node kafka:9092 (id: 2147482646 rack: null) 
java.net.UnknownHostException: Host desconocido (kafka)
	at java.base/java.net.Inet6AddressImpl.lookupAllHostAddr(Native Method)
	at java.base/java.net.InetAddress$PlatformNameService.lookupAllHostAddr(InetAddress.java:933)
	at java.base/java.net.InetAddress.getAddressesFromNameService(InetAddress.java:1543)
	at java.base/java.net.InetAddress$NameServiceAddresses.get(InetAddress.java:852)
	at java.base/java.net.InetAddress.getAllByName0(InetAddress.java:1532)
	at java.base/java.net.InetAddress.getAllByName(InetAddress.java:1384)
	at java.base/java.net.InetAddress.getAllByName(InetAddress.java:1305)
	at org.apache.kafka.clients.DefaultHostResolver.resolve(DefaultHostResolver.java:27)
	at org.apache.kafka.clients.ClientUtils.resolve(ClientUtils.java:124)
	at org.apache.kafka.clients.ClusterConnectionStates$NodeConnectionState.resolveAddresses(ClusterConnectionStates.java:536)
	at org.apache.kafka.clients.ClusterConnectionStates$NodeConnectionState.currentAddress(ClusterConnectionStates.java:511)
	at org.apache.kafka.clients.ClusterConnectionStates$NodeConnectionState.access$200(ClusterConnectionStates.java:466)
	at org.apache.kafka.clients.ClusterConnectionStates.currentAddress(ClusterConnectionStates.java:173)
	at org.apache.kafka.clients.NetworkClient.initiateConnect(NetworkClient.java:1070)
	at org.apache.kafka.clients.NetworkClient.ready(NetworkClient.java:320)
	at org.apache.kafka.clients.NetworkClientUtils.tryConnect(NetworkClientUtils.java:141)
	at org.apache.kafka.clients.consumer.internals.ConsumerNetworkClient.tryConnect(ConsumerNetworkClient.java:589)
	at org.apache.kafka.clients.consumer.internals.AbstractCoordinator$FindCoordinatorResponseHandler.onSuccess(AbstractCoordinator.java:937)
	at org.apache.kafka.clients.consumer.internals.AbstractCoordinator$FindCoordinatorResponseHandler.onSuccess(AbstractCoordinator.java:913)
	at org.apache.kafka.clients.consumer.internals.RequestFuture$1.onSuccess(RequestFuture.java:206)
	at org.apache.kafka.clients.consumer.internals.RequestFuture.fireSuccess(RequestFuture.java:169)
	at org.apache.kafka.clients.consumer.internals.RequestFuture.complete(RequestFuture.java:129)
	at org.apache.kafka.clients.consumer.internals.ConsumerNetworkClient$RequestFutureCompletionHandler.fireCompletion(ConsumerNetworkClient.java:616)
	at org.apache.kafka.clients.consumer.internals.ConsumerNetworkClient.firePendingCompletedRequests(ConsumerNetworkClient.java:428)
	at org.apache.kafka.clients.consumer.internals.ConsumerNetworkClient.poll(ConsumerNetworkClient.java:313)
	at org.apache.kafka.clients.consumer.internals.ConsumerNetworkClient.poll(ConsumerNetworkClient.java:231)
	at org.apache.kafka.clients.consumer.internals.AbstractCoordinator.ensureCoordinatorReady(AbstractCoordinator.java:289)
	at org.apache.kafka.clients.consumer.internals.AbstractCoordinator.ensureCoordinatorReady(AbstractCoordinator.java:263)
	at org.apache.kafka.clients.consumer.internals.ConsumerCoordinator.coordinatorUnknownAndUnreadySync(ConsumerCoordinator.java:450)
	at org.apache.kafka.clients.consumer.internals.ConsumerCoordinator.poll(ConsumerCoordinator.java:482)
	at org.apache.kafka.clients.consumer.internals.LegacyKafkaConsumer.updateAssignmentMetadataIfNeeded(LegacyKafkaConsumer.java:652)
	at org.apache.kafka.clients.consumer.internals.LegacyKafkaConsumer.poll(LegacyKafkaConsumer.java:611)
	at org.apache.kafka.clients.consumer.internals.LegacyKafkaConsumer.poll(LegacyKafkaConsumer.java:591)
	at org.apache.kafka.clients.consumer.KafkaConsumer.poll(KafkaConsumer.java:874)
	at org.springframework.kafka.listener.KafkaMessageListenerContainer$ListenerConsumer.pollConsumer(KafkaMessageListenerContainer.java:1692)
	at org.springframework.kafka.listener.KafkaMessageListenerContainer$ListenerConsumer.doPoll(KafkaMessageListenerContainer.java:1667)
	at org.springframework.kafka.listener.KafkaMessageListenerContainer$ListenerConsumer.pollAndInvoke(KafkaMessageListenerContainer.java:1445)
	at org.springframework.kafka.listener.KafkaMessageListenerContainer$ListenerConsumer.run(KafkaMessageListenerContainer.java:1335)
	at java.base/java.util.concurrent.CompletableFuture$AsyncRun.run(CompletableFuture.java:1804)
	at java.base/java.lang.Thread.run(Thread.java:842)
2025-04-22 23:02:10-498 [org.springframework.kafka.KafkaListenerEndpointContainer#0-0-C-1] INFO  o.a.k.c.c.i.ConsumerCoordinator - [Consumer clientId=consumer-user_group-1, groupId=user_group] (Re-)joining group 
2025-04-22 23:02:10-508 [org.springframework.kafka.KafkaListenerEndpointContainer#0-0-C-1] WARN  o.apache.kafka.clients.NetworkClient - [Consumer clientId=consumer-user_group-1, groupId=user_group] Error connecting to node kafka:9092 (id: 2147482646 rack: null) 
java.net.UnknownHostException: kafka
	at java.base/java.net.InetAddress$CachedAddresses.get(InetAddress.java:801)
	at java.base/java.net.InetAddress.getAllByName0(InetAddress.java:1532)
	at java.base/java.net.InetAddress.getAllByName(InetAddress.java:1384)
	at java.base/java.net.InetAddress.getAllByName(InetAddress.java:1305)
	at org.apache.kafka.clients.DefaultHostResolver.resolve(DefaultHostResolver.java:27)
	at org.apache.kafka.clients.ClientUtils.resolve(ClientUtils.java:124)
	at org.apache.kafka.clients.ClusterConnectionStates$NodeConnectionState.resolveAddresses(ClusterConnectionStates.java:536)
	at org.apache.kafka.clients.ClusterConnectionStates$NodeConnectionState.currentAddress(ClusterConnectionStates.java:511)
	at org.apache.kafka.clients.ClusterConnectionStates$NodeConnectionState.access$200(ClusterConnectionStates.java:466)
	at org.apache.kafka.clients.ClusterConnectionStates.currentAddress(ClusterConnectionStates.java:173)
	at org.apache.kafka.clients.NetworkClient.initiateConnect(NetworkClient.java:1070)
	at org.apache.kafka.clients.NetworkClient.ready(NetworkClient.java:320)
	at org.apache.kafka.clients.consumer.internals.ConsumerNetworkClient.trySend(ConsumerNetworkClient.java:514)
	at org.apache.kafka.clients.consumer.internals.ConsumerNetworkClient.poll(ConsumerNetworkClient.java:271)
	at org.apache.kafka.clients.consumer.internals.ConsumerNetworkClient.poll(ConsumerNetworkClient.java:231)
	at org.apache.kafka.clients.consumer.internals.ConsumerNetworkClient.poll(ConsumerNetworkClient.java:215)
	at org.apache.kafka.clients.consumer.internals.AbstractCoordinator.joinGroupIfNeeded(AbstractCoordinator.java:480)
	at org.apache.kafka.clients.consumer.internals.AbstractCoordinator.ensureActiveGroup(AbstractCoordinator.java:414)
	at org.apache.kafka.clients.consumer.internals.ConsumerCoordinator.poll(ConsumerCoordinator.java:510)
	at org.apache.kafka.clients.consumer.internals.LegacyKafkaConsumer.updateAssignmentMetadataIfNeeded(LegacyKafkaConsumer.java:652)
	at org.apache.kafka.clients.consumer.internals.LegacyKafkaConsumer.poll(LegacyKafkaConsumer.java:611)
	at org.apache.kafka.clients.consumer.internals.LegacyKafkaConsumer.poll(LegacyKafkaConsumer.java:591)
	at org.apache.kafka.clients.consumer.KafkaConsumer.poll(KafkaConsumer.java:874)
	at org.springframework.kafka.listener.KafkaMessageListenerContainer$ListenerConsumer.pollConsumer(KafkaMessageListenerContainer.java:1692)
	at org.springframework.kafka.listener.KafkaMessageListenerContainer$ListenerConsumer.doPoll(KafkaMessageListenerContainer.java:1667)
	at org.springframework.kafka.listener.KafkaMessageListenerContainer$ListenerConsumer.pollAndInvoke(KafkaMessageListenerContainer.java:1445)
	at org.springframework.kafka.listener.KafkaMessageListenerContainer$ListenerConsumer.run(KafkaMessageListenerContainer.java:1335)
	at java.base/java.util.concurrent.CompletableFuture$AsyncRun.run(CompletableFuture.java:1804)
	at java.base/java.lang.Thread.run(Thread.java:842)
2025-04-22 23:02:10-511 [org.springframework.kafka.KafkaListenerEndpointContainer#0-0-C-1] INFO  o.a.k.c.c.i.ConsumerCoordinator - [Consumer clientId=consumer-user_group-1, groupId=user_group] Group coordinator kafka:9092 (id: 2147482646 rack: null) is unavailable or invalid due to cause: coordinator unavailable. isDisconnected: true. Rediscovery will be attempted. 
2025-04-22 23:02:10-511 [org.springframework.kafka.KafkaListenerEndpointContainer#0-0-C-1] INFO  o.a.k.c.c.i.ConsumerCoordinator - [Consumer clientId=consumer-user_group-1, groupId=user_group] Resetting generation and member id due to: consumer pro-actively leaving the group 
2025-04-22 23:02:10-511 [org.springframework.kafka.KafkaListenerEndpointContainer#0-0-C-1] INFO  o.a.k.c.c.i.ConsumerCoordinator - [Consumer clientId=consumer-user_group-1, groupId=user_group] Request joining group due to: consumer pro-actively leaving the group 
2025-04-22 23:02:10-511 [org.springframework.kafka.KafkaListenerEndpointContainer#0-0-C-1] INFO  o.a.k.c.c.i.LegacyKafkaConsumer - [Consumer clientId=consumer-user_group-1, groupId=user_group] Unsubscribed all topics or patterns and assigned partitions 
2025-04-22 23:02:10-513 [org.springframework.kafka.KafkaListenerEndpointContainer#0-0-C-1] INFO  o.a.k.c.c.i.ConsumerCoordinator - [Consumer clientId=consumer-user_group-1, groupId=user_group] Resetting generation and member id due to: consumer pro-actively leaving the group 
2025-04-22 23:02:10-513 [org.springframework.kafka.KafkaListenerEndpointContainer#0-0-C-1] INFO  o.a.k.c.c.i.ConsumerCoordinator - [Consumer clientId=consumer-user_group-1, groupId=user_group] Request joining group due to: consumer pro-actively leaving the group 
2025-04-22 23:02:10-522 [org.springframework.kafka.KafkaListenerEndpointContainer#0-0-C-1] INFO  o.a.kafka.common.metrics.Metrics - Metrics scheduler closed 
2025-04-22 23:02:10-522 [org.springframework.kafka.KafkaListenerEndpointContainer#0-0-C-1] INFO  o.a.kafka.common.metrics.Metrics - Closing reporter org.apache.kafka.common.metrics.JmxReporter 
2025-04-22 23:02:10-522 [org.springframework.kafka.KafkaListenerEndpointContainer#0-0-C-1] INFO  o.a.kafka.common.metrics.Metrics - Closing reporter org.apache.kafka.common.telemetry.internals.ClientTelemetryReporter 
2025-04-22 23:02:10-522 [org.springframework.kafka.KafkaListenerEndpointContainer#0-0-C-1] INFO  o.a.kafka.common.metrics.Metrics - Metrics reporters closed 
2025-04-22 23:02:10-532 [org.springframework.kafka.KafkaListenerEndpointContainer#0-0-C-1] INFO  o.a.kafka.common.utils.AppInfoParser - App info kafka.consumer for consumer-user_group-1 unregistered 
2025-04-22 23:02:10-533 [org.springframework.kafka.KafkaListenerEndpointContainer#0-0-C-1] INFO  o.s.k.l.KafkaMessageListenerContainer - user_group: Consumer stopped 
2025-04-22 23:02:12-657 [SpringApplicationShutdownHook] INFO  c.netflix.discovery.DiscoveryClient - Shutting down DiscoveryClient ... 
2025-04-22 23:02:15-672 [SpringApplicationShutdownHook] INFO  c.netflix.discovery.DiscoveryClient - Unregistering ... 
2025-04-22 23:02:15-692 [SpringApplicationShutdownHook] INFO  c.netflix.discovery.DiscoveryClient - DiscoveryClient_USERS-SERVICE-API/users-service-api:9191 - deregister  status: 200 
2025-04-22 23:02:15-693 [SpringApplicationShutdownHook] INFO  c.netflix.discovery.DiscoveryClient - Completed shut down of DiscoveryClient 
2025-04-22 23:31:10-201 [main] INFO  o.s.t.c.s.AnnotationConfigContextLoaderUtils - Could not detect default configuration classes for test class [com.yanki.users.service.api.service.UserServiceImplTest]: UserServiceImplTest does not declare any static, non-private, non-final, nested classes annotated with @Configuration. 
2025-04-22 23:31:10-549 [main] INFO  o.s.b.t.c.SpringBootTestContextBootstrapper - Found @SpringBootConfiguration com.yanki.users.service.api.UsersServiceApiApplication for test class com.yanki.users.service.api.service.UserServiceImplTest 
2025-04-22 23:31:13-343 [main] INFO  c.y.u.s.a.s.UserServiceImplTest - Starting UserServiceImplTest using Java 17.0.12 with PID 4372 (started by mgarcsar in C:\Users\mgarcsar\Documents\Bootcamp\etregables\Yanki\users-service-api) 
2025-04-22 23:31:13-345 [main] INFO  c.y.u.s.a.s.UserServiceImplTest - The following 1 profile is active: "local" 
2025-04-22 23:31:13-395 [main] INFO  o.s.c.c.c.ConfigServerConfigDataLoader - Fetching config from server at : http://config-server-bc:8888 
2025-04-22 23:31:13-396 [main] INFO  o.s.c.c.c.ConfigServerConfigDataLoader - Exception on Url - http://config-server-bc:8888:org.springframework.web.client.ResourceAccessException: I/O error on GET request for "http://config-server-bc:8888/users-service-api/default": config-server-bc. Will be trying the next url if available 
2025-04-22 23:31:13-396 [main] WARN  o.s.c.c.c.ConfigServerConfigDataLoader - Could not locate PropertySource ([ConfigServerConfigDataResource@499ef98e uris = array<String>['http://config-server-bc:8888'], optional = true, profiles = 'default']): I/O error on GET request for "http://config-server-bc:8888/users-service-api/default": config-server-bc 
2025-04-22 23:31:13-396 [main] INFO  o.s.c.c.c.ConfigServerConfigDataLoader - Fetching config from server at : http://config-server-bc:8888 
2025-04-22 23:31:13-396 [main] INFO  o.s.c.c.c.ConfigServerConfigDataLoader - Exception on Url - http://config-server-bc:8888:org.springframework.web.client.ResourceAccessException: I/O error on GET request for "http://config-server-bc:8888/users-service-api/local": config-server-bc. Will be trying the next url if available 
2025-04-22 23:31:13-396 [main] WARN  o.s.c.c.c.ConfigServerConfigDataLoader - Could not locate PropertySource ([ConfigServerConfigDataResource@1a87b51 uris = array<String>['http://config-server-bc:8888'], optional = true, profiles = 'local']): I/O error on GET request for "http://config-server-bc:8888/users-service-api/local": config-server-bc 
2025-04-22 23:31:13-396 [main] INFO  o.s.c.c.c.ConfigServerConfigDataLoader - Fetching config from server at : http://config-server-bc:8888 
2025-04-22 23:31:13-396 [main] INFO  o.s.c.c.c.ConfigServerConfigDataLoader - Exception on Url - http://config-server-bc:8888:org.springframework.web.client.ResourceAccessException: I/O error on GET request for "http://config-server-bc:8888/users-service-api/default": config-server-bc. Will be trying the next url if available 
2025-04-22 23:31:13-396 [main] WARN  o.s.c.c.c.ConfigServerConfigDataLoader - Could not locate PropertySource ([ConfigServerConfigDataResource@12968227 uris = array<String>['http://config-server-bc:8888'], optional = true, profiles = 'default']): I/O error on GET request for "http://config-server-bc:8888/users-service-api/default": config-server-bc 
2025-04-22 23:31:14-806 [main] INFO  o.s.d.r.c.RepositoryConfigurationDelegate - Bootstrapping Spring Data Reactive MongoDB repositories in DEFAULT mode. 
2025-04-22 23:31:15-142 [main] INFO  o.s.d.r.c.RepositoryConfigurationDelegate - Finished Spring Data repository scanning in 329 ms. Found 1 Reactive MongoDB repository interface. 
2025-04-22 23:31:15-512 [main] INFO  o.s.cloud.context.scope.GenericScope - BeanFactory id=611ef13d-e9cf-37e3-9654-11dd09564ea1 
2025-04-22 23:31:16-338 [main] INFO  org.mongodb.driver.client - MongoClient with metadata {"driver": {"name": "mongo-java-driver|reactive-streams|spring-boot", "version": "5.2.1"}, "os": {"type": "Windows", "name": "Windows 10", "architecture": "amd64", "version": "10.0"}, "platform": "Java/Oracle Corporation/17.0.12+8-LTS-286"} created with settings MongoClientSettings{readPreference=primary, writeConcern=WriteConcern{w=null, wTimeout=null ms, journal=null}, retryWrites=true, retryReads=true, readConcern=ReadConcern{level=null}, credential=null, transportSettings=NettyTransportSettings{eventLoopGroup=io.netty.channel.nio.NioEventLoopGroup@69372c1e, socketChannelClass=null, allocator=null, sslContext=null}, commandListeners=[io.micrometer.core.instrument.binder.mongodb.MongoMetricsCommandListener@24842b8e], codecRegistry=ProvidersCodecRegistry{codecProviders=[ValueCodecProvider{}, BsonValueCodecProvider{}, DBRefCodecProvider{}, DBObjectCodecProvider{}, DocumentCodecProvider{}, CollectionCodecProvider{}, IterableCodecProvider{}, MapCodecProvider{}, GeoJsonCodecProvider{}, GridFSFileCodecProvider{}, Jsr310CodecProvider{}, JsonObjectCodecProvider{}, BsonCodecProvider{}, EnumCodecProvider{}, com.mongodb.client.model.mql.ExpressionCodecProvider@146add7b, com.mongodb.Jep395RecordCodecProvider@22368ddc, com.mongodb.KotlinCodecProvider@72b10258]}, loggerSettings=LoggerSettings{maxDocumentLength=1000}, clusterSettings={hosts=[localhost:27017], srvServiceName=mongodb, mode=SINGLE, requiredClusterType=UNKNOWN, requiredReplicaSetName='null', serverSelector='null', clusterListeners='[]', serverSelectionTimeout='30000 ms', localThreshold='15 ms'}, socketSettings=SocketSettings{connectTimeoutMS=10000, readTimeoutMS=0, receiveBufferSize=0, proxySettings=ProxySettings{host=null, port=null, username=null, password=null}}, heartbeatSocketSettings=SocketSettings{connectTimeoutMS=10000, readTimeoutMS=10000, receiveBufferSize=0, proxySettings=ProxySettings{host=null, port=null, username=null, password=null}}, connectionPoolSettings=ConnectionPoolSettings{maxSize=100, minSize=0, maxWaitTimeMS=120000, maxConnectionLifeTimeMS=0, maxConnectionIdleTimeMS=0, maintenanceInitialDelayMS=0, maintenanceFrequencyMS=60000, connectionPoolListeners=[io.micrometer.core.instrument.binder.mongodb.MongoMetricsConnectionPoolListener@77ec9fdb], maxConnecting=2}, serverSettings=ServerSettings{heartbeatFrequencyMS=10000, minHeartbeatFrequencyMS=500, serverMonitoringMode=AUTO, serverListeners='[]', serverMonitorListeners='[]'}, sslSettings=SslSettings{enabled=false, invalidHostNameAllowed=false, context=null}, applicationName='null', compressorList=[], uuidRepresentation=JAVA_LEGACY, serverApi=null, autoEncryptionSettings=null, dnsClient=null, inetAddressResolver=null, contextProvider=null, timeoutMS=null} 
2025-04-22 23:31:16-512 [cluster-ClusterId{value='68086d14075dd8289fd16175', description='null'}-localhost:27017] INFO  org.mongodb.driver.cluster - Monitor thread successfully connected to server with description ServerDescription{address=localhost:27017, type=STANDALONE, cryptd=false, state=CONNECTED, ok=true, minWireVersion=0, maxWireVersion=25, maxDocumentSize=16777216, logicalSessionTimeoutMinutes=30, roundTripTimeNanos=77363100, minRoundTripTimeNanos=0} 
2025-04-22 23:31:17-478 [main] INFO  o.s.v.b.OptionalValidatorFactoryBean - Failed to set up a Bean Validation provider: jakarta.validation.NoProviderFoundException: Unable to create a Configuration, because no Jakarta Bean Validation provider could be found. Add a provider like Hibernate Validator (RI) to your classpath. 
2025-04-22 23:31:19-207 [main] INFO  o.s.b.a.e.web.EndpointLinksResolver - Exposing 2 endpoints beneath base path '/actuator' 
2025-04-22 23:31:19-923 [main] INFO  o.s.c.n.e.c.DiscoveryClientOptionalArgsConfiguration - Eureka HTTP Client uses RestTemplate. 
2025-04-22 23:31:19-994 [main] WARN  o.s.c.l.c.LoadBalancerCacheAutoConfiguration$LoadBalancerCaffeineWarnLogger - Spring Cloud LoadBalancer is currently working with the default cache. While this cache implementation is useful for development and tests, it's recommended to use Caffeine cache in production.You can switch to using Caffeine cache, by adding it and org.springframework.cache.caffeine.CaffeineCacheManager to the classpath. 
2025-04-22 23:31:20-121 [main] INFO  o.s.c.n.eureka.InstanceInfoFactory - Setting initial instance status as: STARTING 
2025-04-22 23:31:20-166 [main] INFO  c.netflix.discovery.DiscoveryClient - Initializing Eureka in region us-east-1 
2025-04-22 23:31:20-172 [main] INFO  c.n.d.s.r.aws.ConfigClusterResolver - Resolving eureka endpoints via configuration 
2025-04-22 23:31:20-183 [main] INFO  c.netflix.discovery.DiscoveryClient - Disable delta property : false 
2025-04-22 23:31:20-183 [main] INFO  c.netflix.discovery.DiscoveryClient - Single vip registry refresh property : null 
2025-04-22 23:31:20-183 [main] INFO  c.netflix.discovery.DiscoveryClient - Force full registry fetch : false 
2025-04-22 23:31:20-183 [main] INFO  c.netflix.discovery.DiscoveryClient - Application is null : false 
2025-04-22 23:31:20-183 [main] INFO  c.netflix.discovery.DiscoveryClient - Registered Applications size is zero : true 
2025-04-22 23:31:20-183 [main] INFO  c.netflix.discovery.DiscoveryClient - Application version is -1: true 
2025-04-22 23:31:20-184 [main] INFO  c.netflix.discovery.DiscoveryClient - Getting all instance registry info from the eureka server 
2025-04-22 23:31:20-576 [main] INFO  c.netflix.discovery.DiscoveryClient - The response status is 200 
2025-04-22 23:31:20-579 [main] INFO  c.netflix.discovery.DiscoveryClient - Starting heartbeat executor: renew interval is: 30 
2025-04-22 23:31:20-581 [main] INFO  c.n.discovery.InstanceInfoReplicator - InstanceInfoReplicator onDemand update allowed rate per min is 4 
2025-04-22 23:31:20-584 [main] INFO  c.netflix.discovery.DiscoveryClient - Discovery Client initialized at timestamp 1745382680583 with initial instances count: 5 
2025-04-22 23:31:20-588 [main] INFO  o.s.c.n.e.s.EurekaServiceRegistry - Registering application USERS-SERVICE-API with eureka with status UP 
2025-04-22 23:31:20-588 [main] INFO  c.netflix.discovery.DiscoveryClient - Saw local status change event StatusChangeEvent [timestamp=1745382680588, current=UP, previous=STARTING] 
2025-04-22 23:31:20-590 [DiscoveryClient-InstanceInfoReplicator-%d] INFO  c.netflix.discovery.DiscoveryClient - DiscoveryClient_USERS-SERVICE-API/users-service-api:9191: registering service... 
2025-04-22 23:31:20-634 [DiscoveryClient-InstanceInfoReplicator-%d] INFO  c.netflix.discovery.DiscoveryClient - DiscoveryClient_USERS-SERVICE-API/users-service-api:9191 - registration status: 204 
2025-04-22 23:31:20-649 [main] INFO  o.a.k.c.consumer.ConsumerConfig - ConsumerConfig values: 
	allow.auto.create.topics = true
	auto.commit.interval.ms = 5000
	auto.include.jmx.reporter = true
	auto.offset.reset = latest
	bootstrap.servers = [localhost:9092]
	check.crcs = true
	client.dns.lookup = use_all_dns_ips
	client.id = consumer-user_group-1
	client.rack = 
	connections.max.idle.ms = 540000
	default.api.timeout.ms = 60000
	enable.auto.commit = false
	enable.metrics.push = true
	exclude.internal.topics = true
	fetch.max.bytes = 52428800
	fetch.max.wait.ms = 500
	fetch.min.bytes = 1
	group.id = user_group
	group.instance.id = null
	group.protocol = classic
	group.remote.assignor = null
	heartbeat.interval.ms = 3000
	interceptor.classes = []
	internal.leave.group.on.close = true
	internal.throw.on.fetch.stable.offset.unsupported = false
	isolation.level = read_uncommitted
	key.deserializer = class org.apache.kafka.common.serialization.StringDeserializer
	max.partition.fetch.bytes = 1048576
	max.poll.interval.ms = 300000
	max.poll.records = 500
	metadata.max.age.ms = 300000
	metadata.recovery.strategy = none
	metric.reporters = []
	metrics.num.samples = 2
	metrics.recording.level = INFO
	metrics.sample.window.ms = 30000
	partition.assignment.strategy = [class org.apache.kafka.clients.consumer.RangeAssignor, class org.apache.kafka.clients.consumer.CooperativeStickyAssignor]
	receive.buffer.bytes = 65536
	reconnect.backoff.max.ms = 1000
	reconnect.backoff.ms = 50
	request.timeout.ms = 30000
	retry.backoff.max.ms = 1000
	retry.backoff.ms = 100
	sasl.client.callback.handler.class = null
	sasl.jaas.config = null
	sasl.kerberos.kinit.cmd = /usr/bin/kinit
	sasl.kerberos.min.time.before.relogin = 60000
	sasl.kerberos.service.name = null
	sasl.kerberos.ticket.renew.jitter = 0.05
	sasl.kerberos.ticket.renew.window.factor = 0.8
	sasl.login.callback.handler.class = null
	sasl.login.class = null
	sasl.login.connect.timeout.ms = null
	sasl.login.read.timeout.ms = null
	sasl.login.refresh.buffer.seconds = 300
	sasl.login.refresh.min.period.seconds = 60
	sasl.login.refresh.window.factor = 0.8
	sasl.login.refresh.window.jitter = 0.05
	sasl.login.retry.backoff.max.ms = 10000
	sasl.login.retry.backoff.ms = 100
	sasl.mechanism = GSSAPI
	sasl.oauthbearer.clock.skew.seconds = 30
	sasl.oauthbearer.expected.audience = null
	sasl.oauthbearer.expected.issuer = null
	sasl.oauthbearer.jwks.endpoint.refresh.ms = 3600000
	sasl.oauthbearer.jwks.endpoint.retry.backoff.max.ms = 10000
	sasl.oauthbearer.jwks.endpoint.retry.backoff.ms = 100
	sasl.oauthbearer.jwks.endpoint.url = null
	sasl.oauthbearer.scope.claim.name = scope
	sasl.oauthbearer.sub.claim.name = sub
	sasl.oauthbearer.token.endpoint.url = null
	security.protocol = PLAINTEXT
	security.providers = null
	send.buffer.bytes = 131072
	session.timeout.ms = 45000
	socket.connection.setup.timeout.max.ms = 30000
	socket.connection.setup.timeout.ms = 10000
	ssl.cipher.suites = null
	ssl.enabled.protocols = [TLSv1.2, TLSv1.3]
	ssl.endpoint.identification.algorithm = https
	ssl.engine.factory.class = null
	ssl.key.password = null
	ssl.keymanager.algorithm = SunX509
	ssl.keystore.certificate.chain = null
	ssl.keystore.key = null
	ssl.keystore.location = null
	ssl.keystore.password = null
	ssl.keystore.type = JKS
	ssl.protocol = TLSv1.3
	ssl.provider = null
	ssl.secure.random.implementation = null
	ssl.trustmanager.algorithm = PKIX
	ssl.truststore.certificates = null
	ssl.truststore.location = null
	ssl.truststore.password = null
	ssl.truststore.type = JKS
	value.deserializer = class org.apache.kafka.common.serialization.StringDeserializer
 
2025-04-22 23:31:20-741 [main] INFO  o.a.k.c.t.i.KafkaMetricsCollector - initializing Kafka metrics collector 
2025-04-22 23:31:20-849 [main] INFO  o.a.kafka.common.utils.AppInfoParser - Kafka version: 3.8.1 
2025-04-22 23:31:20-849 [main] INFO  o.a.kafka.common.utils.AppInfoParser - Kafka commitId: 70d6ff42debf7e17 
2025-04-22 23:31:20-849 [main] INFO  o.a.kafka.common.utils.AppInfoParser - Kafka startTimeMs: 1745382680847 
2025-04-22 23:31:20-862 [main] INFO  o.a.k.c.c.i.LegacyKafkaConsumer - [Consumer clientId=consumer-user_group-1, groupId=user_group] Subscribed to topic(s): yanki-user 
2025-04-22 23:31:20-895 [main] INFO  c.y.u.s.a.s.UserServiceImplTest - Started UserServiceImplTest in 9.837 seconds (process running for 12.675) 
2025-04-22 23:31:21-323 [org.springframework.kafka.KafkaListenerEndpointContainer#0-0-C-1] INFO  org.apache.kafka.clients.Metadata - [Consumer clientId=consumer-user_group-1, groupId=user_group] Cluster ID: R1XLCkdBR4O4KzE_70uX4A 
2025-04-22 23:31:21-323 [org.springframework.kafka.KafkaListenerEndpointContainer#0-0-C-1] INFO  o.a.k.c.c.i.ConsumerCoordinator - [Consumer clientId=consumer-user_group-1, groupId=user_group] Discovered group coordinator kafka:9092 (id: 2147482646 rack: null) 
2025-04-22 23:31:21-740 [main] INFO  c.y.u.s.api.service.UserServiceImpl - Subscribed to yanki user request 
2025-04-22 23:31:21-740 [main] INFO  c.y.u.s.api.service.UserServiceImpl - Subscribed to yanki user response 
2025-04-22 23:31:21-944 [SpringApplicationShutdownHook] INFO  o.s.c.n.e.s.EurekaServiceRegistry - Unregistering application USERS-SERVICE-API with eureka with status DOWN 
2025-04-22 23:31:21-945 [SpringApplicationShutdownHook] INFO  c.netflix.discovery.DiscoveryClient - Saw local status change event StatusChangeEvent [timestamp=1745382681945, current=DOWN, previous=UP] 
2025-04-22 23:31:21-946 [DiscoveryClient-InstanceInfoReplicator-%d] INFO  c.netflix.discovery.DiscoveryClient - DiscoveryClient_USERS-SERVICE-API/users-service-api:9191: registering service... 
2025-04-22 23:31:21-953 [DiscoveryClient-InstanceInfoReplicator-%d] INFO  c.netflix.discovery.DiscoveryClient - DiscoveryClient_USERS-SERVICE-API/users-service-api:9191 - registration status: 204 
2025-04-22 23:31:23-626 [org.springframework.kafka.KafkaListenerEndpointContainer#0-0-C-1] WARN  o.apache.kafka.clients.NetworkClient - [Consumer clientId=consumer-user_group-1, groupId=user_group] Error connecting to node kafka:9092 (id: 2147482646 rack: null) 
java.net.UnknownHostException: Host desconocido (kafka)
	at java.base/java.net.Inet6AddressImpl.lookupAllHostAddr(Native Method)
	at java.base/java.net.InetAddress$PlatformNameService.lookupAllHostAddr(InetAddress.java:933)
	at java.base/java.net.InetAddress.getAddressesFromNameService(InetAddress.java:1543)
	at java.base/java.net.InetAddress$NameServiceAddresses.get(InetAddress.java:852)
	at java.base/java.net.InetAddress.getAllByName0(InetAddress.java:1532)
	at java.base/java.net.InetAddress.getAllByName(InetAddress.java:1384)
	at java.base/java.net.InetAddress.getAllByName(InetAddress.java:1305)
	at org.apache.kafka.clients.DefaultHostResolver.resolve(DefaultHostResolver.java:27)
	at org.apache.kafka.clients.ClientUtils.resolve(ClientUtils.java:124)
	at org.apache.kafka.clients.ClusterConnectionStates$NodeConnectionState.resolveAddresses(ClusterConnectionStates.java:536)
	at org.apache.kafka.clients.ClusterConnectionStates$NodeConnectionState.currentAddress(ClusterConnectionStates.java:511)
	at org.apache.kafka.clients.ClusterConnectionStates$NodeConnectionState.access$200(ClusterConnectionStates.java:466)
	at org.apache.kafka.clients.ClusterConnectionStates.currentAddress(ClusterConnectionStates.java:173)
	at org.apache.kafka.clients.NetworkClient.initiateConnect(NetworkClient.java:1070)
	at org.apache.kafka.clients.NetworkClient.ready(NetworkClient.java:320)
	at org.apache.kafka.clients.NetworkClientUtils.tryConnect(NetworkClientUtils.java:141)
	at org.apache.kafka.clients.consumer.internals.ConsumerNetworkClient.tryConnect(ConsumerNetworkClient.java:589)
	at org.apache.kafka.clients.consumer.internals.AbstractCoordinator$FindCoordinatorResponseHandler.onSuccess(AbstractCoordinator.java:937)
	at org.apache.kafka.clients.consumer.internals.AbstractCoordinator$FindCoordinatorResponseHandler.onSuccess(AbstractCoordinator.java:913)
	at org.apache.kafka.clients.consumer.internals.RequestFuture$1.onSuccess(RequestFuture.java:206)
	at org.apache.kafka.clients.consumer.internals.RequestFuture.fireSuccess(RequestFuture.java:169)
	at org.apache.kafka.clients.consumer.internals.RequestFuture.complete(RequestFuture.java:129)
	at org.apache.kafka.clients.consumer.internals.ConsumerNetworkClient$RequestFutureCompletionHandler.fireCompletion(ConsumerNetworkClient.java:616)
	at org.apache.kafka.clients.consumer.internals.ConsumerNetworkClient.firePendingCompletedRequests(ConsumerNetworkClient.java:428)
	at org.apache.kafka.clients.consumer.internals.ConsumerNetworkClient.poll(ConsumerNetworkClient.java:313)
	at org.apache.kafka.clients.consumer.internals.ConsumerNetworkClient.poll(ConsumerNetworkClient.java:231)
	at org.apache.kafka.clients.consumer.internals.AbstractCoordinator.ensureCoordinatorReady(AbstractCoordinator.java:289)
	at org.apache.kafka.clients.consumer.internals.AbstractCoordinator.ensureCoordinatorReady(AbstractCoordinator.java:263)
	at org.apache.kafka.clients.consumer.internals.ConsumerCoordinator.coordinatorUnknownAndUnreadySync(ConsumerCoordinator.java:450)
	at org.apache.kafka.clients.consumer.internals.ConsumerCoordinator.poll(ConsumerCoordinator.java:482)
	at org.apache.kafka.clients.consumer.internals.LegacyKafkaConsumer.updateAssignmentMetadataIfNeeded(LegacyKafkaConsumer.java:652)
	at org.apache.kafka.clients.consumer.internals.LegacyKafkaConsumer.poll(LegacyKafkaConsumer.java:611)
	at org.apache.kafka.clients.consumer.internals.LegacyKafkaConsumer.poll(LegacyKafkaConsumer.java:591)
	at org.apache.kafka.clients.consumer.KafkaConsumer.poll(KafkaConsumer.java:874)
	at org.springframework.kafka.listener.KafkaMessageListenerContainer$ListenerConsumer.pollConsumer(KafkaMessageListenerContainer.java:1692)
	at org.springframework.kafka.listener.KafkaMessageListenerContainer$ListenerConsumer.doPoll(KafkaMessageListenerContainer.java:1667)
	at org.springframework.kafka.listener.KafkaMessageListenerContainer$ListenerConsumer.pollAndInvoke(KafkaMessageListenerContainer.java:1445)
	at org.springframework.kafka.listener.KafkaMessageListenerContainer$ListenerConsumer.run(KafkaMessageListenerContainer.java:1335)
	at java.base/java.util.concurrent.CompletableFuture$AsyncRun.run$$$capture(CompletableFuture.java:1804)
	at java.base/java.util.concurrent.CompletableFuture$AsyncRun.run(CompletableFuture.java)
	at java.base/java.lang.Thread.run(Thread.java:842)
2025-04-22 23:31:23-631 [org.springframework.kafka.KafkaListenerEndpointContainer#0-0-C-1] INFO  o.a.k.c.c.i.ConsumerCoordinator - [Consumer clientId=consumer-user_group-1, groupId=user_group] (Re-)joining group 
2025-04-22 23:31:23-638 [org.springframework.kafka.KafkaListenerEndpointContainer#0-0-C-1] WARN  o.apache.kafka.clients.NetworkClient - [Consumer clientId=consumer-user_group-1, groupId=user_group] Error connecting to node kafka:9092 (id: 2147482646 rack: null) 
java.net.UnknownHostException: kafka
	at java.base/java.net.InetAddress$CachedAddresses.get(InetAddress.java:801)
	at java.base/java.net.InetAddress.getAllByName0(InetAddress.java:1532)
	at java.base/java.net.InetAddress.getAllByName(InetAddress.java:1384)
	at java.base/java.net.InetAddress.getAllByName(InetAddress.java:1305)
	at org.apache.kafka.clients.DefaultHostResolver.resolve(DefaultHostResolver.java:27)
	at org.apache.kafka.clients.ClientUtils.resolve(ClientUtils.java:124)
	at org.apache.kafka.clients.ClusterConnectionStates$NodeConnectionState.resolveAddresses(ClusterConnectionStates.java:536)
	at org.apache.kafka.clients.ClusterConnectionStates$NodeConnectionState.currentAddress(ClusterConnectionStates.java:511)
	at org.apache.kafka.clients.ClusterConnectionStates$NodeConnectionState.access$200(ClusterConnectionStates.java:466)
	at org.apache.kafka.clients.ClusterConnectionStates.currentAddress(ClusterConnectionStates.java:173)
	at org.apache.kafka.clients.NetworkClient.initiateConnect(NetworkClient.java:1070)
	at org.apache.kafka.clients.NetworkClient.ready(NetworkClient.java:320)
	at org.apache.kafka.clients.consumer.internals.ConsumerNetworkClient.trySend(ConsumerNetworkClient.java:514)
	at org.apache.kafka.clients.consumer.internals.ConsumerNetworkClient.poll(ConsumerNetworkClient.java:271)
	at org.apache.kafka.clients.consumer.internals.ConsumerNetworkClient.poll(ConsumerNetworkClient.java:231)
	at org.apache.kafka.clients.consumer.internals.ConsumerNetworkClient.poll(ConsumerNetworkClient.java:215)
	at org.apache.kafka.clients.consumer.internals.AbstractCoordinator.joinGroupIfNeeded(AbstractCoordinator.java:480)
	at org.apache.kafka.clients.consumer.internals.AbstractCoordinator.ensureActiveGroup(AbstractCoordinator.java:414)
	at org.apache.kafka.clients.consumer.internals.ConsumerCoordinator.poll(ConsumerCoordinator.java:510)
	at org.apache.kafka.clients.consumer.internals.LegacyKafkaConsumer.updateAssignmentMetadataIfNeeded(LegacyKafkaConsumer.java:652)
	at org.apache.kafka.clients.consumer.internals.LegacyKafkaConsumer.poll(LegacyKafkaConsumer.java:611)
	at org.apache.kafka.clients.consumer.internals.LegacyKafkaConsumer.poll(LegacyKafkaConsumer.java:591)
	at org.apache.kafka.clients.consumer.KafkaConsumer.poll(KafkaConsumer.java:874)
	at org.springframework.kafka.listener.KafkaMessageListenerContainer$ListenerConsumer.pollConsumer(KafkaMessageListenerContainer.java:1692)
	at org.springframework.kafka.listener.KafkaMessageListenerContainer$ListenerConsumer.doPoll(KafkaMessageListenerContainer.java:1667)
	at org.springframework.kafka.listener.KafkaMessageListenerContainer$ListenerConsumer.pollAndInvoke(KafkaMessageListenerContainer.java:1445)
	at org.springframework.kafka.listener.KafkaMessageListenerContainer$ListenerConsumer.run(KafkaMessageListenerContainer.java:1335)
	at java.base/java.util.concurrent.CompletableFuture$AsyncRun.run$$$capture(CompletableFuture.java:1804)
	at java.base/java.util.concurrent.CompletableFuture$AsyncRun.run(CompletableFuture.java)
	at java.base/java.lang.Thread.run(Thread.java:842)
2025-04-22 23:31:23-640 [org.springframework.kafka.KafkaListenerEndpointContainer#0-0-C-1] INFO  o.a.k.c.c.i.ConsumerCoordinator - [Consumer clientId=consumer-user_group-1, groupId=user_group] Group coordinator kafka:9092 (id: 2147482646 rack: null) is unavailable or invalid due to cause: coordinator unavailable. isDisconnected: true. Rediscovery will be attempted. 
2025-04-22 23:31:23-640 [org.springframework.kafka.KafkaListenerEndpointContainer#0-0-C-1] INFO  o.a.k.c.c.i.ConsumerCoordinator - [Consumer clientId=consumer-user_group-1, groupId=user_group] Resetting generation and member id due to: consumer pro-actively leaving the group 
2025-04-22 23:31:23-640 [org.springframework.kafka.KafkaListenerEndpointContainer#0-0-C-1] INFO  o.a.k.c.c.i.ConsumerCoordinator - [Consumer clientId=consumer-user_group-1, groupId=user_group] Request joining group due to: consumer pro-actively leaving the group 
2025-04-22 23:31:23-640 [org.springframework.kafka.KafkaListenerEndpointContainer#0-0-C-1] INFO  o.a.k.c.c.i.LegacyKafkaConsumer - [Consumer clientId=consumer-user_group-1, groupId=user_group] Unsubscribed all topics or patterns and assigned partitions 
2025-04-22 23:31:23-642 [org.springframework.kafka.KafkaListenerEndpointContainer#0-0-C-1] INFO  o.a.k.c.c.i.ConsumerCoordinator - [Consumer clientId=consumer-user_group-1, groupId=user_group] Resetting generation and member id due to: consumer pro-actively leaving the group 
2025-04-22 23:31:23-642 [org.springframework.kafka.KafkaListenerEndpointContainer#0-0-C-1] INFO  o.a.k.c.c.i.ConsumerCoordinator - [Consumer clientId=consumer-user_group-1, groupId=user_group] Request joining group due to: consumer pro-actively leaving the group 
2025-04-22 23:31:23-647 [org.springframework.kafka.KafkaListenerEndpointContainer#0-0-C-1] INFO  o.a.kafka.common.metrics.Metrics - Metrics scheduler closed 
2025-04-22 23:31:23-647 [org.springframework.kafka.KafkaListenerEndpointContainer#0-0-C-1] INFO  o.a.kafka.common.metrics.Metrics - Closing reporter org.apache.kafka.common.metrics.JmxReporter 
2025-04-22 23:31:23-647 [org.springframework.kafka.KafkaListenerEndpointContainer#0-0-C-1] INFO  o.a.kafka.common.metrics.Metrics - Closing reporter org.apache.kafka.common.telemetry.internals.ClientTelemetryReporter 
2025-04-22 23:31:23-647 [org.springframework.kafka.KafkaListenerEndpointContainer#0-0-C-1] INFO  o.a.kafka.common.metrics.Metrics - Metrics reporters closed 
2025-04-22 23:31:23-653 [org.springframework.kafka.KafkaListenerEndpointContainer#0-0-C-1] INFO  o.a.kafka.common.utils.AppInfoParser - App info kafka.consumer for consumer-user_group-1 unregistered 
2025-04-22 23:31:23-654 [org.springframework.kafka.KafkaListenerEndpointContainer#0-0-C-1] INFO  o.s.k.l.KafkaMessageListenerContainer - user_group: Consumer stopped 
2025-04-22 23:31:25-736 [SpringApplicationShutdownHook] INFO  c.netflix.discovery.DiscoveryClient - Shutting down DiscoveryClient ... 
2025-04-22 23:31:28-753 [SpringApplicationShutdownHook] INFO  c.netflix.discovery.DiscoveryClient - Unregistering ... 
2025-04-22 23:31:28-772 [SpringApplicationShutdownHook] INFO  c.netflix.discovery.DiscoveryClient - DiscoveryClient_USERS-SERVICE-API/users-service-api:9191 - deregister  status: 200 
2025-04-22 23:31:28-772 [SpringApplicationShutdownHook] INFO  c.netflix.discovery.DiscoveryClient - Completed shut down of DiscoveryClient 
2025-04-22 23:33:20-777 [main] INFO  o.s.t.c.s.AnnotationConfigContextLoaderUtils - Could not detect default configuration classes for test class [com.yanki.users.service.api.service.UserServiceImplTest]: UserServiceImplTest does not declare any static, non-private, non-final, nested classes annotated with @Configuration. 
2025-04-22 23:33:20-966 [main] INFO  o.s.b.t.c.SpringBootTestContextBootstrapper - Found @SpringBootConfiguration com.yanki.users.service.api.UsersServiceApiApplication for test class com.yanki.users.service.api.service.UserServiceImplTest 
2025-04-22 23:33:23-364 [main] INFO  c.y.u.s.a.s.UserServiceImplTest - Starting UserServiceImplTest using Java 17.0.12 with PID 20900 (started by mgarcsar in C:\Users\mgarcsar\Documents\Bootcamp\etregables\Yanki\users-service-api) 
2025-04-22 23:33:23-366 [main] INFO  c.y.u.s.a.s.UserServiceImplTest - The following 1 profile is active: "dev" 
2025-04-22 23:33:23-402 [main] INFO  o.s.c.c.c.ConfigServerConfigDataLoader - Fetching config from server at : http://config-server-bc:8888 
2025-04-22 23:33:23-402 [main] INFO  o.s.c.c.c.ConfigServerConfigDataLoader - Exception on Url - http://config-server-bc:8888:org.springframework.web.client.ResourceAccessException: I/O error on GET request for "http://config-server-bc:8888/users-service-api/default": config-server-bc. Will be trying the next url if available 
2025-04-22 23:33:23-402 [main] WARN  o.s.c.c.c.ConfigServerConfigDataLoader - Could not locate PropertySource ([ConfigServerConfigDataResource@6c302a1d uris = array<String>['http://config-server-bc:8888'], optional = true, profiles = 'default']): I/O error on GET request for "http://config-server-bc:8888/users-service-api/default": config-server-bc 
2025-04-22 23:33:23-403 [main] INFO  o.s.c.c.c.ConfigServerConfigDataLoader - Fetching config from server at : http://config-server-bc:8888 
2025-04-22 23:33:23-403 [main] INFO  o.s.c.c.c.ConfigServerConfigDataLoader - Exception on Url - http://config-server-bc:8888:org.springframework.web.client.ResourceAccessException: I/O error on GET request for "http://config-server-bc:8888/users-service-api/dev": config-server-bc. Will be trying the next url if available 
2025-04-22 23:33:23-403 [main] WARN  o.s.c.c.c.ConfigServerConfigDataLoader - Could not locate PropertySource ([ConfigServerConfigDataResource@58496c97 uris = array<String>['http://config-server-bc:8888'], optional = true, profiles = 'dev']): I/O error on GET request for "http://config-server-bc:8888/users-service-api/dev": config-server-bc 
2025-04-22 23:33:23-403 [main] INFO  o.s.c.c.c.ConfigServerConfigDataLoader - Fetching config from server at : http://config-server-bc:8888 
2025-04-22 23:33:23-403 [main] INFO  o.s.c.c.c.ConfigServerConfigDataLoader - Exception on Url - http://config-server-bc:8888:org.springframework.web.client.ResourceAccessException: I/O error on GET request for "http://config-server-bc:8888/users-service-api/default": config-server-bc. Will be trying the next url if available 
2025-04-22 23:33:23-403 [main] WARN  o.s.c.c.c.ConfigServerConfigDataLoader - Could not locate PropertySource ([ConfigServerConfigDataResource@ad3324b uris = array<String>['http://config-server-bc:8888'], optional = true, profiles = 'default']): I/O error on GET request for "http://config-server-bc:8888/users-service-api/default": config-server-bc 
2025-04-22 23:33:24-516 [main] INFO  o.s.d.r.c.RepositoryConfigurationDelegate - Bootstrapping Spring Data Reactive MongoDB repositories in DEFAULT mode. 
2025-04-22 23:33:24-766 [main] INFO  o.s.d.r.c.RepositoryConfigurationDelegate - Finished Spring Data repository scanning in 243 ms. Found 1 Reactive MongoDB repository interface. 
2025-04-22 23:33:25-125 [main] INFO  o.s.cloud.context.scope.GenericScope - BeanFactory id=611ef13d-e9cf-37e3-9654-11dd09564ea1 
2025-04-22 23:33:25-766 [main] INFO  org.mongodb.driver.client - MongoClient with metadata {"driver": {"name": "mongo-java-driver|reactive-streams|spring-boot", "version": "5.2.1"}, "os": {"type": "Windows", "name": "Windows 10", "architecture": "amd64", "version": "10.0"}, "platform": "Java/Oracle Corporation/17.0.12+8-LTS-286"} created with settings MongoClientSettings{readPreference=primary, writeConcern=WriteConcern{w=null, wTimeout=null ms, journal=null}, retryWrites=true, retryReads=true, readConcern=ReadConcern{level=null}, credential=null, transportSettings=NettyTransportSettings{eventLoopGroup=io.netty.channel.nio.NioEventLoopGroup@77ec9fdb, socketChannelClass=null, allocator=null, sslContext=null}, commandListeners=[io.micrometer.core.instrument.binder.mongodb.MongoMetricsCommandListener@35af1558], codecRegistry=ProvidersCodecRegistry{codecProviders=[ValueCodecProvider{}, BsonValueCodecProvider{}, DBRefCodecProvider{}, DBObjectCodecProvider{}, DocumentCodecProvider{}, CollectionCodecProvider{}, IterableCodecProvider{}, MapCodecProvider{}, GeoJsonCodecProvider{}, GridFSFileCodecProvider{}, Jsr310CodecProvider{}, JsonObjectCodecProvider{}, BsonCodecProvider{}, EnumCodecProvider{}, com.mongodb.client.model.mql.ExpressionCodecProvider@2361365c, com.mongodb.Jep395RecordCodecProvider@59b853aa, com.mongodb.KotlinCodecProvider@4ab90d01]}, loggerSettings=LoggerSettings{maxDocumentLength=1000}, clusterSettings={hosts=[localhost:27017], srvServiceName=mongodb, mode=SINGLE, requiredClusterType=UNKNOWN, requiredReplicaSetName='null', serverSelector='null', clusterListeners='[]', serverSelectionTimeout='30000 ms', localThreshold='15 ms'}, socketSettings=SocketSettings{connectTimeoutMS=10000, readTimeoutMS=0, receiveBufferSize=0, proxySettings=ProxySettings{host=null, port=null, username=null, password=null}}, heartbeatSocketSettings=SocketSettings{connectTimeoutMS=10000, readTimeoutMS=10000, receiveBufferSize=0, proxySettings=ProxySettings{host=null, port=null, username=null, password=null}}, connectionPoolSettings=ConnectionPoolSettings{maxSize=100, minSize=0, maxWaitTimeMS=120000, maxConnectionLifeTimeMS=0, maxConnectionIdleTimeMS=0, maintenanceInitialDelayMS=0, maintenanceFrequencyMS=60000, connectionPoolListeners=[io.micrometer.core.instrument.binder.mongodb.MongoMetricsConnectionPoolListener@771d4db], maxConnecting=2}, serverSettings=ServerSettings{heartbeatFrequencyMS=10000, minHeartbeatFrequencyMS=500, serverMonitoringMode=AUTO, serverListeners='[]', serverMonitorListeners='[]'}, sslSettings=SslSettings{enabled=false, invalidHostNameAllowed=false, context=null}, applicationName='null', compressorList=[], uuidRepresentation=JAVA_LEGACY, serverApi=null, autoEncryptionSettings=null, dnsClient=null, inetAddressResolver=null, contextProvider=null, timeoutMS=null} 
2025-04-22 23:33:25-924 [cluster-ClusterId{value='68086d954e834240cfe99f76', description='null'}-localhost:27017] INFO  org.mongodb.driver.cluster - Monitor thread successfully connected to server with description ServerDescription{address=localhost:27017, type=STANDALONE, cryptd=false, state=CONNECTED, ok=true, minWireVersion=0, maxWireVersion=25, maxDocumentSize=16777216, logicalSessionTimeoutMinutes=30, roundTripTimeNanos=70291900, minRoundTripTimeNanos=0} 
2025-04-22 23:33:26-830 [main] INFO  o.s.v.b.OptionalValidatorFactoryBean - Failed to set up a Bean Validation provider: jakarta.validation.NoProviderFoundException: Unable to create a Configuration, because no Jakarta Bean Validation provider could be found. Add a provider like Hibernate Validator (RI) to your classpath. 
2025-04-22 23:33:28-959 [main] INFO  o.s.b.a.e.web.EndpointLinksResolver - Exposing 2 endpoints beneath base path '/actuator' 
2025-04-22 23:33:29-845 [main] INFO  o.s.c.n.e.c.DiscoveryClientOptionalArgsConfiguration - Eureka HTTP Client uses RestTemplate. 
2025-04-22 23:33:29-933 [main] WARN  o.s.c.l.c.LoadBalancerCacheAutoConfiguration$LoadBalancerCaffeineWarnLogger - Spring Cloud LoadBalancer is currently working with the default cache. While this cache implementation is useful for development and tests, it's recommended to use Caffeine cache in production.You can switch to using Caffeine cache, by adding it and org.springframework.cache.caffeine.CaffeineCacheManager to the classpath. 
2025-04-22 23:33:30-100 [main] INFO  o.s.c.n.eureka.InstanceInfoFactory - Setting initial instance status as: STARTING 
2025-04-22 23:33:30-135 [main] INFO  c.netflix.discovery.DiscoveryClient - Initializing Eureka in region us-east-1 
2025-04-22 23:33:30-141 [main] INFO  c.n.d.s.r.aws.ConfigClusterResolver - Resolving eureka endpoints via configuration 
2025-04-22 23:33:30-154 [main] INFO  c.netflix.discovery.DiscoveryClient - Disable delta property : false 
2025-04-22 23:33:30-154 [main] INFO  c.netflix.discovery.DiscoveryClient - Single vip registry refresh property : null 
2025-04-22 23:33:30-154 [main] INFO  c.netflix.discovery.DiscoveryClient - Force full registry fetch : false 
2025-04-22 23:33:30-154 [main] INFO  c.netflix.discovery.DiscoveryClient - Application is null : false 
2025-04-22 23:33:30-154 [main] INFO  c.netflix.discovery.DiscoveryClient - Registered Applications size is zero : true 
2025-04-22 23:33:30-154 [main] INFO  c.netflix.discovery.DiscoveryClient - Application version is -1: true 
2025-04-22 23:33:30-154 [main] INFO  c.netflix.discovery.DiscoveryClient - Getting all instance registry info from the eureka server 
2025-04-22 23:33:30-513 [main] INFO  c.netflix.discovery.DiscoveryClient - The response status is 200 
2025-04-22 23:33:30-515 [main] INFO  c.netflix.discovery.DiscoveryClient - Starting heartbeat executor: renew interval is: 30 
2025-04-22 23:33:30-517 [main] INFO  c.n.discovery.InstanceInfoReplicator - InstanceInfoReplicator onDemand update allowed rate per min is 4 
2025-04-22 23:33:30-519 [main] INFO  c.netflix.discovery.DiscoveryClient - Discovery Client initialized at timestamp 1745382810519 with initial instances count: 4 
2025-04-22 23:33:30-523 [main] INFO  o.s.c.n.e.s.EurekaServiceRegistry - Registering application USERS-SERVICE-API with eureka with status UP 
2025-04-22 23:33:30-524 [main] INFO  c.netflix.discovery.DiscoveryClient - Saw local status change event StatusChangeEvent [timestamp=1745382810524, current=UP, previous=STARTING] 
2025-04-22 23:33:30-526 [DiscoveryClient-InstanceInfoReplicator-%d] INFO  c.netflix.discovery.DiscoveryClient - DiscoveryClient_USERS-SERVICE-API/users-service-api:9191: registering service... 
2025-04-22 23:33:30-582 [DiscoveryClient-InstanceInfoReplicator-%d] INFO  c.netflix.discovery.DiscoveryClient - DiscoveryClient_USERS-SERVICE-API/users-service-api:9191 - registration status: 204 
2025-04-22 23:33:30-598 [main] INFO  o.a.k.c.consumer.ConsumerConfig - ConsumerConfig values: 
	allow.auto.create.topics = true
	auto.commit.interval.ms = 5000
	auto.include.jmx.reporter = true
	auto.offset.reset = earliest
	bootstrap.servers = [localhost:9092]
	check.crcs = true
	client.dns.lookup = use_all_dns_ips
	client.id = consumer-user_group-1
	client.rack = 
	connections.max.idle.ms = 540000
	default.api.timeout.ms = 60000
	enable.auto.commit = false
	enable.metrics.push = true
	exclude.internal.topics = true
	fetch.max.bytes = 52428800
	fetch.max.wait.ms = 500
	fetch.min.bytes = 1
	group.id = user_group
	group.instance.id = null
	group.protocol = classic
	group.remote.assignor = null
	heartbeat.interval.ms = 3000
	interceptor.classes = []
	internal.leave.group.on.close = true
	internal.throw.on.fetch.stable.offset.unsupported = false
	isolation.level = read_uncommitted
	key.deserializer = class org.apache.kafka.common.serialization.StringDeserializer
	max.partition.fetch.bytes = 1048576
	max.poll.interval.ms = 300000
	max.poll.records = 500
	metadata.max.age.ms = 300000
	metadata.recovery.strategy = none
	metric.reporters = []
	metrics.num.samples = 2
	metrics.recording.level = INFO
	metrics.sample.window.ms = 30000
	partition.assignment.strategy = [class org.apache.kafka.clients.consumer.RangeAssignor, class org.apache.kafka.clients.consumer.CooperativeStickyAssignor]
	receive.buffer.bytes = 65536
	reconnect.backoff.max.ms = 1000
	reconnect.backoff.ms = 50
	request.timeout.ms = 30000
	retry.backoff.max.ms = 1000
	retry.backoff.ms = 100
	sasl.client.callback.handler.class = null
	sasl.jaas.config = null
	sasl.kerberos.kinit.cmd = /usr/bin/kinit
	sasl.kerberos.min.time.before.relogin = 60000
	sasl.kerberos.service.name = null
	sasl.kerberos.ticket.renew.jitter = 0.05
	sasl.kerberos.ticket.renew.window.factor = 0.8
	sasl.login.callback.handler.class = null
	sasl.login.class = null
	sasl.login.connect.timeout.ms = null
	sasl.login.read.timeout.ms = null
	sasl.login.refresh.buffer.seconds = 300
	sasl.login.refresh.min.period.seconds = 60
	sasl.login.refresh.window.factor = 0.8
	sasl.login.refresh.window.jitter = 0.05
	sasl.login.retry.backoff.max.ms = 10000
	sasl.login.retry.backoff.ms = 100
	sasl.mechanism = GSSAPI
	sasl.oauthbearer.clock.skew.seconds = 30
	sasl.oauthbearer.expected.audience = null
	sasl.oauthbearer.expected.issuer = null
	sasl.oauthbearer.jwks.endpoint.refresh.ms = 3600000
	sasl.oauthbearer.jwks.endpoint.retry.backoff.max.ms = 10000
	sasl.oauthbearer.jwks.endpoint.retry.backoff.ms = 100
	sasl.oauthbearer.jwks.endpoint.url = null
	sasl.oauthbearer.scope.claim.name = scope
	sasl.oauthbearer.sub.claim.name = sub
	sasl.oauthbearer.token.endpoint.url = null
	security.protocol = PLAINTEXT
	security.providers = null
	send.buffer.bytes = 131072
	session.timeout.ms = 45000
	socket.connection.setup.timeout.max.ms = 30000
	socket.connection.setup.timeout.ms = 10000
	ssl.cipher.suites = null
	ssl.enabled.protocols = [TLSv1.2, TLSv1.3]
	ssl.endpoint.identification.algorithm = https
	ssl.engine.factory.class = null
	ssl.key.password = null
	ssl.keymanager.algorithm = SunX509
	ssl.keystore.certificate.chain = null
	ssl.keystore.key = null
	ssl.keystore.location = null
	ssl.keystore.password = null
	ssl.keystore.type = JKS
	ssl.protocol = TLSv1.3
	ssl.provider = null
	ssl.secure.random.implementation = null
	ssl.trustmanager.algorithm = PKIX
	ssl.truststore.certificates = null
	ssl.truststore.location = null
	ssl.truststore.password = null
	ssl.truststore.type = JKS
	value.deserializer = class org.apache.kafka.common.serialization.StringDeserializer
 
2025-04-22 23:33:30-691 [main] INFO  o.a.k.c.t.i.KafkaMetricsCollector - initializing Kafka metrics collector 
2025-04-22 23:33:30-836 [main] INFO  o.a.kafka.common.utils.AppInfoParser - Kafka version: 3.8.1 
2025-04-22 23:33:30-837 [main] INFO  o.a.kafka.common.utils.AppInfoParser - Kafka commitId: 70d6ff42debf7e17 
2025-04-22 23:33:30-837 [main] INFO  o.a.kafka.common.utils.AppInfoParser - Kafka startTimeMs: 1745382810834 
2025-04-22 23:33:30-856 [main] INFO  o.a.k.c.c.i.LegacyKafkaConsumer - [Consumer clientId=consumer-user_group-1, groupId=user_group] Subscribed to topic(s): yanki-user 
2025-04-22 23:33:30-896 [main] INFO  c.y.u.s.a.s.UserServiceImplTest - Started UserServiceImplTest in 9.542 seconds (process running for 11.528) 
2025-04-22 23:33:31-305 [org.springframework.kafka.KafkaListenerEndpointContainer#0-0-C-1] INFO  org.apache.kafka.clients.Metadata - [Consumer clientId=consumer-user_group-1, groupId=user_group] Cluster ID: R1XLCkdBR4O4KzE_70uX4A 
2025-04-22 23:33:31-306 [org.springframework.kafka.KafkaListenerEndpointContainer#0-0-C-1] INFO  o.a.k.c.c.i.ConsumerCoordinator - [Consumer clientId=consumer-user_group-1, groupId=user_group] Discovered group coordinator kafka:9092 (id: 2147482646 rack: null) 
2025-04-22 23:33:31-732 [main] INFO  c.y.u.s.api.service.UserServiceImpl - Subscribed to yanki user request 
2025-04-22 23:33:31-734 [main] INFO  c.y.u.s.api.service.UserServiceImpl - Subscribed to yanki user response 
2025-04-22 23:33:31-905 [SpringApplicationShutdownHook] INFO  o.s.c.n.e.s.EurekaServiceRegistry - Unregistering application USERS-SERVICE-API with eureka with status DOWN 
2025-04-22 23:33:31-906 [SpringApplicationShutdownHook] INFO  c.netflix.discovery.DiscoveryClient - Saw local status change event StatusChangeEvent [timestamp=1745382811905, current=DOWN, previous=UP] 
2025-04-22 23:33:31-906 [DiscoveryClient-InstanceInfoReplicator-%d] INFO  c.netflix.discovery.DiscoveryClient - DiscoveryClient_USERS-SERVICE-API/users-service-api:9191: registering service... 
2025-04-22 23:33:31-912 [DiscoveryClient-InstanceInfoReplicator-%d] INFO  c.netflix.discovery.DiscoveryClient - DiscoveryClient_USERS-SERVICE-API/users-service-api:9191 - registration status: 204 
2025-04-22 23:33:32-018 [nioEventLoopGroup-2-3] INFO  c.y.u.s.api.service.UserServiceImpl - Yanki User Response: {"id":"68086d9b4e834240cfe99f77","name":"Yanki7778","imeiNumber":"12313123123123","password":"123456","email":"yanki@yanki.com","result":"success","createdAt":[2025,4,22],"updatedAt":[2025,4,22]} 
2025-04-22 23:33:33-633 [org.springframework.kafka.KafkaListenerEndpointContainer#0-0-C-1] WARN  o.apache.kafka.clients.NetworkClient - [Consumer clientId=consumer-user_group-1, groupId=user_group] Error connecting to node kafka:9092 (id: 2147482646 rack: null) 
java.net.UnknownHostException: Host desconocido (kafka)
	at java.base/java.net.Inet6AddressImpl.lookupAllHostAddr(Native Method)
	at java.base/java.net.InetAddress$PlatformNameService.lookupAllHostAddr(InetAddress.java:933)
	at java.base/java.net.InetAddress.getAddressesFromNameService(InetAddress.java:1543)
	at java.base/java.net.InetAddress$NameServiceAddresses.get(InetAddress.java:852)
	at java.base/java.net.InetAddress.getAllByName0(InetAddress.java:1532)
	at java.base/java.net.InetAddress.getAllByName(InetAddress.java:1384)
	at java.base/java.net.InetAddress.getAllByName(InetAddress.java:1305)
	at org.apache.kafka.clients.DefaultHostResolver.resolve(DefaultHostResolver.java:27)
	at org.apache.kafka.clients.ClientUtils.resolve(ClientUtils.java:124)
	at org.apache.kafka.clients.ClusterConnectionStates$NodeConnectionState.resolveAddresses(ClusterConnectionStates.java:536)
	at org.apache.kafka.clients.ClusterConnectionStates$NodeConnectionState.currentAddress(ClusterConnectionStates.java:511)
	at org.apache.kafka.clients.ClusterConnectionStates$NodeConnectionState.access$200(ClusterConnectionStates.java:466)
	at org.apache.kafka.clients.ClusterConnectionStates.currentAddress(ClusterConnectionStates.java:173)
	at org.apache.kafka.clients.NetworkClient.initiateConnect(NetworkClient.java:1070)
	at org.apache.kafka.clients.NetworkClient.ready(NetworkClient.java:320)
	at org.apache.kafka.clients.NetworkClientUtils.tryConnect(NetworkClientUtils.java:141)
	at org.apache.kafka.clients.consumer.internals.ConsumerNetworkClient.tryConnect(ConsumerNetworkClient.java:589)
	at org.apache.kafka.clients.consumer.internals.AbstractCoordinator$FindCoordinatorResponseHandler.onSuccess(AbstractCoordinator.java:937)
	at org.apache.kafka.clients.consumer.internals.AbstractCoordinator$FindCoordinatorResponseHandler.onSuccess(AbstractCoordinator.java:913)
	at org.apache.kafka.clients.consumer.internals.RequestFuture$1.onSuccess(RequestFuture.java:206)
	at org.apache.kafka.clients.consumer.internals.RequestFuture.fireSuccess(RequestFuture.java:169)
	at org.apache.kafka.clients.consumer.internals.RequestFuture.complete(RequestFuture.java:129)
	at org.apache.kafka.clients.consumer.internals.ConsumerNetworkClient$RequestFutureCompletionHandler.fireCompletion(ConsumerNetworkClient.java:616)
	at org.apache.kafka.clients.consumer.internals.ConsumerNetworkClient.firePendingCompletedRequests(ConsumerNetworkClient.java:428)
	at org.apache.kafka.clients.consumer.internals.ConsumerNetworkClient.poll(ConsumerNetworkClient.java:313)
	at org.apache.kafka.clients.consumer.internals.ConsumerNetworkClient.poll(ConsumerNetworkClient.java:231)
	at org.apache.kafka.clients.consumer.internals.AbstractCoordinator.ensureCoordinatorReady(AbstractCoordinator.java:289)
	at org.apache.kafka.clients.consumer.internals.AbstractCoordinator.ensureCoordinatorReady(AbstractCoordinator.java:263)
	at org.apache.kafka.clients.consumer.internals.ConsumerCoordinator.coordinatorUnknownAndUnreadySync(ConsumerCoordinator.java:450)
	at org.apache.kafka.clients.consumer.internals.ConsumerCoordinator.poll(ConsumerCoordinator.java:482)
	at org.apache.kafka.clients.consumer.internals.LegacyKafkaConsumer.updateAssignmentMetadataIfNeeded(LegacyKafkaConsumer.java:652)
	at org.apache.kafka.clients.consumer.internals.LegacyKafkaConsumer.poll(LegacyKafkaConsumer.java:611)
	at org.apache.kafka.clients.consumer.internals.LegacyKafkaConsumer.poll(LegacyKafkaConsumer.java:591)
	at org.apache.kafka.clients.consumer.KafkaConsumer.poll(KafkaConsumer.java:874)
	at org.springframework.kafka.listener.KafkaMessageListenerContainer$ListenerConsumer.pollConsumer(KafkaMessageListenerContainer.java:1692)
	at org.springframework.kafka.listener.KafkaMessageListenerContainer$ListenerConsumer.doPoll(KafkaMessageListenerContainer.java:1667)
	at org.springframework.kafka.listener.KafkaMessageListenerContainer$ListenerConsumer.pollAndInvoke(KafkaMessageListenerContainer.java:1445)
	at org.springframework.kafka.listener.KafkaMessageListenerContainer$ListenerConsumer.run(KafkaMessageListenerContainer.java:1335)
	at java.base/java.util.concurrent.CompletableFuture$AsyncRun.run$$$capture(CompletableFuture.java:1804)
	at java.base/java.util.concurrent.CompletableFuture$AsyncRun.run(CompletableFuture.java)
	at java.base/java.lang.Thread.run(Thread.java:842)
2025-04-22 23:33:33-641 [org.springframework.kafka.KafkaListenerEndpointContainer#0-0-C-1] INFO  o.a.k.c.c.i.ConsumerCoordinator - [Consumer clientId=consumer-user_group-1, groupId=user_group] (Re-)joining group 
2025-04-22 23:33:33-652 [org.springframework.kafka.KafkaListenerEndpointContainer#0-0-C-1] WARN  o.apache.kafka.clients.NetworkClient - [Consumer clientId=consumer-user_group-1, groupId=user_group] Error connecting to node kafka:9092 (id: 2147482646 rack: null) 
java.net.UnknownHostException: kafka
	at java.base/java.net.InetAddress$CachedAddresses.get(InetAddress.java:801)
	at java.base/java.net.InetAddress.getAllByName0(InetAddress.java:1532)
	at java.base/java.net.InetAddress.getAllByName(InetAddress.java:1384)
	at java.base/java.net.InetAddress.getAllByName(InetAddress.java:1305)
	at org.apache.kafka.clients.DefaultHostResolver.resolve(DefaultHostResolver.java:27)
	at org.apache.kafka.clients.ClientUtils.resolve(ClientUtils.java:124)
	at org.apache.kafka.clients.ClusterConnectionStates$NodeConnectionState.resolveAddresses(ClusterConnectionStates.java:536)
	at org.apache.kafka.clients.ClusterConnectionStates$NodeConnectionState.currentAddress(ClusterConnectionStates.java:511)
	at org.apache.kafka.clients.ClusterConnectionStates$NodeConnectionState.access$200(ClusterConnectionStates.java:466)
	at org.apache.kafka.clients.ClusterConnectionStates.currentAddress(ClusterConnectionStates.java:173)
	at org.apache.kafka.clients.NetworkClient.initiateConnect(NetworkClient.java:1070)
	at org.apache.kafka.clients.NetworkClient.ready(NetworkClient.java:320)
	at org.apache.kafka.clients.consumer.internals.ConsumerNetworkClient.trySend(ConsumerNetworkClient.java:514)
	at org.apache.kafka.clients.consumer.internals.ConsumerNetworkClient.poll(ConsumerNetworkClient.java:271)
	at org.apache.kafka.clients.consumer.internals.ConsumerNetworkClient.poll(ConsumerNetworkClient.java:231)
	at org.apache.kafka.clients.consumer.internals.ConsumerNetworkClient.poll(ConsumerNetworkClient.java:215)
	at org.apache.kafka.clients.consumer.internals.AbstractCoordinator.joinGroupIfNeeded(AbstractCoordinator.java:480)
	at org.apache.kafka.clients.consumer.internals.AbstractCoordinator.ensureActiveGroup(AbstractCoordinator.java:414)
	at org.apache.kafka.clients.consumer.internals.ConsumerCoordinator.poll(ConsumerCoordinator.java:510)
	at org.apache.kafka.clients.consumer.internals.LegacyKafkaConsumer.updateAssignmentMetadataIfNeeded(LegacyKafkaConsumer.java:652)
	at org.apache.kafka.clients.consumer.internals.LegacyKafkaConsumer.poll(LegacyKafkaConsumer.java:611)
	at org.apache.kafka.clients.consumer.internals.LegacyKafkaConsumer.poll(LegacyKafkaConsumer.java:591)
	at org.apache.kafka.clients.consumer.KafkaConsumer.poll(KafkaConsumer.java:874)
	at org.springframework.kafka.listener.KafkaMessageListenerContainer$ListenerConsumer.pollConsumer(KafkaMessageListenerContainer.java:1692)
	at org.springframework.kafka.listener.KafkaMessageListenerContainer$ListenerConsumer.doPoll(KafkaMessageListenerContainer.java:1667)
	at org.springframework.kafka.listener.KafkaMessageListenerContainer$ListenerConsumer.pollAndInvoke(KafkaMessageListenerContainer.java:1445)
	at org.springframework.kafka.listener.KafkaMessageListenerContainer$ListenerConsumer.run(KafkaMessageListenerContainer.java:1335)
	at java.base/java.util.concurrent.CompletableFuture$AsyncRun.run$$$capture(CompletableFuture.java:1804)
	at java.base/java.util.concurrent.CompletableFuture$AsyncRun.run(CompletableFuture.java)
	at java.base/java.lang.Thread.run(Thread.java:842)
2025-04-22 23:33:33-654 [org.springframework.kafka.KafkaListenerEndpointContainer#0-0-C-1] INFO  o.a.k.c.c.i.ConsumerCoordinator - [Consumer clientId=consumer-user_group-1, groupId=user_group] Group coordinator kafka:9092 (id: 2147482646 rack: null) is unavailable or invalid due to cause: coordinator unavailable. isDisconnected: true. Rediscovery will be attempted. 
2025-04-22 23:33:33-654 [org.springframework.kafka.KafkaListenerEndpointContainer#0-0-C-1] INFO  o.a.k.c.c.i.ConsumerCoordinator - [Consumer clientId=consumer-user_group-1, groupId=user_group] Resetting generation and member id due to: consumer pro-actively leaving the group 
2025-04-22 23:33:33-654 [org.springframework.kafka.KafkaListenerEndpointContainer#0-0-C-1] INFO  o.a.k.c.c.i.ConsumerCoordinator - [Consumer clientId=consumer-user_group-1, groupId=user_group] Request joining group due to: consumer pro-actively leaving the group 
2025-04-22 23:33:33-655 [org.springframework.kafka.KafkaListenerEndpointContainer#0-0-C-1] INFO  o.a.k.c.c.i.LegacyKafkaConsumer - [Consumer clientId=consumer-user_group-1, groupId=user_group] Unsubscribed all topics or patterns and assigned partitions 
2025-04-22 23:33:33-657 [org.springframework.kafka.KafkaListenerEndpointContainer#0-0-C-1] INFO  o.a.k.c.c.i.ConsumerCoordinator - [Consumer clientId=consumer-user_group-1, groupId=user_group] Resetting generation and member id due to: consumer pro-actively leaving the group 
2025-04-22 23:33:33-657 [org.springframework.kafka.KafkaListenerEndpointContainer#0-0-C-1] INFO  o.a.k.c.c.i.ConsumerCoordinator - [Consumer clientId=consumer-user_group-1, groupId=user_group] Request joining group due to: consumer pro-actively leaving the group 
2025-04-22 23:33:33-664 [org.springframework.kafka.KafkaListenerEndpointContainer#0-0-C-1] INFO  o.a.kafka.common.metrics.Metrics - Metrics scheduler closed 
2025-04-22 23:33:33-664 [org.springframework.kafka.KafkaListenerEndpointContainer#0-0-C-1] INFO  o.a.kafka.common.metrics.Metrics - Closing reporter org.apache.kafka.common.metrics.JmxReporter 
2025-04-22 23:33:33-665 [org.springframework.kafka.KafkaListenerEndpointContainer#0-0-C-1] INFO  o.a.kafka.common.metrics.Metrics - Closing reporter org.apache.kafka.common.telemetry.internals.ClientTelemetryReporter 
2025-04-22 23:33:33-665 [org.springframework.kafka.KafkaListenerEndpointContainer#0-0-C-1] INFO  o.a.kafka.common.metrics.Metrics - Metrics reporters closed 
2025-04-22 23:33:33-674 [org.springframework.kafka.KafkaListenerEndpointContainer#0-0-C-1] INFO  o.a.kafka.common.utils.AppInfoParser - App info kafka.consumer for consumer-user_group-1 unregistered 
2025-04-22 23:33:33-676 [org.springframework.kafka.KafkaListenerEndpointContainer#0-0-C-1] INFO  o.s.k.l.KafkaMessageListenerContainer - user_group: Consumer stopped 
2025-04-22 23:33:35-821 [SpringApplicationShutdownHook] INFO  c.netflix.discovery.DiscoveryClient - Shutting down DiscoveryClient ... 
2025-04-22 23:33:38-822 [SpringApplicationShutdownHook] INFO  c.netflix.discovery.DiscoveryClient - Unregistering ... 
2025-04-22 23:33:38-842 [SpringApplicationShutdownHook] INFO  c.netflix.discovery.DiscoveryClient - DiscoveryClient_USERS-SERVICE-API/users-service-api:9191 - deregister  status: 200 
2025-04-22 23:33:38-842 [SpringApplicationShutdownHook] INFO  c.netflix.discovery.DiscoveryClient - Completed shut down of DiscoveryClient 
2025-04-22 23:34:29-852 [main] INFO  o.s.t.c.s.AnnotationConfigContextLoaderUtils - Could not detect default configuration classes for test class [com.yanki.users.service.api.service.UserServiceImplTest]: UserServiceImplTest does not declare any static, non-private, non-final, nested classes annotated with @Configuration. 
2025-04-22 23:34:30-389 [main] INFO  o.s.b.t.c.SpringBootTestContextBootstrapper - Found @SpringBootConfiguration com.yanki.users.service.api.UsersServiceApiApplication for test class com.yanki.users.service.api.service.UserServiceImplTest 
2025-04-22 23:34:34-091 [main] INFO  c.y.u.s.a.s.UserServiceImplTest - Starting UserServiceImplTest using Java 17.0.12 with PID 23072 (started by mgarcsar in C:\Users\mgarcsar\Documents\Bootcamp\etregables\Yanki\users-service-api) 
2025-04-22 23:34:34-092 [main] INFO  c.y.u.s.a.s.UserServiceImplTest - The following 1 profile is active: "dev" 
2025-04-22 23:34:34-146 [main] INFO  o.s.c.c.c.ConfigServerConfigDataLoader - Fetching config from server at : http://config-server-bc:8888 
2025-04-22 23:34:34-146 [main] INFO  o.s.c.c.c.ConfigServerConfigDataLoader - Exception on Url - http://config-server-bc:8888:org.springframework.web.client.ResourceAccessException: I/O error on GET request for "http://config-server-bc:8888/users-service-api/default": config-server-bc. Will be trying the next url if available 
2025-04-22 23:34:34-146 [main] WARN  o.s.c.c.c.ConfigServerConfigDataLoader - Could not locate PropertySource ([ConfigServerConfigDataResource@77401977 uris = array<String>['http://config-server-bc:8888'], optional = true, profiles = 'default']): I/O error on GET request for "http://config-server-bc:8888/users-service-api/default": config-server-bc 
2025-04-22 23:34:34-146 [main] INFO  o.s.c.c.c.ConfigServerConfigDataLoader - Fetching config from server at : http://config-server-bc:8888 
2025-04-22 23:34:34-146 [main] INFO  o.s.c.c.c.ConfigServerConfigDataLoader - Exception on Url - http://config-server-bc:8888:org.springframework.web.client.ResourceAccessException: I/O error on GET request for "http://config-server-bc:8888/users-service-api/dev": config-server-bc. Will be trying the next url if available 
2025-04-22 23:34:34-147 [main] WARN  o.s.c.c.c.ConfigServerConfigDataLoader - Could not locate PropertySource ([ConfigServerConfigDataResource@432448 uris = array<String>['http://config-server-bc:8888'], optional = true, profiles = 'dev']): I/O error on GET request for "http://config-server-bc:8888/users-service-api/dev": config-server-bc 
2025-04-22 23:34:34-147 [main] INFO  o.s.c.c.c.ConfigServerConfigDataLoader - Fetching config from server at : http://config-server-bc:8888 
2025-04-22 23:34:34-147 [main] INFO  o.s.c.c.c.ConfigServerConfigDataLoader - Exception on Url - http://config-server-bc:8888:org.springframework.web.client.ResourceAccessException: I/O error on GET request for "http://config-server-bc:8888/users-service-api/default": config-server-bc. Will be trying the next url if available 
2025-04-22 23:34:34-147 [main] WARN  o.s.c.c.c.ConfigServerConfigDataLoader - Could not locate PropertySource ([ConfigServerConfigDataResource@4452e13c uris = array<String>['http://config-server-bc:8888'], optional = true, profiles = 'default']): I/O error on GET request for "http://config-server-bc:8888/users-service-api/default": config-server-bc 
2025-04-22 23:34:35-575 [main] INFO  o.s.d.r.c.RepositoryConfigurationDelegate - Bootstrapping Spring Data Reactive MongoDB repositories in DEFAULT mode. 
2025-04-22 23:34:36-061 [main] INFO  o.s.d.r.c.RepositoryConfigurationDelegate - Finished Spring Data repository scanning in 471 ms. Found 1 Reactive MongoDB repository interface. 
2025-04-22 23:34:36-470 [main] INFO  o.s.cloud.context.scope.GenericScope - BeanFactory id=611ef13d-e9cf-37e3-9654-11dd09564ea1 
2025-04-22 23:34:37-402 [main] INFO  org.mongodb.driver.client - MongoClient with metadata {"driver": {"name": "mongo-java-driver|reactive-streams|spring-boot", "version": "5.2.1"}, "os": {"type": "Windows", "name": "Windows 10", "architecture": "amd64", "version": "10.0"}, "platform": "Java/Oracle Corporation/17.0.12+8-LTS-286"} created with settings MongoClientSettings{readPreference=primary, writeConcern=WriteConcern{w=null, wTimeout=null ms, journal=null}, retryWrites=true, retryReads=true, readConcern=ReadConcern{level=null}, credential=null, transportSettings=NettyTransportSettings{eventLoopGroup=io.netty.channel.nio.NioEventLoopGroup@3823d3d1, socketChannelClass=null, allocator=null, sslContext=null}, commandListeners=[io.micrometer.core.instrument.binder.mongodb.MongoMetricsCommandListener@6f3b07ed], codecRegistry=ProvidersCodecRegistry{codecProviders=[ValueCodecProvider{}, BsonValueCodecProvider{}, DBRefCodecProvider{}, DBObjectCodecProvider{}, DocumentCodecProvider{}, CollectionCodecProvider{}, IterableCodecProvider{}, MapCodecProvider{}, GeoJsonCodecProvider{}, GridFSFileCodecProvider{}, Jsr310CodecProvider{}, JsonObjectCodecProvider{}, BsonCodecProvider{}, EnumCodecProvider{}, com.mongodb.client.model.mql.ExpressionCodecProvider@49f35dcc, com.mongodb.Jep395RecordCodecProvider@79849cab, com.mongodb.KotlinCodecProvider@5f9f6511]}, loggerSettings=LoggerSettings{maxDocumentLength=1000}, clusterSettings={hosts=[localhost:27017], srvServiceName=mongodb, mode=SINGLE, requiredClusterType=UNKNOWN, requiredReplicaSetName='null', serverSelector='null', clusterListeners='[]', serverSelectionTimeout='30000 ms', localThreshold='15 ms'}, socketSettings=SocketSettings{connectTimeoutMS=10000, readTimeoutMS=0, receiveBufferSize=0, proxySettings=ProxySettings{host=null, port=null, username=null, password=null}}, heartbeatSocketSettings=SocketSettings{connectTimeoutMS=10000, readTimeoutMS=10000, receiveBufferSize=0, proxySettings=ProxySettings{host=null, port=null, username=null, password=null}}, connectionPoolSettings=ConnectionPoolSettings{maxSize=100, minSize=0, maxWaitTimeMS=120000, maxConnectionLifeTimeMS=0, maxConnectionIdleTimeMS=0, maintenanceInitialDelayMS=0, maintenanceFrequencyMS=60000, connectionPoolListeners=[io.micrometer.core.instrument.binder.mongodb.MongoMetricsConnectionPoolListener@682c0560], maxConnecting=2}, serverSettings=ServerSettings{heartbeatFrequencyMS=10000, minHeartbeatFrequencyMS=500, serverMonitoringMode=AUTO, serverListeners='[]', serverMonitorListeners='[]'}, sslSettings=SslSettings{enabled=false, invalidHostNameAllowed=false, context=null}, applicationName='null', compressorList=[], uuidRepresentation=JAVA_LEGACY, serverApi=null, autoEncryptionSettings=null, dnsClient=null, inetAddressResolver=null, contextProvider=null, timeoutMS=null} 
2025-04-22 23:34:37-638 [cluster-ClusterId{value='68086ddd4413063ed57295b9', description='null'}-localhost:27017] INFO  org.mongodb.driver.cluster - Monitor thread successfully connected to server with description ServerDescription{address=localhost:27017, type=STANDALONE, cryptd=false, state=CONNECTED, ok=true, minWireVersion=0, maxWireVersion=25, maxDocumentSize=16777216, logicalSessionTimeoutMinutes=30, roundTripTimeNanos=115466400, minRoundTripTimeNanos=0} 
2025-04-22 23:34:38-992 [main] INFO  o.s.v.b.OptionalValidatorFactoryBean - Failed to set up a Bean Validation provider: jakarta.validation.NoProviderFoundException: Unable to create a Configuration, because no Jakarta Bean Validation provider could be found. Add a provider like Hibernate Validator (RI) to your classpath. 
2025-04-22 23:34:40-609 [main] INFO  o.s.b.a.e.web.EndpointLinksResolver - Exposing 2 endpoints beneath base path '/actuator' 
2025-04-22 23:34:41-450 [main] INFO  o.s.c.n.e.c.DiscoveryClientOptionalArgsConfiguration - Eureka HTTP Client uses RestTemplate. 
2025-04-22 23:34:41-530 [main] WARN  o.s.c.l.c.LoadBalancerCacheAutoConfiguration$LoadBalancerCaffeineWarnLogger - Spring Cloud LoadBalancer is currently working with the default cache. While this cache implementation is useful for development and tests, it's recommended to use Caffeine cache in production.You can switch to using Caffeine cache, by adding it and org.springframework.cache.caffeine.CaffeineCacheManager to the classpath. 
2025-04-22 23:34:41-684 [main] INFO  o.s.c.n.eureka.InstanceInfoFactory - Setting initial instance status as: STARTING 
2025-04-22 23:34:41-731 [main] INFO  c.netflix.discovery.DiscoveryClient - Initializing Eureka in region us-east-1 
2025-04-22 23:34:41-740 [main] INFO  c.n.d.s.r.aws.ConfigClusterResolver - Resolving eureka endpoints via configuration 
2025-04-22 23:34:41-755 [main] INFO  c.netflix.discovery.DiscoveryClient - Disable delta property : false 
2025-04-22 23:34:41-756 [main] INFO  c.netflix.discovery.DiscoveryClient - Single vip registry refresh property : null 
2025-04-22 23:34:41-756 [main] INFO  c.netflix.discovery.DiscoveryClient - Force full registry fetch : false 
2025-04-22 23:34:41-756 [main] INFO  c.netflix.discovery.DiscoveryClient - Application is null : false 
2025-04-22 23:34:41-756 [main] INFO  c.netflix.discovery.DiscoveryClient - Registered Applications size is zero : true 
2025-04-22 23:34:41-756 [main] INFO  c.netflix.discovery.DiscoveryClient - Application version is -1: true 
2025-04-22 23:34:41-757 [main] INFO  c.netflix.discovery.DiscoveryClient - Getting all instance registry info from the eureka server 
2025-04-22 23:34:42-178 [main] INFO  c.netflix.discovery.DiscoveryClient - The response status is 200 
2025-04-22 23:34:42-181 [main] INFO  c.netflix.discovery.DiscoveryClient - Starting heartbeat executor: renew interval is: 30 
2025-04-22 23:34:42-184 [main] INFO  c.n.discovery.InstanceInfoReplicator - InstanceInfoReplicator onDemand update allowed rate per min is 4 
2025-04-22 23:34:42-186 [main] INFO  c.netflix.discovery.DiscoveryClient - Discovery Client initialized at timestamp 1745382882185 with initial instances count: 4 
2025-04-22 23:34:42-189 [main] INFO  o.s.c.n.e.s.EurekaServiceRegistry - Registering application USERS-SERVICE-API with eureka with status UP 
2025-04-22 23:34:42-190 [main] INFO  c.netflix.discovery.DiscoveryClient - Saw local status change event StatusChangeEvent [timestamp=1745382882190, current=UP, previous=STARTING] 
2025-04-22 23:34:42-193 [DiscoveryClient-InstanceInfoReplicator-%d] INFO  c.netflix.discovery.DiscoveryClient - DiscoveryClient_USERS-SERVICE-API/users-service-api:9191: registering service... 
2025-04-22 23:34:42-251 [DiscoveryClient-InstanceInfoReplicator-%d] INFO  c.netflix.discovery.DiscoveryClient - DiscoveryClient_USERS-SERVICE-API/users-service-api:9191 - registration status: 204 
2025-04-22 23:34:42-277 [main] INFO  o.a.k.c.consumer.ConsumerConfig - ConsumerConfig values: 
	allow.auto.create.topics = true
	auto.commit.interval.ms = 5000
	auto.include.jmx.reporter = true
	auto.offset.reset = earliest
	bootstrap.servers = [localhost:9092]
	check.crcs = true
	client.dns.lookup = use_all_dns_ips
	client.id = consumer-user_group-1
	client.rack = 
	connections.max.idle.ms = 540000
	default.api.timeout.ms = 60000
	enable.auto.commit = false
	enable.metrics.push = true
	exclude.internal.topics = true
	fetch.max.bytes = 52428800
	fetch.max.wait.ms = 500
	fetch.min.bytes = 1
	group.id = user_group
	group.instance.id = null
	group.protocol = classic
	group.remote.assignor = null
	heartbeat.interval.ms = 3000
	interceptor.classes = []
	internal.leave.group.on.close = true
	internal.throw.on.fetch.stable.offset.unsupported = false
	isolation.level = read_uncommitted
	key.deserializer = class org.apache.kafka.common.serialization.StringDeserializer
	max.partition.fetch.bytes = 1048576
	max.poll.interval.ms = 300000
	max.poll.records = 500
	metadata.max.age.ms = 300000
	metadata.recovery.strategy = none
	metric.reporters = []
	metrics.num.samples = 2
	metrics.recording.level = INFO
	metrics.sample.window.ms = 30000
	partition.assignment.strategy = [class org.apache.kafka.clients.consumer.RangeAssignor, class org.apache.kafka.clients.consumer.CooperativeStickyAssignor]
	receive.buffer.bytes = 65536
	reconnect.backoff.max.ms = 1000
	reconnect.backoff.ms = 50
	request.timeout.ms = 30000
	retry.backoff.max.ms = 1000
	retry.backoff.ms = 100
	sasl.client.callback.handler.class = null
	sasl.jaas.config = null
	sasl.kerberos.kinit.cmd = /usr/bin/kinit
	sasl.kerberos.min.time.before.relogin = 60000
	sasl.kerberos.service.name = null
	sasl.kerberos.ticket.renew.jitter = 0.05
	sasl.kerberos.ticket.renew.window.factor = 0.8
	sasl.login.callback.handler.class = null
	sasl.login.class = null
	sasl.login.connect.timeout.ms = null
	sasl.login.read.timeout.ms = null
	sasl.login.refresh.buffer.seconds = 300
	sasl.login.refresh.min.period.seconds = 60
	sasl.login.refresh.window.factor = 0.8
	sasl.login.refresh.window.jitter = 0.05
	sasl.login.retry.backoff.max.ms = 10000
	sasl.login.retry.backoff.ms = 100
	sasl.mechanism = GSSAPI
	sasl.oauthbearer.clock.skew.seconds = 30
	sasl.oauthbearer.expected.audience = null
	sasl.oauthbearer.expected.issuer = null
	sasl.oauthbearer.jwks.endpoint.refresh.ms = 3600000
	sasl.oauthbearer.jwks.endpoint.retry.backoff.max.ms = 10000
	sasl.oauthbearer.jwks.endpoint.retry.backoff.ms = 100
	sasl.oauthbearer.jwks.endpoint.url = null
	sasl.oauthbearer.scope.claim.name = scope
	sasl.oauthbearer.sub.claim.name = sub
	sasl.oauthbearer.token.endpoint.url = null
	security.protocol = PLAINTEXT
	security.providers = null
	send.buffer.bytes = 131072
	session.timeout.ms = 45000
	socket.connection.setup.timeout.max.ms = 30000
	socket.connection.setup.timeout.ms = 10000
	ssl.cipher.suites = null
	ssl.enabled.protocols = [TLSv1.2, TLSv1.3]
	ssl.endpoint.identification.algorithm = https
	ssl.engine.factory.class = null
	ssl.key.password = null
	ssl.keymanager.algorithm = SunX509
	ssl.keystore.certificate.chain = null
	ssl.keystore.key = null
	ssl.keystore.location = null
	ssl.keystore.password = null
	ssl.keystore.type = JKS
	ssl.protocol = TLSv1.3
	ssl.provider = null
	ssl.secure.random.implementation = null
	ssl.trustmanager.algorithm = PKIX
	ssl.truststore.certificates = null
	ssl.truststore.location = null
	ssl.truststore.password = null
	ssl.truststore.type = JKS
	value.deserializer = class org.apache.kafka.common.serialization.StringDeserializer
 
2025-04-22 23:34:42-371 [main] INFO  o.a.k.c.t.i.KafkaMetricsCollector - initializing Kafka metrics collector 
2025-04-22 23:34:42-530 [main] INFO  o.a.kafka.common.utils.AppInfoParser - Kafka version: 3.8.1 
2025-04-22 23:34:42-530 [main] INFO  o.a.kafka.common.utils.AppInfoParser - Kafka commitId: 70d6ff42debf7e17 
2025-04-22 23:34:42-530 [main] INFO  o.a.kafka.common.utils.AppInfoParser - Kafka startTimeMs: 1745382882528 
2025-04-22 23:34:42-546 [main] INFO  o.a.k.c.c.i.LegacyKafkaConsumer - [Consumer clientId=consumer-user_group-1, groupId=user_group] Subscribed to topic(s): yanki-user 
2025-04-22 23:34:42-585 [main] INFO  c.y.u.s.a.s.UserServiceImplTest - Started UserServiceImplTest in 11.306 seconds (process running for 16.418) 
2025-04-22 23:34:43-379 [org.springframework.kafka.KafkaListenerEndpointContainer#0-0-C-1] INFO  org.apache.kafka.clients.Metadata - [Consumer clientId=consumer-user_group-1, groupId=user_group] Cluster ID: R1XLCkdBR4O4KzE_70uX4A 
2025-04-22 23:34:43-380 [org.springframework.kafka.KafkaListenerEndpointContainer#0-0-C-1] INFO  o.a.k.c.c.i.ConsumerCoordinator - [Consumer clientId=consumer-user_group-1, groupId=user_group] Discovered group coordinator kafka:9092 (id: 2147482646 rack: null) 
2025-04-22 23:34:43-938 [main] INFO  c.y.u.s.api.service.UserServiceImpl - Subscribed to yanki user request 
2025-04-22 23:34:43-939 [main] INFO  c.y.u.s.api.service.UserServiceImpl - Subscribed to yanki user response 
2025-04-22 23:34:44-346 [SpringApplicationShutdownHook] INFO  o.s.c.n.e.s.EurekaServiceRegistry - Unregistering application USERS-SERVICE-API with eureka with status DOWN 
2025-04-22 23:34:44-346 [SpringApplicationShutdownHook] INFO  c.netflix.discovery.DiscoveryClient - Saw local status change event StatusChangeEvent [timestamp=1745382884346, current=DOWN, previous=UP] 
2025-04-22 23:34:44-347 [DiscoveryClient-InstanceInfoReplicator-%d] INFO  c.netflix.discovery.DiscoveryClient - DiscoveryClient_USERS-SERVICE-API/users-service-api:9191: registering service... 
2025-04-22 23:34:44-359 [DiscoveryClient-InstanceInfoReplicator-%d] INFO  c.netflix.discovery.DiscoveryClient - DiscoveryClient_USERS-SERVICE-API/users-service-api:9191 - registration status: 204 
2025-04-22 23:34:44-860 [nioEventLoopGroup-2-3] INFO  c.y.u.s.api.service.UserServiceImpl - Yanki User Response: {"id":"68086de44413063ed57295ba","name":"Yanki7778","imeiNumber":"12313123123123","password":"123456","email":"yanki@yanki.com","result":"success","createdAt":[2025,4,22],"updatedAt":[2025,4,22]} 
2025-04-22 23:34:45-671 [org.springframework.kafka.KafkaListenerEndpointContainer#0-0-C-1] WARN  o.apache.kafka.clients.NetworkClient - [Consumer clientId=consumer-user_group-1, groupId=user_group] Error connecting to node kafka:9092 (id: 2147482646 rack: null) 
java.net.UnknownHostException: Host desconocido (kafka)
	at java.base/java.net.Inet6AddressImpl.lookupAllHostAddr(Native Method)
	at java.base/java.net.InetAddress$PlatformNameService.lookupAllHostAddr(InetAddress.java:933)
	at java.base/java.net.InetAddress.getAddressesFromNameService(InetAddress.java:1543)
	at java.base/java.net.InetAddress$NameServiceAddresses.get(InetAddress.java:852)
	at java.base/java.net.InetAddress.getAllByName0(InetAddress.java:1532)
	at java.base/java.net.InetAddress.getAllByName(InetAddress.java:1384)
	at java.base/java.net.InetAddress.getAllByName(InetAddress.java:1305)
	at org.apache.kafka.clients.DefaultHostResolver.resolve(DefaultHostResolver.java:27)
	at org.apache.kafka.clients.ClientUtils.resolve(ClientUtils.java:124)
	at org.apache.kafka.clients.ClusterConnectionStates$NodeConnectionState.resolveAddresses(ClusterConnectionStates.java:536)
	at org.apache.kafka.clients.ClusterConnectionStates$NodeConnectionState.currentAddress(ClusterConnectionStates.java:511)
	at org.apache.kafka.clients.ClusterConnectionStates$NodeConnectionState.access$200(ClusterConnectionStates.java:466)
	at org.apache.kafka.clients.ClusterConnectionStates.currentAddress(ClusterConnectionStates.java:173)
	at org.apache.kafka.clients.NetworkClient.initiateConnect(NetworkClient.java:1070)
	at org.apache.kafka.clients.NetworkClient.ready(NetworkClient.java:320)
	at org.apache.kafka.clients.NetworkClientUtils.tryConnect(NetworkClientUtils.java:141)
	at org.apache.kafka.clients.consumer.internals.ConsumerNetworkClient.tryConnect(ConsumerNetworkClient.java:589)
	at org.apache.kafka.clients.consumer.internals.AbstractCoordinator$FindCoordinatorResponseHandler.onSuccess(AbstractCoordinator.java:937)
	at org.apache.kafka.clients.consumer.internals.AbstractCoordinator$FindCoordinatorResponseHandler.onSuccess(AbstractCoordinator.java:913)
	at org.apache.kafka.clients.consumer.internals.RequestFuture$1.onSuccess(RequestFuture.java:206)
	at org.apache.kafka.clients.consumer.internals.RequestFuture.fireSuccess(RequestFuture.java:169)
	at org.apache.kafka.clients.consumer.internals.RequestFuture.complete(RequestFuture.java:129)
	at org.apache.kafka.clients.consumer.internals.ConsumerNetworkClient$RequestFutureCompletionHandler.fireCompletion(ConsumerNetworkClient.java:616)
	at org.apache.kafka.clients.consumer.internals.ConsumerNetworkClient.firePendingCompletedRequests(ConsumerNetworkClient.java:428)
	at org.apache.kafka.clients.consumer.internals.ConsumerNetworkClient.poll(ConsumerNetworkClient.java:313)
	at org.apache.kafka.clients.consumer.internals.ConsumerNetworkClient.poll(ConsumerNetworkClient.java:231)
	at org.apache.kafka.clients.consumer.internals.AbstractCoordinator.ensureCoordinatorReady(AbstractCoordinator.java:289)
	at org.apache.kafka.clients.consumer.internals.AbstractCoordinator.ensureCoordinatorReady(AbstractCoordinator.java:263)
	at org.apache.kafka.clients.consumer.internals.ConsumerCoordinator.coordinatorUnknownAndUnreadySync(ConsumerCoordinator.java:450)
	at org.apache.kafka.clients.consumer.internals.ConsumerCoordinator.poll(ConsumerCoordinator.java:482)
	at org.apache.kafka.clients.consumer.internals.LegacyKafkaConsumer.updateAssignmentMetadataIfNeeded(LegacyKafkaConsumer.java:652)
	at org.apache.kafka.clients.consumer.internals.LegacyKafkaConsumer.poll(LegacyKafkaConsumer.java:611)
	at org.apache.kafka.clients.consumer.internals.LegacyKafkaConsumer.poll(LegacyKafkaConsumer.java:591)
	at org.apache.kafka.clients.consumer.KafkaConsumer.poll(KafkaConsumer.java:874)
	at org.springframework.kafka.listener.KafkaMessageListenerContainer$ListenerConsumer.pollConsumer(KafkaMessageListenerContainer.java:1692)
	at org.springframework.kafka.listener.KafkaMessageListenerContainer$ListenerConsumer.doPoll(KafkaMessageListenerContainer.java:1667)
	at org.springframework.kafka.listener.KafkaMessageListenerContainer$ListenerConsumer.pollAndInvoke(KafkaMessageListenerContainer.java:1445)
	at org.springframework.kafka.listener.KafkaMessageListenerContainer$ListenerConsumer.run(KafkaMessageListenerContainer.java:1335)
	at java.base/java.util.concurrent.CompletableFuture$AsyncRun.run(CompletableFuture.java:1804)
	at java.base/java.lang.Thread.run(Thread.java:842)
2025-04-22 23:34:45-680 [org.springframework.kafka.KafkaListenerEndpointContainer#0-0-C-1] INFO  o.a.k.c.c.i.ConsumerCoordinator - [Consumer clientId=consumer-user_group-1, groupId=user_group] (Re-)joining group 
2025-04-22 23:34:45-689 [org.springframework.kafka.KafkaListenerEndpointContainer#0-0-C-1] WARN  o.apache.kafka.clients.NetworkClient - [Consumer clientId=consumer-user_group-1, groupId=user_group] Error connecting to node kafka:9092 (id: 2147482646 rack: null) 
java.net.UnknownHostException: kafka
	at java.base/java.net.InetAddress$CachedAddresses.get(InetAddress.java:801)
	at java.base/java.net.InetAddress.getAllByName0(InetAddress.java:1532)
	at java.base/java.net.InetAddress.getAllByName(InetAddress.java:1384)
	at java.base/java.net.InetAddress.getAllByName(InetAddress.java:1305)
	at org.apache.kafka.clients.DefaultHostResolver.resolve(DefaultHostResolver.java:27)
	at org.apache.kafka.clients.ClientUtils.resolve(ClientUtils.java:124)
	at org.apache.kafka.clients.ClusterConnectionStates$NodeConnectionState.resolveAddresses(ClusterConnectionStates.java:536)
	at org.apache.kafka.clients.ClusterConnectionStates$NodeConnectionState.currentAddress(ClusterConnectionStates.java:511)
	at org.apache.kafka.clients.ClusterConnectionStates$NodeConnectionState.access$200(ClusterConnectionStates.java:466)
	at org.apache.kafka.clients.ClusterConnectionStates.currentAddress(ClusterConnectionStates.java:173)
	at org.apache.kafka.clients.NetworkClient.initiateConnect(NetworkClient.java:1070)
	at org.apache.kafka.clients.NetworkClient.ready(NetworkClient.java:320)
	at org.apache.kafka.clients.consumer.internals.ConsumerNetworkClient.trySend(ConsumerNetworkClient.java:514)
	at org.apache.kafka.clients.consumer.internals.ConsumerNetworkClient.poll(ConsumerNetworkClient.java:271)
	at org.apache.kafka.clients.consumer.internals.ConsumerNetworkClient.poll(ConsumerNetworkClient.java:231)
	at org.apache.kafka.clients.consumer.internals.ConsumerNetworkClient.poll(ConsumerNetworkClient.java:215)
	at org.apache.kafka.clients.consumer.internals.AbstractCoordinator.joinGroupIfNeeded(AbstractCoordinator.java:480)
	at org.apache.kafka.clients.consumer.internals.AbstractCoordinator.ensureActiveGroup(AbstractCoordinator.java:414)
	at org.apache.kafka.clients.consumer.internals.ConsumerCoordinator.poll(ConsumerCoordinator.java:510)
	at org.apache.kafka.clients.consumer.internals.LegacyKafkaConsumer.updateAssignmentMetadataIfNeeded(LegacyKafkaConsumer.java:652)
	at org.apache.kafka.clients.consumer.internals.LegacyKafkaConsumer.poll(LegacyKafkaConsumer.java:611)
	at org.apache.kafka.clients.consumer.internals.LegacyKafkaConsumer.poll(LegacyKafkaConsumer.java:591)
	at org.apache.kafka.clients.consumer.KafkaConsumer.poll(KafkaConsumer.java:874)
	at org.springframework.kafka.listener.KafkaMessageListenerContainer$ListenerConsumer.pollConsumer(KafkaMessageListenerContainer.java:1692)
	at org.springframework.kafka.listener.KafkaMessageListenerContainer$ListenerConsumer.doPoll(KafkaMessageListenerContainer.java:1667)
	at org.springframework.kafka.listener.KafkaMessageListenerContainer$ListenerConsumer.pollAndInvoke(KafkaMessageListenerContainer.java:1445)
	at org.springframework.kafka.listener.KafkaMessageListenerContainer$ListenerConsumer.run(KafkaMessageListenerContainer.java:1335)
	at java.base/java.util.concurrent.CompletableFuture$AsyncRun.run(CompletableFuture.java:1804)
	at java.base/java.lang.Thread.run(Thread.java:842)
2025-04-22 23:34:45-690 [org.springframework.kafka.KafkaListenerEndpointContainer#0-0-C-1] INFO  o.a.k.c.c.i.ConsumerCoordinator - [Consumer clientId=consumer-user_group-1, groupId=user_group] Group coordinator kafka:9092 (id: 2147482646 rack: null) is unavailable or invalid due to cause: coordinator unavailable. isDisconnected: true. Rediscovery will be attempted. 
2025-04-22 23:34:45-690 [org.springframework.kafka.KafkaListenerEndpointContainer#0-0-C-1] INFO  o.a.k.c.c.i.ConsumerCoordinator - [Consumer clientId=consumer-user_group-1, groupId=user_group] Resetting generation and member id due to: consumer pro-actively leaving the group 
2025-04-22 23:34:45-690 [org.springframework.kafka.KafkaListenerEndpointContainer#0-0-C-1] INFO  o.a.k.c.c.i.ConsumerCoordinator - [Consumer clientId=consumer-user_group-1, groupId=user_group] Request joining group due to: consumer pro-actively leaving the group 
2025-04-22 23:34:45-691 [org.springframework.kafka.KafkaListenerEndpointContainer#0-0-C-1] INFO  o.a.k.c.c.i.LegacyKafkaConsumer - [Consumer clientId=consumer-user_group-1, groupId=user_group] Unsubscribed all topics or patterns and assigned partitions 
2025-04-22 23:34:45-693 [org.springframework.kafka.KafkaListenerEndpointContainer#0-0-C-1] INFO  o.a.k.c.c.i.ConsumerCoordinator - [Consumer clientId=consumer-user_group-1, groupId=user_group] Resetting generation and member id due to: consumer pro-actively leaving the group 
2025-04-22 23:34:45-693 [org.springframework.kafka.KafkaListenerEndpointContainer#0-0-C-1] INFO  o.a.k.c.c.i.ConsumerCoordinator - [Consumer clientId=consumer-user_group-1, groupId=user_group] Request joining group due to: consumer pro-actively leaving the group 
2025-04-22 23:34:45-697 [org.springframework.kafka.KafkaListenerEndpointContainer#0-0-C-1] INFO  o.a.kafka.common.metrics.Metrics - Metrics scheduler closed 
2025-04-22 23:34:45-698 [org.springframework.kafka.KafkaListenerEndpointContainer#0-0-C-1] INFO  o.a.kafka.common.metrics.Metrics - Closing reporter org.apache.kafka.common.metrics.JmxReporter 
2025-04-22 23:34:45-698 [org.springframework.kafka.KafkaListenerEndpointContainer#0-0-C-1] INFO  o.a.kafka.common.metrics.Metrics - Closing reporter org.apache.kafka.common.telemetry.internals.ClientTelemetryReporter 
2025-04-22 23:34:45-698 [org.springframework.kafka.KafkaListenerEndpointContainer#0-0-C-1] INFO  o.a.kafka.common.metrics.Metrics - Metrics reporters closed 
2025-04-22 23:34:45-704 [org.springframework.kafka.KafkaListenerEndpointContainer#0-0-C-1] INFO  o.a.kafka.common.utils.AppInfoParser - App info kafka.consumer for consumer-user_group-1 unregistered 
2025-04-22 23:34:45-705 [org.springframework.kafka.KafkaListenerEndpointContainer#0-0-C-1] INFO  o.s.k.l.KafkaMessageListenerContainer - user_group: Consumer stopped 
2025-04-22 23:34:47-810 [SpringApplicationShutdownHook] INFO  c.netflix.discovery.DiscoveryClient - Shutting down DiscoveryClient ... 
2025-04-22 23:34:50-821 [SpringApplicationShutdownHook] INFO  c.netflix.discovery.DiscoveryClient - Unregistering ... 
2025-04-22 23:34:50-840 [SpringApplicationShutdownHook] INFO  c.netflix.discovery.DiscoveryClient - DiscoveryClient_USERS-SERVICE-API/users-service-api:9191 - deregister  status: 200 
2025-04-22 23:34:50-840 [SpringApplicationShutdownHook] INFO  c.netflix.discovery.DiscoveryClient - Completed shut down of DiscoveryClient 
2025-04-22 23:35:08-549 [main] INFO  o.s.t.c.s.AnnotationConfigContextLoaderUtils - Could not detect default configuration classes for test class [com.yanki.users.service.api.service.UserServiceImplTest]: UserServiceImplTest does not declare any static, non-private, non-final, nested classes annotated with @Configuration. 
2025-04-22 23:35:08-849 [main] INFO  o.s.b.t.c.SpringBootTestContextBootstrapper - Found @SpringBootConfiguration com.yanki.users.service.api.UsersServiceApiApplication for test class com.yanki.users.service.api.service.UserServiceImplTest 
2025-04-22 23:35:11-718 [main] INFO  c.y.u.s.a.s.UserServiceImplTest - Starting UserServiceImplTest using Java 17.0.12 with PID 22680 (started by mgarcsar in C:\Users\mgarcsar\Documents\Bootcamp\etregables\Yanki\users-service-api) 
2025-04-22 23:35:11-719 [main] INFO  c.y.u.s.a.s.UserServiceImplTest - The following 1 profile is active: "local" 
2025-04-22 23:35:11-758 [main] INFO  o.s.c.c.c.ConfigServerConfigDataLoader - Fetching config from server at : http://config-server-bc:8888 
2025-04-22 23:35:11-758 [main] INFO  o.s.c.c.c.ConfigServerConfigDataLoader - Exception on Url - http://config-server-bc:8888:org.springframework.web.client.ResourceAccessException: I/O error on GET request for "http://config-server-bc:8888/users-service-api/default": config-server-bc. Will be trying the next url if available 
2025-04-22 23:35:11-758 [main] WARN  o.s.c.c.c.ConfigServerConfigDataLoader - Could not locate PropertySource ([ConfigServerConfigDataResource@77401977 uris = array<String>['http://config-server-bc:8888'], optional = true, profiles = 'default']): I/O error on GET request for "http://config-server-bc:8888/users-service-api/default": config-server-bc 
2025-04-22 23:35:11-758 [main] INFO  o.s.c.c.c.ConfigServerConfigDataLoader - Fetching config from server at : http://config-server-bc:8888 
2025-04-22 23:35:11-758 [main] INFO  o.s.c.c.c.ConfigServerConfigDataLoader - Exception on Url - http://config-server-bc:8888:org.springframework.web.client.ResourceAccessException: I/O error on GET request for "http://config-server-bc:8888/users-service-api/local": config-server-bc. Will be trying the next url if available 
2025-04-22 23:35:11-759 [main] WARN  o.s.c.c.c.ConfigServerConfigDataLoader - Could not locate PropertySource ([ConfigServerConfigDataResource@432448 uris = array<String>['http://config-server-bc:8888'], optional = true, profiles = 'local']): I/O error on GET request for "http://config-server-bc:8888/users-service-api/local": config-server-bc 
2025-04-22 23:35:11-759 [main] INFO  o.s.c.c.c.ConfigServerConfigDataLoader - Fetching config from server at : http://config-server-bc:8888 
2025-04-22 23:35:11-759 [main] INFO  o.s.c.c.c.ConfigServerConfigDataLoader - Exception on Url - http://config-server-bc:8888:org.springframework.web.client.ResourceAccessException: I/O error on GET request for "http://config-server-bc:8888/users-service-api/default": config-server-bc. Will be trying the next url if available 
2025-04-22 23:35:11-759 [main] WARN  o.s.c.c.c.ConfigServerConfigDataLoader - Could not locate PropertySource ([ConfigServerConfigDataResource@4452e13c uris = array<String>['http://config-server-bc:8888'], optional = true, profiles = 'default']): I/O error on GET request for "http://config-server-bc:8888/users-service-api/default": config-server-bc 
2025-04-22 23:35:13-071 [main] INFO  o.s.d.r.c.RepositoryConfigurationDelegate - Bootstrapping Spring Data Reactive MongoDB repositories in DEFAULT mode. 
2025-04-22 23:35:13-540 [main] INFO  o.s.d.r.c.RepositoryConfigurationDelegate - Finished Spring Data repository scanning in 455 ms. Found 1 Reactive MongoDB repository interface. 
2025-04-22 23:35:14-010 [main] INFO  o.s.cloud.context.scope.GenericScope - BeanFactory id=611ef13d-e9cf-37e3-9654-11dd09564ea1 
2025-04-22 23:35:14-839 [main] INFO  org.mongodb.driver.client - MongoClient with metadata {"driver": {"name": "mongo-java-driver|reactive-streams|spring-boot", "version": "5.2.1"}, "os": {"type": "Windows", "name": "Windows 10", "architecture": "amd64", "version": "10.0"}, "platform": "Java/Oracle Corporation/17.0.12+8-LTS-286"} created with settings MongoClientSettings{readPreference=primary, writeConcern=WriteConcern{w=null, wTimeout=null ms, journal=null}, retryWrites=true, retryReads=true, readConcern=ReadConcern{level=null}, credential=null, transportSettings=NettyTransportSettings{eventLoopGroup=io.netty.channel.nio.NioEventLoopGroup@2aff6ec3, socketChannelClass=null, allocator=null, sslContext=null}, commandListeners=[io.micrometer.core.instrument.binder.mongodb.MongoMetricsCommandListener@161e7cbc], codecRegistry=ProvidersCodecRegistry{codecProviders=[ValueCodecProvider{}, BsonValueCodecProvider{}, DBRefCodecProvider{}, DBObjectCodecProvider{}, DocumentCodecProvider{}, CollectionCodecProvider{}, IterableCodecProvider{}, MapCodecProvider{}, GeoJsonCodecProvider{}, GridFSFileCodecProvider{}, Jsr310CodecProvider{}, JsonObjectCodecProvider{}, BsonCodecProvider{}, EnumCodecProvider{}, com.mongodb.client.model.mql.ExpressionCodecProvider@22aeac34, com.mongodb.Jep395RecordCodecProvider@ce5417f, com.mongodb.KotlinCodecProvider@5d3dbf56]}, loggerSettings=LoggerSettings{maxDocumentLength=1000}, clusterSettings={hosts=[localhost:27017], srvServiceName=mongodb, mode=SINGLE, requiredClusterType=UNKNOWN, requiredReplicaSetName='null', serverSelector='null', clusterListeners='[]', serverSelectionTimeout='30000 ms', localThreshold='15 ms'}, socketSettings=SocketSettings{connectTimeoutMS=10000, readTimeoutMS=0, receiveBufferSize=0, proxySettings=ProxySettings{host=null, port=null, username=null, password=null}}, heartbeatSocketSettings=SocketSettings{connectTimeoutMS=10000, readTimeoutMS=10000, receiveBufferSize=0, proxySettings=ProxySettings{host=null, port=null, username=null, password=null}}, connectionPoolSettings=ConnectionPoolSettings{maxSize=100, minSize=0, maxWaitTimeMS=120000, maxConnectionLifeTimeMS=0, maxConnectionIdleTimeMS=0, maintenanceInitialDelayMS=0, maintenanceFrequencyMS=60000, connectionPoolListeners=[io.micrometer.core.instrument.binder.mongodb.MongoMetricsConnectionPoolListener@3823d3d1], maxConnecting=2}, serverSettings=ServerSettings{heartbeatFrequencyMS=10000, minHeartbeatFrequencyMS=500, serverMonitoringMode=AUTO, serverListeners='[]', serverMonitorListeners='[]'}, sslSettings=SslSettings{enabled=false, invalidHostNameAllowed=false, context=null}, applicationName='null', compressorList=[], uuidRepresentation=JAVA_LEGACY, serverApi=null, autoEncryptionSettings=null, dnsClient=null, inetAddressResolver=null, contextProvider=null, timeoutMS=null} 
2025-04-22 23:35:15-047 [cluster-ClusterId{value='68086e02edccdd3df2c7c4ac', description='null'}-localhost:27017] INFO  org.mongodb.driver.cluster - Monitor thread successfully connected to server with description ServerDescription{address=localhost:27017, type=STANDALONE, cryptd=false, state=CONNECTED, ok=true, minWireVersion=0, maxWireVersion=25, maxDocumentSize=16777216, logicalSessionTimeoutMinutes=30, roundTripTimeNanos=99960000, minRoundTripTimeNanos=0} 
2025-04-22 23:35:16-079 [main] INFO  o.s.v.b.OptionalValidatorFactoryBean - Failed to set up a Bean Validation provider: jakarta.validation.NoProviderFoundException: Unable to create a Configuration, because no Jakarta Bean Validation provider could be found. Add a provider like Hibernate Validator (RI) to your classpath. 
2025-04-22 23:35:17-440 [main] INFO  o.s.b.a.e.web.EndpointLinksResolver - Exposing 2 endpoints beneath base path '/actuator' 
2025-04-22 23:35:18-206 [main] INFO  o.s.c.n.e.c.DiscoveryClientOptionalArgsConfiguration - Eureka HTTP Client uses RestTemplate. 
2025-04-22 23:35:18-286 [main] WARN  o.s.c.l.c.LoadBalancerCacheAutoConfiguration$LoadBalancerCaffeineWarnLogger - Spring Cloud LoadBalancer is currently working with the default cache. While this cache implementation is useful for development and tests, it's recommended to use Caffeine cache in production.You can switch to using Caffeine cache, by adding it and org.springframework.cache.caffeine.CaffeineCacheManager to the classpath. 
2025-04-22 23:35:18-417 [main] INFO  o.s.c.n.eureka.InstanceInfoFactory - Setting initial instance status as: STARTING 
2025-04-22 23:35:18-448 [main] INFO  c.netflix.discovery.DiscoveryClient - Initializing Eureka in region us-east-1 
2025-04-22 23:35:18-455 [main] INFO  c.n.d.s.r.aws.ConfigClusterResolver - Resolving eureka endpoints via configuration 
2025-04-22 23:35:18-466 [main] INFO  c.netflix.discovery.DiscoveryClient - Disable delta property : false 
2025-04-22 23:35:18-467 [main] INFO  c.netflix.discovery.DiscoveryClient - Single vip registry refresh property : null 
2025-04-22 23:35:18-467 [main] INFO  c.netflix.discovery.DiscoveryClient - Force full registry fetch : false 
2025-04-22 23:35:18-467 [main] INFO  c.netflix.discovery.DiscoveryClient - Application is null : false 
2025-04-22 23:35:18-467 [main] INFO  c.netflix.discovery.DiscoveryClient - Registered Applications size is zero : true 
2025-04-22 23:35:18-467 [main] INFO  c.netflix.discovery.DiscoveryClient - Application version is -1: true 
2025-04-22 23:35:18-467 [main] INFO  c.netflix.discovery.DiscoveryClient - Getting all instance registry info from the eureka server 
2025-04-22 23:35:18-856 [main] INFO  c.netflix.discovery.DiscoveryClient - The response status is 200 
2025-04-22 23:35:18-859 [main] INFO  c.netflix.discovery.DiscoveryClient - Starting heartbeat executor: renew interval is: 30 
2025-04-22 23:35:18-863 [main] INFO  c.n.discovery.InstanceInfoReplicator - InstanceInfoReplicator onDemand update allowed rate per min is 4 
2025-04-22 23:35:18-866 [main] INFO  c.netflix.discovery.DiscoveryClient - Discovery Client initialized at timestamp 1745382918865 with initial instances count: 4 
2025-04-22 23:35:18-869 [main] INFO  o.s.c.n.e.s.EurekaServiceRegistry - Registering application USERS-SERVICE-API with eureka with status UP 
2025-04-22 23:35:18-870 [main] INFO  c.netflix.discovery.DiscoveryClient - Saw local status change event StatusChangeEvent [timestamp=1745382918870, current=UP, previous=STARTING] 
2025-04-22 23:35:18-873 [DiscoveryClient-InstanceInfoReplicator-%d] INFO  c.netflix.discovery.DiscoveryClient - DiscoveryClient_USERS-SERVICE-API/users-service-api:9191: registering service... 
2025-04-22 23:35:18-941 [DiscoveryClient-InstanceInfoReplicator-%d] INFO  c.netflix.discovery.DiscoveryClient - DiscoveryClient_USERS-SERVICE-API/users-service-api:9191 - registration status: 204 
2025-04-22 23:35:18-955 [main] INFO  o.a.k.c.consumer.ConsumerConfig - ConsumerConfig values: 
	allow.auto.create.topics = true
	auto.commit.interval.ms = 5000
	auto.include.jmx.reporter = true
	auto.offset.reset = latest
	bootstrap.servers = [localhost:9092]
	check.crcs = true
	client.dns.lookup = use_all_dns_ips
	client.id = consumer-user_group-1
	client.rack = 
	connections.max.idle.ms = 540000
	default.api.timeout.ms = 60000
	enable.auto.commit = false
	enable.metrics.push = true
	exclude.internal.topics = true
	fetch.max.bytes = 52428800
	fetch.max.wait.ms = 500
	fetch.min.bytes = 1
	group.id = user_group
	group.instance.id = null
	group.protocol = classic
	group.remote.assignor = null
	heartbeat.interval.ms = 3000
	interceptor.classes = []
	internal.leave.group.on.close = true
	internal.throw.on.fetch.stable.offset.unsupported = false
	isolation.level = read_uncommitted
	key.deserializer = class org.apache.kafka.common.serialization.StringDeserializer
	max.partition.fetch.bytes = 1048576
	max.poll.interval.ms = 300000
	max.poll.records = 500
	metadata.max.age.ms = 300000
	metadata.recovery.strategy = none
	metric.reporters = []
	metrics.num.samples = 2
	metrics.recording.level = INFO
	metrics.sample.window.ms = 30000
	partition.assignment.strategy = [class org.apache.kafka.clients.consumer.RangeAssignor, class org.apache.kafka.clients.consumer.CooperativeStickyAssignor]
	receive.buffer.bytes = 65536
	reconnect.backoff.max.ms = 1000
	reconnect.backoff.ms = 50
	request.timeout.ms = 30000
	retry.backoff.max.ms = 1000
	retry.backoff.ms = 100
	sasl.client.callback.handler.class = null
	sasl.jaas.config = null
	sasl.kerberos.kinit.cmd = /usr/bin/kinit
	sasl.kerberos.min.time.before.relogin = 60000
	sasl.kerberos.service.name = null
	sasl.kerberos.ticket.renew.jitter = 0.05
	sasl.kerberos.ticket.renew.window.factor = 0.8
	sasl.login.callback.handler.class = null
	sasl.login.class = null
	sasl.login.connect.timeout.ms = null
	sasl.login.read.timeout.ms = null
	sasl.login.refresh.buffer.seconds = 300
	sasl.login.refresh.min.period.seconds = 60
	sasl.login.refresh.window.factor = 0.8
	sasl.login.refresh.window.jitter = 0.05
	sasl.login.retry.backoff.max.ms = 10000
	sasl.login.retry.backoff.ms = 100
	sasl.mechanism = GSSAPI
	sasl.oauthbearer.clock.skew.seconds = 30
	sasl.oauthbearer.expected.audience = null
	sasl.oauthbearer.expected.issuer = null
	sasl.oauthbearer.jwks.endpoint.refresh.ms = 3600000
	sasl.oauthbearer.jwks.endpoint.retry.backoff.max.ms = 10000
	sasl.oauthbearer.jwks.endpoint.retry.backoff.ms = 100
	sasl.oauthbearer.jwks.endpoint.url = null
	sasl.oauthbearer.scope.claim.name = scope
	sasl.oauthbearer.sub.claim.name = sub
	sasl.oauthbearer.token.endpoint.url = null
	security.protocol = PLAINTEXT
	security.providers = null
	send.buffer.bytes = 131072
	session.timeout.ms = 45000
	socket.connection.setup.timeout.max.ms = 30000
	socket.connection.setup.timeout.ms = 10000
	ssl.cipher.suites = null
	ssl.enabled.protocols = [TLSv1.2, TLSv1.3]
	ssl.endpoint.identification.algorithm = https
	ssl.engine.factory.class = null
	ssl.key.password = null
	ssl.keymanager.algorithm = SunX509
	ssl.keystore.certificate.chain = null
	ssl.keystore.key = null
	ssl.keystore.location = null
	ssl.keystore.password = null
	ssl.keystore.type = JKS
	ssl.protocol = TLSv1.3
	ssl.provider = null
	ssl.secure.random.implementation = null
	ssl.trustmanager.algorithm = PKIX
	ssl.truststore.certificates = null
	ssl.truststore.location = null
	ssl.truststore.password = null
	ssl.truststore.type = JKS
	value.deserializer = class org.apache.kafka.common.serialization.StringDeserializer
 
2025-04-22 23:35:19-030 [main] INFO  o.a.k.c.t.i.KafkaMetricsCollector - initializing Kafka metrics collector 
2025-04-22 23:35:19-200 [main] INFO  o.a.kafka.common.utils.AppInfoParser - Kafka version: 3.8.1 
2025-04-22 23:35:19-200 [main] INFO  o.a.kafka.common.utils.AppInfoParser - Kafka commitId: 70d6ff42debf7e17 
2025-04-22 23:35:19-200 [main] INFO  o.a.kafka.common.utils.AppInfoParser - Kafka startTimeMs: 1745382919198 
2025-04-22 23:35:19-215 [main] INFO  o.a.k.c.c.i.LegacyKafkaConsumer - [Consumer clientId=consumer-user_group-1, groupId=user_group] Subscribed to topic(s): yanki-user 
2025-04-22 23:35:19-245 [main] INFO  c.y.u.s.a.s.UserServiceImplTest - Started UserServiceImplTest in 9.859 seconds (process running for 12.328) 
2025-04-22 23:35:19-881 [org.springframework.kafka.KafkaListenerEndpointContainer#0-0-C-1] INFO  org.apache.kafka.clients.Metadata - [Consumer clientId=consumer-user_group-1, groupId=user_group] Cluster ID: R1XLCkdBR4O4KzE_70uX4A 
2025-04-22 23:35:19-882 [org.springframework.kafka.KafkaListenerEndpointContainer#0-0-C-1] INFO  o.a.k.c.c.i.ConsumerCoordinator - [Consumer clientId=consumer-user_group-1, groupId=user_group] Discovered group coordinator kafka:9092 (id: 2147482646 rack: null) 
2025-04-22 23:35:20-240 [main] INFO  c.y.u.s.api.service.UserServiceImpl - Subscribed to yanki user request 
2025-04-22 23:35:20-240 [main] INFO  c.y.u.s.api.service.UserServiceImpl - Subscribed to yanki user response 
2025-04-22 23:35:20-514 [SpringApplicationShutdownHook] INFO  o.s.c.n.e.s.EurekaServiceRegistry - Unregistering application USERS-SERVICE-API with eureka with status DOWN 
2025-04-22 23:35:20-515 [SpringApplicationShutdownHook] INFO  c.netflix.discovery.DiscoveryClient - Saw local status change event StatusChangeEvent [timestamp=1745382920515, current=DOWN, previous=UP] 
2025-04-22 23:35:20-515 [DiscoveryClient-InstanceInfoReplicator-%d] INFO  c.netflix.discovery.DiscoveryClient - DiscoveryClient_USERS-SERVICE-API/users-service-api:9191: registering service... 
2025-04-22 23:35:20-522 [DiscoveryClient-InstanceInfoReplicator-%d] INFO  c.netflix.discovery.DiscoveryClient - DiscoveryClient_USERS-SERVICE-API/users-service-api:9191 - registration status: 204 
2025-04-22 23:35:22-216 [org.springframework.kafka.KafkaListenerEndpointContainer#0-0-C-1] WARN  o.apache.kafka.clients.NetworkClient - [Consumer clientId=consumer-user_group-1, groupId=user_group] Error connecting to node kafka:9092 (id: 2147482646 rack: null) 
java.net.UnknownHostException: Host desconocido (kafka)
	at java.base/java.net.Inet6AddressImpl.lookupAllHostAddr(Native Method)
	at java.base/java.net.InetAddress$PlatformNameService.lookupAllHostAddr(InetAddress.java:933)
	at java.base/java.net.InetAddress.getAddressesFromNameService(InetAddress.java:1543)
	at java.base/java.net.InetAddress$NameServiceAddresses.get(InetAddress.java:852)
	at java.base/java.net.InetAddress.getAllByName0(InetAddress.java:1532)
	at java.base/java.net.InetAddress.getAllByName(InetAddress.java:1384)
	at java.base/java.net.InetAddress.getAllByName(InetAddress.java:1305)
	at org.apache.kafka.clients.DefaultHostResolver.resolve(DefaultHostResolver.java:27)
	at org.apache.kafka.clients.ClientUtils.resolve(ClientUtils.java:124)
	at org.apache.kafka.clients.ClusterConnectionStates$NodeConnectionState.resolveAddresses(ClusterConnectionStates.java:536)
	at org.apache.kafka.clients.ClusterConnectionStates$NodeConnectionState.currentAddress(ClusterConnectionStates.java:511)
	at org.apache.kafka.clients.ClusterConnectionStates$NodeConnectionState.access$200(ClusterConnectionStates.java:466)
	at org.apache.kafka.clients.ClusterConnectionStates.currentAddress(ClusterConnectionStates.java:173)
	at org.apache.kafka.clients.NetworkClient.initiateConnect(NetworkClient.java:1070)
	at org.apache.kafka.clients.NetworkClient.ready(NetworkClient.java:320)
	at org.apache.kafka.clients.NetworkClientUtils.tryConnect(NetworkClientUtils.java:141)
	at org.apache.kafka.clients.consumer.internals.ConsumerNetworkClient.tryConnect(ConsumerNetworkClient.java:589)
	at org.apache.kafka.clients.consumer.internals.AbstractCoordinator$FindCoordinatorResponseHandler.onSuccess(AbstractCoordinator.java:937)
	at org.apache.kafka.clients.consumer.internals.AbstractCoordinator$FindCoordinatorResponseHandler.onSuccess(AbstractCoordinator.java:913)
	at org.apache.kafka.clients.consumer.internals.RequestFuture$1.onSuccess(RequestFuture.java:206)
	at org.apache.kafka.clients.consumer.internals.RequestFuture.fireSuccess(RequestFuture.java:169)
	at org.apache.kafka.clients.consumer.internals.RequestFuture.complete(RequestFuture.java:129)
	at org.apache.kafka.clients.consumer.internals.ConsumerNetworkClient$RequestFutureCompletionHandler.fireCompletion(ConsumerNetworkClient.java:616)
	at org.apache.kafka.clients.consumer.internals.ConsumerNetworkClient.firePendingCompletedRequests(ConsumerNetworkClient.java:428)
	at org.apache.kafka.clients.consumer.internals.ConsumerNetworkClient.poll(ConsumerNetworkClient.java:313)
	at org.apache.kafka.clients.consumer.internals.ConsumerNetworkClient.poll(ConsumerNetworkClient.java:231)
	at org.apache.kafka.clients.consumer.internals.AbstractCoordinator.ensureCoordinatorReady(AbstractCoordinator.java:289)
	at org.apache.kafka.clients.consumer.internals.AbstractCoordinator.ensureCoordinatorReady(AbstractCoordinator.java:263)
	at org.apache.kafka.clients.consumer.internals.ConsumerCoordinator.coordinatorUnknownAndUnreadySync(ConsumerCoordinator.java:450)
	at org.apache.kafka.clients.consumer.internals.ConsumerCoordinator.poll(ConsumerCoordinator.java:482)
	at org.apache.kafka.clients.consumer.internals.LegacyKafkaConsumer.updateAssignmentMetadataIfNeeded(LegacyKafkaConsumer.java:652)
	at org.apache.kafka.clients.consumer.internals.LegacyKafkaConsumer.poll(LegacyKafkaConsumer.java:611)
	at org.apache.kafka.clients.consumer.internals.LegacyKafkaConsumer.poll(LegacyKafkaConsumer.java:591)
	at org.apache.kafka.clients.consumer.KafkaConsumer.poll(KafkaConsumer.java:874)
	at org.springframework.kafka.listener.KafkaMessageListenerContainer$ListenerConsumer.pollConsumer(KafkaMessageListenerContainer.java:1692)
	at org.springframework.kafka.listener.KafkaMessageListenerContainer$ListenerConsumer.doPoll(KafkaMessageListenerContainer.java:1667)
	at org.springframework.kafka.listener.KafkaMessageListenerContainer$ListenerConsumer.pollAndInvoke(KafkaMessageListenerContainer.java:1445)
	at org.springframework.kafka.listener.KafkaMessageListenerContainer$ListenerConsumer.run(KafkaMessageListenerContainer.java:1335)
	at java.base/java.util.concurrent.CompletableFuture$AsyncRun.run(CompletableFuture.java:1804)
	at java.base/java.lang.Thread.run(Thread.java:842)
2025-04-22 23:35:22-223 [org.springframework.kafka.KafkaListenerEndpointContainer#0-0-C-1] INFO  o.a.k.c.c.i.ConsumerCoordinator - [Consumer clientId=consumer-user_group-1, groupId=user_group] (Re-)joining group 
2025-04-22 23:35:22-233 [org.springframework.kafka.KafkaListenerEndpointContainer#0-0-C-1] WARN  o.apache.kafka.clients.NetworkClient - [Consumer clientId=consumer-user_group-1, groupId=user_group] Error connecting to node kafka:9092 (id: 2147482646 rack: null) 
java.net.UnknownHostException: kafka
	at java.base/java.net.InetAddress$CachedAddresses.get(InetAddress.java:801)
	at java.base/java.net.InetAddress.getAllByName0(InetAddress.java:1532)
	at java.base/java.net.InetAddress.getAllByName(InetAddress.java:1384)
	at java.base/java.net.InetAddress.getAllByName(InetAddress.java:1305)
	at org.apache.kafka.clients.DefaultHostResolver.resolve(DefaultHostResolver.java:27)
	at org.apache.kafka.clients.ClientUtils.resolve(ClientUtils.java:124)
	at org.apache.kafka.clients.ClusterConnectionStates$NodeConnectionState.resolveAddresses(ClusterConnectionStates.java:536)
	at org.apache.kafka.clients.ClusterConnectionStates$NodeConnectionState.currentAddress(ClusterConnectionStates.java:511)
	at org.apache.kafka.clients.ClusterConnectionStates$NodeConnectionState.access$200(ClusterConnectionStates.java:466)
	at org.apache.kafka.clients.ClusterConnectionStates.currentAddress(ClusterConnectionStates.java:173)
	at org.apache.kafka.clients.NetworkClient.initiateConnect(NetworkClient.java:1070)
	at org.apache.kafka.clients.NetworkClient.ready(NetworkClient.java:320)
	at org.apache.kafka.clients.consumer.internals.ConsumerNetworkClient.trySend(ConsumerNetworkClient.java:514)
	at org.apache.kafka.clients.consumer.internals.ConsumerNetworkClient.poll(ConsumerNetworkClient.java:271)
	at org.apache.kafka.clients.consumer.internals.ConsumerNetworkClient.poll(ConsumerNetworkClient.java:231)
	at org.apache.kafka.clients.consumer.internals.ConsumerNetworkClient.poll(ConsumerNetworkClient.java:215)
	at org.apache.kafka.clients.consumer.internals.AbstractCoordinator.joinGroupIfNeeded(AbstractCoordinator.java:480)
	at org.apache.kafka.clients.consumer.internals.AbstractCoordinator.ensureActiveGroup(AbstractCoordinator.java:414)
	at org.apache.kafka.clients.consumer.internals.ConsumerCoordinator.poll(ConsumerCoordinator.java:510)
	at org.apache.kafka.clients.consumer.internals.LegacyKafkaConsumer.updateAssignmentMetadataIfNeeded(LegacyKafkaConsumer.java:652)
	at org.apache.kafka.clients.consumer.internals.LegacyKafkaConsumer.poll(LegacyKafkaConsumer.java:611)
	at org.apache.kafka.clients.consumer.internals.LegacyKafkaConsumer.poll(LegacyKafkaConsumer.java:591)
	at org.apache.kafka.clients.consumer.KafkaConsumer.poll(KafkaConsumer.java:874)
	at org.springframework.kafka.listener.KafkaMessageListenerContainer$ListenerConsumer.pollConsumer(KafkaMessageListenerContainer.java:1692)
	at org.springframework.kafka.listener.KafkaMessageListenerContainer$ListenerConsumer.doPoll(KafkaMessageListenerContainer.java:1667)
	at org.springframework.kafka.listener.KafkaMessageListenerContainer$ListenerConsumer.pollAndInvoke(KafkaMessageListenerContainer.java:1445)
	at org.springframework.kafka.listener.KafkaMessageListenerContainer$ListenerConsumer.run(KafkaMessageListenerContainer.java:1335)
	at java.base/java.util.concurrent.CompletableFuture$AsyncRun.run(CompletableFuture.java:1804)
	at java.base/java.lang.Thread.run(Thread.java:842)
2025-04-22 23:35:22-235 [org.springframework.kafka.KafkaListenerEndpointContainer#0-0-C-1] INFO  o.a.k.c.c.i.ConsumerCoordinator - [Consumer clientId=consumer-user_group-1, groupId=user_group] Group coordinator kafka:9092 (id: 2147482646 rack: null) is unavailable or invalid due to cause: coordinator unavailable. isDisconnected: true. Rediscovery will be attempted. 
2025-04-22 23:35:22-235 [org.springframework.kafka.KafkaListenerEndpointContainer#0-0-C-1] INFO  o.a.k.c.c.i.ConsumerCoordinator - [Consumer clientId=consumer-user_group-1, groupId=user_group] Resetting generation and member id due to: consumer pro-actively leaving the group 
2025-04-22 23:35:22-236 [org.springframework.kafka.KafkaListenerEndpointContainer#0-0-C-1] INFO  o.a.k.c.c.i.ConsumerCoordinator - [Consumer clientId=consumer-user_group-1, groupId=user_group] Request joining group due to: consumer pro-actively leaving the group 
2025-04-22 23:35:22-236 [org.springframework.kafka.KafkaListenerEndpointContainer#0-0-C-1] INFO  o.a.k.c.c.i.LegacyKafkaConsumer - [Consumer clientId=consumer-user_group-1, groupId=user_group] Unsubscribed all topics or patterns and assigned partitions 
2025-04-22 23:35:22-238 [org.springframework.kafka.KafkaListenerEndpointContainer#0-0-C-1] INFO  o.a.k.c.c.i.ConsumerCoordinator - [Consumer clientId=consumer-user_group-1, groupId=user_group] Resetting generation and member id due to: consumer pro-actively leaving the group 
2025-04-22 23:35:22-239 [org.springframework.kafka.KafkaListenerEndpointContainer#0-0-C-1] INFO  o.a.k.c.c.i.ConsumerCoordinator - [Consumer clientId=consumer-user_group-1, groupId=user_group] Request joining group due to: consumer pro-actively leaving the group 
2025-04-22 23:35:22-244 [org.springframework.kafka.KafkaListenerEndpointContainer#0-0-C-1] INFO  o.a.kafka.common.metrics.Metrics - Metrics scheduler closed 
2025-04-22 23:35:22-245 [org.springframework.kafka.KafkaListenerEndpointContainer#0-0-C-1] INFO  o.a.kafka.common.metrics.Metrics - Closing reporter org.apache.kafka.common.metrics.JmxReporter 
2025-04-22 23:35:22-245 [org.springframework.kafka.KafkaListenerEndpointContainer#0-0-C-1] INFO  o.a.kafka.common.metrics.Metrics - Closing reporter org.apache.kafka.common.telemetry.internals.ClientTelemetryReporter 
2025-04-22 23:35:22-245 [org.springframework.kafka.KafkaListenerEndpointContainer#0-0-C-1] INFO  o.a.kafka.common.metrics.Metrics - Metrics reporters closed 
2025-04-22 23:35:22-251 [org.springframework.kafka.KafkaListenerEndpointContainer#0-0-C-1] INFO  o.a.kafka.common.utils.AppInfoParser - App info kafka.consumer for consumer-user_group-1 unregistered 
2025-04-22 23:35:22-253 [org.springframework.kafka.KafkaListenerEndpointContainer#0-0-C-1] INFO  o.s.k.l.KafkaMessageListenerContainer - user_group: Consumer stopped 
2025-04-22 23:35:24-383 [SpringApplicationShutdownHook] INFO  c.netflix.discovery.DiscoveryClient - Shutting down DiscoveryClient ... 
2025-04-22 23:35:27-392 [SpringApplicationShutdownHook] INFO  c.netflix.discovery.DiscoveryClient - Unregistering ... 
2025-04-22 23:35:27-412 [SpringApplicationShutdownHook] INFO  c.netflix.discovery.DiscoveryClient - DiscoveryClient_USERS-SERVICE-API/users-service-api:9191 - deregister  status: 200 
2025-04-22 23:35:27-413 [SpringApplicationShutdownHook] INFO  c.netflix.discovery.DiscoveryClient - Completed shut down of DiscoveryClient 
2025-04-22 23:45:26-305 [main] INFO  o.s.t.c.s.AnnotationConfigContextLoaderUtils - Could not detect default configuration classes for test class [com.yanki.users.service.api.service.UserServiceImplTest]: UserServiceImplTest does not declare any static, non-private, non-final, nested classes annotated with @Configuration. 
2025-04-22 23:45:26-618 [main] INFO  o.s.b.t.c.SpringBootTestContextBootstrapper - Found @SpringBootConfiguration com.yanki.users.service.api.UsersServiceApiApplication for test class com.yanki.users.service.api.service.UserServiceImplTest 
2025-04-22 23:45:30-177 [main] INFO  c.y.u.s.a.s.UserServiceImplTest - Starting UserServiceImplTest using Java 17.0.12 with PID 19800 (started by mgarcsar in C:\Users\mgarcsar\Documents\Bootcamp\etregables\Yanki\users-service-api) 
2025-04-22 23:45:30-181 [main] INFO  c.y.u.s.a.s.UserServiceImplTest - The following 1 profile is active: "local" 
2025-04-22 23:45:30-308 [main] INFO  o.s.c.c.c.ConfigServerConfigDataLoader - Fetching config from server at : http://config-server-bc:8888 
2025-04-22 23:45:30-308 [main] INFO  o.s.c.c.c.ConfigServerConfigDataLoader - Exception on Url - http://config-server-bc:8888:org.springframework.web.client.ResourceAccessException: I/O error on GET request for "http://config-server-bc:8888/users-service-api/default": config-server-bc. Will be trying the next url if available 
2025-04-22 23:45:30-308 [main] WARN  o.s.c.c.c.ConfigServerConfigDataLoader - Could not locate PropertySource ([ConfigServerConfigDataResource@77401977 uris = array<String>['http://config-server-bc:8888'], optional = true, profiles = 'default']): I/O error on GET request for "http://config-server-bc:8888/users-service-api/default": config-server-bc 
2025-04-22 23:45:30-309 [main] INFO  o.s.c.c.c.ConfigServerConfigDataLoader - Fetching config from server at : http://config-server-bc:8888 
2025-04-22 23:45:30-309 [main] INFO  o.s.c.c.c.ConfigServerConfigDataLoader - Exception on Url - http://config-server-bc:8888:org.springframework.web.client.ResourceAccessException: I/O error on GET request for "http://config-server-bc:8888/users-service-api/local": config-server-bc. Will be trying the next url if available 
2025-04-22 23:45:30-309 [main] WARN  o.s.c.c.c.ConfigServerConfigDataLoader - Could not locate PropertySource ([ConfigServerConfigDataResource@432448 uris = array<String>['http://config-server-bc:8888'], optional = true, profiles = 'local']): I/O error on GET request for "http://config-server-bc:8888/users-service-api/local": config-server-bc 
2025-04-22 23:45:30-309 [main] INFO  o.s.c.c.c.ConfigServerConfigDataLoader - Fetching config from server at : http://config-server-bc:8888 
2025-04-22 23:45:30-309 [main] INFO  o.s.c.c.c.ConfigServerConfigDataLoader - Exception on Url - http://config-server-bc:8888:org.springframework.web.client.ResourceAccessException: I/O error on GET request for "http://config-server-bc:8888/users-service-api/default": config-server-bc. Will be trying the next url if available 
2025-04-22 23:45:30-310 [main] WARN  o.s.c.c.c.ConfigServerConfigDataLoader - Could not locate PropertySource ([ConfigServerConfigDataResource@4452e13c uris = array<String>['http://config-server-bc:8888'], optional = true, profiles = 'default']): I/O error on GET request for "http://config-server-bc:8888/users-service-api/default": config-server-bc 
2025-04-22 23:45:32-070 [main] INFO  o.s.d.r.c.RepositoryConfigurationDelegate - Bootstrapping Spring Data Reactive MongoDB repositories in DEFAULT mode. 
2025-04-22 23:45:32-591 [main] INFO  o.s.d.r.c.RepositoryConfigurationDelegate - Finished Spring Data repository scanning in 512 ms. Found 1 Reactive MongoDB repository interface. 
2025-04-22 23:45:32-973 [main] INFO  o.s.cloud.context.scope.GenericScope - BeanFactory id=611ef13d-e9cf-37e3-9654-11dd09564ea1 
2025-04-22 23:45:33-996 [main] INFO  org.mongodb.driver.client - MongoClient with metadata {"driver": {"name": "mongo-java-driver|reactive-streams|spring-boot", "version": "5.2.1"}, "os": {"type": "Windows", "name": "Windows 10", "architecture": "amd64", "version": "10.0"}, "platform": "Java/Oracle Corporation/17.0.12+8-LTS-286"} created with settings MongoClientSettings{readPreference=primary, writeConcern=WriteConcern{w=null, wTimeout=null ms, journal=null}, retryWrites=true, retryReads=true, readConcern=ReadConcern{level=null}, credential=null, transportSettings=NettyTransportSettings{eventLoopGroup=io.netty.channel.nio.NioEventLoopGroup@22aeac34, socketChannelClass=null, allocator=null, sslContext=null}, commandListeners=[io.micrometer.core.instrument.binder.mongodb.MongoMetricsCommandListener@ce5417f], codecRegistry=ProvidersCodecRegistry{codecProviders=[ValueCodecProvider{}, BsonValueCodecProvider{}, DBRefCodecProvider{}, DBObjectCodecProvider{}, DocumentCodecProvider{}, CollectionCodecProvider{}, IterableCodecProvider{}, MapCodecProvider{}, GeoJsonCodecProvider{}, GridFSFileCodecProvider{}, Jsr310CodecProvider{}, JsonObjectCodecProvider{}, BsonCodecProvider{}, EnumCodecProvider{}, com.mongodb.client.model.mql.ExpressionCodecProvider@5d3dbf56, com.mongodb.Jep395RecordCodecProvider@3823d3d1, com.mongodb.KotlinCodecProvider@6f3b07ed]}, loggerSettings=LoggerSettings{maxDocumentLength=1000}, clusterSettings={hosts=[localhost:27017], srvServiceName=mongodb, mode=SINGLE, requiredClusterType=UNKNOWN, requiredReplicaSetName='null', serverSelector='null', clusterListeners='[]', serverSelectionTimeout='30000 ms', localThreshold='15 ms'}, socketSettings=SocketSettings{connectTimeoutMS=10000, readTimeoutMS=0, receiveBufferSize=0, proxySettings=ProxySettings{host=null, port=null, username=null, password=null}}, heartbeatSocketSettings=SocketSettings{connectTimeoutMS=10000, readTimeoutMS=10000, receiveBufferSize=0, proxySettings=ProxySettings{host=null, port=null, username=null, password=null}}, connectionPoolSettings=ConnectionPoolSettings{maxSize=100, minSize=0, maxWaitTimeMS=120000, maxConnectionLifeTimeMS=0, maxConnectionIdleTimeMS=0, maintenanceInitialDelayMS=0, maintenanceFrequencyMS=60000, connectionPoolListeners=[io.micrometer.core.instrument.binder.mongodb.MongoMetricsConnectionPoolListener@49f35dcc], maxConnecting=2}, serverSettings=ServerSettings{heartbeatFrequencyMS=10000, minHeartbeatFrequencyMS=500, serverMonitoringMode=AUTO, serverListeners='[]', serverMonitorListeners='[]'}, sslSettings=SslSettings{enabled=false, invalidHostNameAllowed=false, context=null}, applicationName='null', compressorList=[], uuidRepresentation=JAVA_LEGACY, serverApi=null, autoEncryptionSettings=null, dnsClient=null, inetAddressResolver=null, contextProvider=null, timeoutMS=null} 
2025-04-22 23:45:34-232 [cluster-ClusterId{value='6808706d4e1ec04063bad681', description='null'}-localhost:27017] INFO  org.mongodb.driver.cluster - Monitor thread successfully connected to server with description ServerDescription{address=localhost:27017, type=STANDALONE, cryptd=false, state=CONNECTED, ok=true, minWireVersion=0, maxWireVersion=25, maxDocumentSize=16777216, logicalSessionTimeoutMinutes=30, roundTripTimeNanos=115413900, minRoundTripTimeNanos=0} 
2025-04-22 23:45:35-574 [main] INFO  o.s.v.b.OptionalValidatorFactoryBean - Failed to set up a Bean Validation provider: jakarta.validation.NoProviderFoundException: Unable to create a Configuration, because no Jakarta Bean Validation provider could be found. Add a provider like Hibernate Validator (RI) to your classpath. 
2025-04-22 23:45:37-884 [main] INFO  o.s.b.a.e.web.EndpointLinksResolver - Exposing 2 endpoints beneath base path '/actuator' 
2025-04-22 23:45:38-907 [main] INFO  o.s.c.n.e.c.DiscoveryClientOptionalArgsConfiguration - Eureka HTTP Client uses RestTemplate. 
2025-04-22 23:45:38-967 [main] WARN  o.s.c.l.c.LoadBalancerCacheAutoConfiguration$LoadBalancerCaffeineWarnLogger - Spring Cloud LoadBalancer is currently working with the default cache. While this cache implementation is useful for development and tests, it's recommended to use Caffeine cache in production.You can switch to using Caffeine cache, by adding it and org.springframework.cache.caffeine.CaffeineCacheManager to the classpath. 
2025-04-22 23:45:39-083 [main] INFO  o.s.c.n.eureka.InstanceInfoFactory - Setting initial instance status as: STARTING 
2025-04-22 23:45:39-122 [main] INFO  c.netflix.discovery.DiscoveryClient - Initializing Eureka in region us-east-1 
2025-04-22 23:45:39-130 [main] INFO  c.n.d.s.r.aws.ConfigClusterResolver - Resolving eureka endpoints via configuration 
2025-04-22 23:45:39-143 [main] INFO  c.netflix.discovery.DiscoveryClient - Disable delta property : false 
2025-04-22 23:45:39-144 [main] INFO  c.netflix.discovery.DiscoveryClient - Single vip registry refresh property : null 
2025-04-22 23:45:39-144 [main] INFO  c.netflix.discovery.DiscoveryClient - Force full registry fetch : false 
2025-04-22 23:45:39-144 [main] INFO  c.netflix.discovery.DiscoveryClient - Application is null : false 
2025-04-22 23:45:39-144 [main] INFO  c.netflix.discovery.DiscoveryClient - Registered Applications size is zero : true 
2025-04-22 23:45:39-144 [main] INFO  c.netflix.discovery.DiscoveryClient - Application version is -1: true 
2025-04-22 23:45:39-144 [main] INFO  c.netflix.discovery.DiscoveryClient - Getting all instance registry info from the eureka server 
2025-04-22 23:45:39-537 [main] INFO  c.netflix.discovery.DiscoveryClient - The response status is 200 
2025-04-22 23:45:39-540 [main] INFO  c.netflix.discovery.DiscoveryClient - Starting heartbeat executor: renew interval is: 30 
2025-04-22 23:45:39-543 [main] INFO  c.n.discovery.InstanceInfoReplicator - InstanceInfoReplicator onDemand update allowed rate per min is 4 
2025-04-22 23:45:39-545 [main] INFO  c.netflix.discovery.DiscoveryClient - Discovery Client initialized at timestamp 1745383539545 with initial instances count: 4 
2025-04-22 23:45:39-548 [main] INFO  o.s.c.n.e.s.EurekaServiceRegistry - Registering application USERS-SERVICE-API with eureka with status UP 
2025-04-22 23:45:39-548 [main] INFO  c.netflix.discovery.DiscoveryClient - Saw local status change event StatusChangeEvent [timestamp=1745383539548, current=UP, previous=STARTING] 
2025-04-22 23:45:39-551 [DiscoveryClient-InstanceInfoReplicator-%d] INFO  c.netflix.discovery.DiscoveryClient - DiscoveryClient_USERS-SERVICE-API/users-service-api:9191: registering service... 
2025-04-22 23:45:39-603 [DiscoveryClient-InstanceInfoReplicator-%d] INFO  c.netflix.discovery.DiscoveryClient - DiscoveryClient_USERS-SERVICE-API/users-service-api:9191 - registration status: 204 
2025-04-22 23:45:39-625 [main] INFO  o.a.k.c.consumer.ConsumerConfig - ConsumerConfig values: 
	allow.auto.create.topics = true
	auto.commit.interval.ms = 5000
	auto.include.jmx.reporter = true
	auto.offset.reset = latest
	bootstrap.servers = [localhost:9092]
	check.crcs = true
	client.dns.lookup = use_all_dns_ips
	client.id = consumer-user_group-1
	client.rack = 
	connections.max.idle.ms = 540000
	default.api.timeout.ms = 60000
	enable.auto.commit = false
	enable.metrics.push = true
	exclude.internal.topics = true
	fetch.max.bytes = 52428800
	fetch.max.wait.ms = 500
	fetch.min.bytes = 1
	group.id = user_group
	group.instance.id = null
	group.protocol = classic
	group.remote.assignor = null
	heartbeat.interval.ms = 3000
	interceptor.classes = []
	internal.leave.group.on.close = true
	internal.throw.on.fetch.stable.offset.unsupported = false
	isolation.level = read_uncommitted
	key.deserializer = class org.apache.kafka.common.serialization.StringDeserializer
	max.partition.fetch.bytes = 1048576
	max.poll.interval.ms = 300000
	max.poll.records = 500
	metadata.max.age.ms = 300000
	metadata.recovery.strategy = none
	metric.reporters = []
	metrics.num.samples = 2
	metrics.recording.level = INFO
	metrics.sample.window.ms = 30000
	partition.assignment.strategy = [class org.apache.kafka.clients.consumer.RangeAssignor, class org.apache.kafka.clients.consumer.CooperativeStickyAssignor]
	receive.buffer.bytes = 65536
	reconnect.backoff.max.ms = 1000
	reconnect.backoff.ms = 50
	request.timeout.ms = 30000
	retry.backoff.max.ms = 1000
	retry.backoff.ms = 100
	sasl.client.callback.handler.class = null
	sasl.jaas.config = null
	sasl.kerberos.kinit.cmd = /usr/bin/kinit
	sasl.kerberos.min.time.before.relogin = 60000
	sasl.kerberos.service.name = null
	sasl.kerberos.ticket.renew.jitter = 0.05
	sasl.kerberos.ticket.renew.window.factor = 0.8
	sasl.login.callback.handler.class = null
	sasl.login.class = null
	sasl.login.connect.timeout.ms = null
	sasl.login.read.timeout.ms = null
	sasl.login.refresh.buffer.seconds = 300
	sasl.login.refresh.min.period.seconds = 60
	sasl.login.refresh.window.factor = 0.8
	sasl.login.refresh.window.jitter = 0.05
	sasl.login.retry.backoff.max.ms = 10000
	sasl.login.retry.backoff.ms = 100
	sasl.mechanism = GSSAPI
	sasl.oauthbearer.clock.skew.seconds = 30
	sasl.oauthbearer.expected.audience = null
	sasl.oauthbearer.expected.issuer = null
	sasl.oauthbearer.jwks.endpoint.refresh.ms = 3600000
	sasl.oauthbearer.jwks.endpoint.retry.backoff.max.ms = 10000
	sasl.oauthbearer.jwks.endpoint.retry.backoff.ms = 100
	sasl.oauthbearer.jwks.endpoint.url = null
	sasl.oauthbearer.scope.claim.name = scope
	sasl.oauthbearer.sub.claim.name = sub
	sasl.oauthbearer.token.endpoint.url = null
	security.protocol = PLAINTEXT
	security.providers = null
	send.buffer.bytes = 131072
	session.timeout.ms = 45000
	socket.connection.setup.timeout.max.ms = 30000
	socket.connection.setup.timeout.ms = 10000
	ssl.cipher.suites = null
	ssl.enabled.protocols = [TLSv1.2, TLSv1.3]
	ssl.endpoint.identification.algorithm = https
	ssl.engine.factory.class = null
	ssl.key.password = null
	ssl.keymanager.algorithm = SunX509
	ssl.keystore.certificate.chain = null
	ssl.keystore.key = null
	ssl.keystore.location = null
	ssl.keystore.password = null
	ssl.keystore.type = JKS
	ssl.protocol = TLSv1.3
	ssl.provider = null
	ssl.secure.random.implementation = null
	ssl.trustmanager.algorithm = PKIX
	ssl.truststore.certificates = null
	ssl.truststore.location = null
	ssl.truststore.password = null
	ssl.truststore.type = JKS
	value.deserializer = class org.apache.kafka.common.serialization.StringDeserializer
 
2025-04-22 23:45:39-720 [main] INFO  o.a.k.c.t.i.KafkaMetricsCollector - initializing Kafka metrics collector 
2025-04-22 23:45:39-935 [main] INFO  o.a.kafka.common.utils.AppInfoParser - Kafka version: 3.8.1 
2025-04-22 23:45:39-936 [main] INFO  o.a.kafka.common.utils.AppInfoParser - Kafka commitId: 70d6ff42debf7e17 
2025-04-22 23:45:39-936 [main] INFO  o.a.kafka.common.utils.AppInfoParser - Kafka startTimeMs: 1745383539933 
2025-04-22 23:45:39-955 [main] INFO  o.a.k.c.c.i.LegacyKafkaConsumer - [Consumer clientId=consumer-user_group-1, groupId=user_group] Subscribed to topic(s): yanki-user 
2025-04-22 23:45:39-994 [main] INFO  c.y.u.s.a.s.UserServiceImplTest - Started UserServiceImplTest in 12.624 seconds (process running for 16.802) 
2025-04-22 23:45:40-627 [org.springframework.kafka.KafkaListenerEndpointContainer#0-0-C-1] INFO  org.apache.kafka.clients.Metadata - [Consumer clientId=consumer-user_group-1, groupId=user_group] Cluster ID: R1XLCkdBR4O4KzE_70uX4A 
2025-04-22 23:45:40-628 [org.springframework.kafka.KafkaListenerEndpointContainer#0-0-C-1] INFO  o.a.k.c.c.i.ConsumerCoordinator - [Consumer clientId=consumer-user_group-1, groupId=user_group] Discovered group coordinator kafka:9092 (id: 2147482646 rack: null) 
2025-04-22 23:45:40-983 [main] INFO  c.y.u.s.api.service.UserServiceImpl - Subscribed to yanki user request 
2025-04-22 23:45:40-984 [main] INFO  c.y.u.s.api.service.UserServiceImpl - Subscribed to yanki user response 
2025-04-22 23:45:41-274 [SpringApplicationShutdownHook] INFO  o.s.c.n.e.s.EurekaServiceRegistry - Unregistering application USERS-SERVICE-API with eureka with status DOWN 
2025-04-22 23:45:41-274 [SpringApplicationShutdownHook] INFO  c.netflix.discovery.DiscoveryClient - Saw local status change event StatusChangeEvent [timestamp=1745383541274, current=DOWN, previous=UP] 
2025-04-22 23:45:41-275 [DiscoveryClient-InstanceInfoReplicator-%d] INFO  c.netflix.discovery.DiscoveryClient - DiscoveryClient_USERS-SERVICE-API/users-service-api:9191: registering service... 
2025-04-22 23:45:41-284 [DiscoveryClient-InstanceInfoReplicator-%d] INFO  c.netflix.discovery.DiscoveryClient - DiscoveryClient_USERS-SERVICE-API/users-service-api:9191 - registration status: 204 
2025-04-22 23:45:42-932 [org.springframework.kafka.KafkaListenerEndpointContainer#0-0-C-1] WARN  o.apache.kafka.clients.NetworkClient - [Consumer clientId=consumer-user_group-1, groupId=user_group] Error connecting to node kafka:9092 (id: 2147482646 rack: null) 
java.net.UnknownHostException: Host desconocido (kafka)
	at java.base/java.net.Inet6AddressImpl.lookupAllHostAddr(Native Method)
	at java.base/java.net.InetAddress$PlatformNameService.lookupAllHostAddr(InetAddress.java:933)
	at java.base/java.net.InetAddress.getAddressesFromNameService(InetAddress.java:1543)
	at java.base/java.net.InetAddress$NameServiceAddresses.get(InetAddress.java:852)
	at java.base/java.net.InetAddress.getAllByName0(InetAddress.java:1532)
	at java.base/java.net.InetAddress.getAllByName(InetAddress.java:1384)
	at java.base/java.net.InetAddress.getAllByName(InetAddress.java:1305)
	at org.apache.kafka.clients.DefaultHostResolver.resolve(DefaultHostResolver.java:27)
	at org.apache.kafka.clients.ClientUtils.resolve(ClientUtils.java:124)
	at org.apache.kafka.clients.ClusterConnectionStates$NodeConnectionState.resolveAddresses(ClusterConnectionStates.java:536)
	at org.apache.kafka.clients.ClusterConnectionStates$NodeConnectionState.currentAddress(ClusterConnectionStates.java:511)
	at org.apache.kafka.clients.ClusterConnectionStates$NodeConnectionState.access$200(ClusterConnectionStates.java:466)
	at org.apache.kafka.clients.ClusterConnectionStates.currentAddress(ClusterConnectionStates.java:173)
	at org.apache.kafka.clients.NetworkClient.initiateConnect(NetworkClient.java:1070)
	at org.apache.kafka.clients.NetworkClient.ready(NetworkClient.java:320)
	at org.apache.kafka.clients.NetworkClientUtils.tryConnect(NetworkClientUtils.java:141)
	at org.apache.kafka.clients.consumer.internals.ConsumerNetworkClient.tryConnect(ConsumerNetworkClient.java:589)
	at org.apache.kafka.clients.consumer.internals.AbstractCoordinator$FindCoordinatorResponseHandler.onSuccess(AbstractCoordinator.java:937)
	at org.apache.kafka.clients.consumer.internals.AbstractCoordinator$FindCoordinatorResponseHandler.onSuccess(AbstractCoordinator.java:913)
	at org.apache.kafka.clients.consumer.internals.RequestFuture$1.onSuccess(RequestFuture.java:206)
	at org.apache.kafka.clients.consumer.internals.RequestFuture.fireSuccess(RequestFuture.java:169)
	at org.apache.kafka.clients.consumer.internals.RequestFuture.complete(RequestFuture.java:129)
	at org.apache.kafka.clients.consumer.internals.ConsumerNetworkClient$RequestFutureCompletionHandler.fireCompletion(ConsumerNetworkClient.java:616)
	at org.apache.kafka.clients.consumer.internals.ConsumerNetworkClient.firePendingCompletedRequests(ConsumerNetworkClient.java:428)
	at org.apache.kafka.clients.consumer.internals.ConsumerNetworkClient.poll(ConsumerNetworkClient.java:313)
	at org.apache.kafka.clients.consumer.internals.ConsumerNetworkClient.poll(ConsumerNetworkClient.java:231)
	at org.apache.kafka.clients.consumer.internals.AbstractCoordinator.ensureCoordinatorReady(AbstractCoordinator.java:289)
	at org.apache.kafka.clients.consumer.internals.AbstractCoordinator.ensureCoordinatorReady(AbstractCoordinator.java:263)
	at org.apache.kafka.clients.consumer.internals.ConsumerCoordinator.coordinatorUnknownAndUnreadySync(ConsumerCoordinator.java:450)
	at org.apache.kafka.clients.consumer.internals.ConsumerCoordinator.poll(ConsumerCoordinator.java:482)
	at org.apache.kafka.clients.consumer.internals.LegacyKafkaConsumer.updateAssignmentMetadataIfNeeded(LegacyKafkaConsumer.java:652)
	at org.apache.kafka.clients.consumer.internals.LegacyKafkaConsumer.poll(LegacyKafkaConsumer.java:611)
	at org.apache.kafka.clients.consumer.internals.LegacyKafkaConsumer.poll(LegacyKafkaConsumer.java:591)
	at org.apache.kafka.clients.consumer.KafkaConsumer.poll(KafkaConsumer.java:874)
	at org.springframework.kafka.listener.KafkaMessageListenerContainer$ListenerConsumer.pollConsumer(KafkaMessageListenerContainer.java:1692)
	at org.springframework.kafka.listener.KafkaMessageListenerContainer$ListenerConsumer.doPoll(KafkaMessageListenerContainer.java:1667)
	at org.springframework.kafka.listener.KafkaMessageListenerContainer$ListenerConsumer.pollAndInvoke(KafkaMessageListenerContainer.java:1445)
	at org.springframework.kafka.listener.KafkaMessageListenerContainer$ListenerConsumer.run(KafkaMessageListenerContainer.java:1335)
	at java.base/java.util.concurrent.CompletableFuture$AsyncRun.run(CompletableFuture.java:1804)
	at java.base/java.lang.Thread.run(Thread.java:842)
2025-04-22 23:45:42-940 [org.springframework.kafka.KafkaListenerEndpointContainer#0-0-C-1] INFO  o.a.k.c.c.i.ConsumerCoordinator - [Consumer clientId=consumer-user_group-1, groupId=user_group] (Re-)joining group 
2025-04-22 23:45:42-949 [org.springframework.kafka.KafkaListenerEndpointContainer#0-0-C-1] WARN  o.apache.kafka.clients.NetworkClient - [Consumer clientId=consumer-user_group-1, groupId=user_group] Error connecting to node kafka:9092 (id: 2147482646 rack: null) 
java.net.UnknownHostException: kafka
	at java.base/java.net.InetAddress$CachedAddresses.get(InetAddress.java:801)
	at java.base/java.net.InetAddress.getAllByName0(InetAddress.java:1532)
	at java.base/java.net.InetAddress.getAllByName(InetAddress.java:1384)
	at java.base/java.net.InetAddress.getAllByName(InetAddress.java:1305)
	at org.apache.kafka.clients.DefaultHostResolver.resolve(DefaultHostResolver.java:27)
	at org.apache.kafka.clients.ClientUtils.resolve(ClientUtils.java:124)
	at org.apache.kafka.clients.ClusterConnectionStates$NodeConnectionState.resolveAddresses(ClusterConnectionStates.java:536)
	at org.apache.kafka.clients.ClusterConnectionStates$NodeConnectionState.currentAddress(ClusterConnectionStates.java:511)
	at org.apache.kafka.clients.ClusterConnectionStates$NodeConnectionState.access$200(ClusterConnectionStates.java:466)
	at org.apache.kafka.clients.ClusterConnectionStates.currentAddress(ClusterConnectionStates.java:173)
	at org.apache.kafka.clients.NetworkClient.initiateConnect(NetworkClient.java:1070)
	at org.apache.kafka.clients.NetworkClient.ready(NetworkClient.java:320)
	at org.apache.kafka.clients.consumer.internals.ConsumerNetworkClient.trySend(ConsumerNetworkClient.java:514)
	at org.apache.kafka.clients.consumer.internals.ConsumerNetworkClient.poll(ConsumerNetworkClient.java:271)
	at org.apache.kafka.clients.consumer.internals.ConsumerNetworkClient.poll(ConsumerNetworkClient.java:231)
	at org.apache.kafka.clients.consumer.internals.ConsumerNetworkClient.poll(ConsumerNetworkClient.java:215)
	at org.apache.kafka.clients.consumer.internals.AbstractCoordinator.joinGroupIfNeeded(AbstractCoordinator.java:480)
	at org.apache.kafka.clients.consumer.internals.AbstractCoordinator.ensureActiveGroup(AbstractCoordinator.java:414)
	at org.apache.kafka.clients.consumer.internals.ConsumerCoordinator.poll(ConsumerCoordinator.java:510)
	at org.apache.kafka.clients.consumer.internals.LegacyKafkaConsumer.updateAssignmentMetadataIfNeeded(LegacyKafkaConsumer.java:652)
	at org.apache.kafka.clients.consumer.internals.LegacyKafkaConsumer.poll(LegacyKafkaConsumer.java:611)
	at org.apache.kafka.clients.consumer.internals.LegacyKafkaConsumer.poll(LegacyKafkaConsumer.java:591)
	at org.apache.kafka.clients.consumer.KafkaConsumer.poll(KafkaConsumer.java:874)
	at org.springframework.kafka.listener.KafkaMessageListenerContainer$ListenerConsumer.pollConsumer(KafkaMessageListenerContainer.java:1692)
	at org.springframework.kafka.listener.KafkaMessageListenerContainer$ListenerConsumer.doPoll(KafkaMessageListenerContainer.java:1667)
	at org.springframework.kafka.listener.KafkaMessageListenerContainer$ListenerConsumer.pollAndInvoke(KafkaMessageListenerContainer.java:1445)
	at org.springframework.kafka.listener.KafkaMessageListenerContainer$ListenerConsumer.run(KafkaMessageListenerContainer.java:1335)
	at java.base/java.util.concurrent.CompletableFuture$AsyncRun.run(CompletableFuture.java:1804)
	at java.base/java.lang.Thread.run(Thread.java:842)
2025-04-22 23:45:42-951 [org.springframework.kafka.KafkaListenerEndpointContainer#0-0-C-1] INFO  o.a.k.c.c.i.ConsumerCoordinator - [Consumer clientId=consumer-user_group-1, groupId=user_group] Group coordinator kafka:9092 (id: 2147482646 rack: null) is unavailable or invalid due to cause: coordinator unavailable. isDisconnected: true. Rediscovery will be attempted. 
2025-04-22 23:45:42-951 [org.springframework.kafka.KafkaListenerEndpointContainer#0-0-C-1] INFO  o.a.k.c.c.i.ConsumerCoordinator - [Consumer clientId=consumer-user_group-1, groupId=user_group] Resetting generation and member id due to: consumer pro-actively leaving the group 
2025-04-22 23:45:42-951 [org.springframework.kafka.KafkaListenerEndpointContainer#0-0-C-1] INFO  o.a.k.c.c.i.ConsumerCoordinator - [Consumer clientId=consumer-user_group-1, groupId=user_group] Request joining group due to: consumer pro-actively leaving the group 
2025-04-22 23:45:42-951 [org.springframework.kafka.KafkaListenerEndpointContainer#0-0-C-1] INFO  o.a.k.c.c.i.LegacyKafkaConsumer - [Consumer clientId=consumer-user_group-1, groupId=user_group] Unsubscribed all topics or patterns and assigned partitions 
2025-04-22 23:45:42-953 [org.springframework.kafka.KafkaListenerEndpointContainer#0-0-C-1] INFO  o.a.k.c.c.i.ConsumerCoordinator - [Consumer clientId=consumer-user_group-1, groupId=user_group] Resetting generation and member id due to: consumer pro-actively leaving the group 
2025-04-22 23:45:42-953 [org.springframework.kafka.KafkaListenerEndpointContainer#0-0-C-1] INFO  o.a.k.c.c.i.ConsumerCoordinator - [Consumer clientId=consumer-user_group-1, groupId=user_group] Request joining group due to: consumer pro-actively leaving the group 
2025-04-22 23:45:42-958 [org.springframework.kafka.KafkaListenerEndpointContainer#0-0-C-1] INFO  o.a.kafka.common.metrics.Metrics - Metrics scheduler closed 
2025-04-22 23:45:42-958 [org.springframework.kafka.KafkaListenerEndpointContainer#0-0-C-1] INFO  o.a.kafka.common.metrics.Metrics - Closing reporter org.apache.kafka.common.metrics.JmxReporter 
2025-04-22 23:45:42-958 [org.springframework.kafka.KafkaListenerEndpointContainer#0-0-C-1] INFO  o.a.kafka.common.metrics.Metrics - Closing reporter org.apache.kafka.common.telemetry.internals.ClientTelemetryReporter 
2025-04-22 23:45:42-959 [org.springframework.kafka.KafkaListenerEndpointContainer#0-0-C-1] INFO  o.a.kafka.common.metrics.Metrics - Metrics reporters closed 
2025-04-22 23:45:42-966 [org.springframework.kafka.KafkaListenerEndpointContainer#0-0-C-1] INFO  o.a.kafka.common.utils.AppInfoParser - App info kafka.consumer for consumer-user_group-1 unregistered 
2025-04-22 23:45:42-968 [org.springframework.kafka.KafkaListenerEndpointContainer#0-0-C-1] INFO  o.s.k.l.KafkaMessageListenerContainer - user_group: Consumer stopped 
2025-04-22 23:45:45-079 [SpringApplicationShutdownHook] INFO  c.netflix.discovery.DiscoveryClient - Shutting down DiscoveryClient ... 
2025-04-22 23:45:48-083 [SpringApplicationShutdownHook] INFO  c.netflix.discovery.DiscoveryClient - Unregistering ... 
2025-04-22 23:45:48-102 [SpringApplicationShutdownHook] INFO  c.netflix.discovery.DiscoveryClient - DiscoveryClient_USERS-SERVICE-API/users-service-api:9191 - deregister  status: 200 
2025-04-22 23:45:48-103 [SpringApplicationShutdownHook] INFO  c.netflix.discovery.DiscoveryClient - Completed shut down of DiscoveryClient 
